program_id,target_id,symbol,ensembl_id,first_trial_date,pinned_date,approved,rt_ot_overall_max,pd_ot_overall_max,rt_ot_genetic_max,pd_ot_genetic_max,rt_ot_animal_model_max,pd_ot_animal_model_max,source,rt_impc_n_phenotypes,pd_impc_n_phenotypes,rt_depmap_pan_essential,pd_depmap_pan_essential
78477,19457,EPHB3,ENSG00000182580,2021-08-23,2021-06-01,True,0.61203788962518,0.6513434848049451,0.510505513014342,0.7325884904005555,,,OpenTargets,,,,
93316,5455,CRLS1,ENSG00000088766,2022-04-29,2021-06-01,True,0.3190929415670326,0.3872640259155422,0.4445003618759268,0.63701991647238,,,OpenTargets,,,,
93312,5455,CRLS1,ENSG00000088766,2022-04-29,2021-06-01,True,0.3190929415670326,0.3872640259155422,0.4445003618759268,0.63701991647238,,,OpenTargets,,,,
93313,5455,CRLS1,ENSG00000088766,2022-04-29,2021-06-01,True,0.3190929415670326,0.3872640259155422,0.4445003618759268,0.63701991647238,,,OpenTargets,,,,
93314,5455,CRLS1,ENSG00000088766,2022-04-29,2021-06-01,True,0.3190929415670326,0.3872640259155422,0.4445003618759268,0.63701991647238,,,OpenTargets,,,,
93315,5455,CRLS1,ENSG00000088766,2022-04-29,2021-06-01,True,0.3190929415670326,0.3872640259155422,0.4445003618759268,0.63701991647238,,,OpenTargets,,,,
93319,5455,CRLS1,ENSG00000088766,2022-04-29,2021-06-01,True,0.3190929415670326,0.3872640259155422,0.4445003618759268,0.63701991647238,,,OpenTargets,,,,
93317,5455,CRLS1,ENSG00000088766,2022-04-29,2021-06-01,True,0.3190929415670326,0.3872640259155422,0.4445003618759268,0.63701991647238,,,OpenTargets,,,,
93318,5455,CRLS1,ENSG00000088766,2022-04-29,2021-06-01,True,0.3190929415670326,0.3872640259155422,0.4445003618759268,0.63701991647238,,,OpenTargets,,,,
112297,6284,TACR1,ENSG00000115353,2023-11-08,2023-06-01,True,0.6795786605917916,0.6738868323477306,0.6415536086496044,0.8556589833793722,0.5565403808535188,0.6036773928991648,OpenTargets,,,,
131536,106,APOC3,ENSG00000110245,2021-12-14,2021-06-01,True,0.6511104369933873,0.7553001827197298,0.7585611611586147,0.9929274522565812,0.7140512811353183,0.7414728537289352,OpenTargets,,,,
110576,106,APOC3,ENSG00000110245,2023-07-10,2023-06-01,True,0.7092728331130339,0.7553001827197298,0.93171844134229,0.9929274522565812,0.634356603663467,0.7414728537289352,OpenTargets,,,,
81924,2069,BTK,ENSG00000010671,2021-09-09,2021-06-01,True,0.9088789567261404,0.9122260834513264,0.9566655446976456,0.953277683694434,0.7837535439736386,0.8088626493883266,OpenTargets,,,,
111492,2069,BTK,ENSG00000010671,2021-11-24,2021-06-01,True,0.9088789567261404,0.9122260834513264,0.9566655446976456,0.953277683694434,0.7837535439736386,0.8088626493883266,OpenTargets,,,,
137668,3154,ROS1,ENSG00000047936,2021-06-01,2021-06-01,False,0.794786982686818,0.8292071330648992,0.7119006714710349,0.6885169486285011,0.9094661936486752,0.9393065461796852,OpenTargets,,,,
113888,6284,TACR1,ENSG00000115353,2025-02-25,2024-06-01,True,0.6804345979586168,0.6738868323477306,0.6415536086659269,0.8556589833793722,0.5407018271000342,0.6036773928991648,OpenTargets,,,,
141444,1420,CFD,ENSG00000197766,2021-08-23,2021-06-01,True,0.700876338822632,0.7646245773242832,0.7882934859566882,0.9454955510479032,0.7334397610615159,0.7293907704377017,OpenTargets,,,,
115752,106,APOC3,ENSG00000110245,2022-11-21,2022-06-01,True,0.7090101249939698,0.7553001827197298,0.931985670783084,0.9929274522565812,0.7179652155292818,0.7414728537289352,OpenTargets,,,,
113828,106,APOC3,ENSG00000110245,2022-05-09,2021-06-01,True,0.6511104369933873,0.7553001827197298,0.7585611611586147,0.9929274522565812,0.7140512811353183,0.7414728537289352,OpenTargets,,,,
113829,106,APOC3,ENSG00000110245,2022-05-09,2021-06-01,True,0.6511104369933873,0.7553001827197298,0.7585611611586147,0.9929274522565812,0.7140512811353183,0.7414728537289352,OpenTargets,,,,
115753,106,APOC3,ENSG00000110245,2022-11-21,2022-06-01,True,0.7090101249939698,0.7553001827197298,0.931985670783084,0.9929274522565812,0.7179652155292818,0.7414728537289352,OpenTargets,,,,
114113,2751,PTH1R,ENSG00000160801,2021-07-28,2021-06-01,False,0.8903994151166238,0.8948477576280992,0.9398103093647916,0.9475125104888114,0.6007344783689222,0.5945306891164875,OpenTargets,,,,
114111,2751,PTH1R,ENSG00000160801,2021-07-28,2021-06-01,False,0.8903994151166238,0.8948477576280992,0.9398103093647916,0.9475125104888114,0.6007344783689222,0.5945306891164875,OpenTargets,,,,
114112,2751,PTH1R,ENSG00000160801,2021-07-28,2021-06-01,False,0.8903994151166238,0.8948477576280992,0.9398103093647916,0.9475125104888114,0.6007344783689222,0.5945306891164875,OpenTargets,,,,
114110,2751,PTH1R,ENSG00000160801,2021-07-28,2021-06-01,False,0.8903994151166238,0.8948477576280992,0.9398103093647916,0.9475125104888114,0.6007344783689222,0.5945306891164875,OpenTargets,,,,
151195,1419,PDCD1,ENSG00000188389,2023-09-15,2023-06-01,True,0.6877338155170569,0.7251920723799639,0.607930797611621,0.751057115284062,0.7780875841714464,0.7833366779801975,OpenTargets,,,,
141263,1419,PDCD1,ENSG00000188389,2021-11-15,2021-06-01,True,0.6955501924865828,0.7251920723799639,0.607930797611621,0.751057115284062,0.7225052460068032,0.7833366779801975,OpenTargets,,,,
98884,247,C5,ENSG00000106804,2022-09-26,2022-06-01,True,0.8044299547382652,0.8237237271626505,0.8865919043105478,0.8953208148936364,0.9586094025666684,0.9301833215768536,OpenTargets,,,,
98885,247,C5,ENSG00000106804,2022-09-26,2022-06-01,True,0.8044299547382652,0.8237237271626505,0.8865919043105478,0.8953208148936364,0.9586094025666684,0.9301833215768536,OpenTargets,,,,
114107,17900,TNFRSF17,ENSG00000048462,2021-12-21,2021-06-01,True,0.7208721075438249,0.7830209415714936,0.3404152494843319,0.84417885289746,0.5599631401950802,0.8397892547171738,OpenTargets,,,,
114106,17900,TNFRSF17,ENSG00000048462,2021-12-21,2021-06-01,True,0.7208721075438249,0.7830209415714936,0.3404152494843319,0.84417885289746,0.5599631401950802,0.8397892547171738,OpenTargets,,,,
114105,17900,TNFRSF17,ENSG00000048462,2021-12-21,2021-06-01,True,0.7208721075438249,0.7830209415714936,0.3404152494843319,0.84417885289746,0.5599631401950802,0.8397892547171738,OpenTargets,,,,
114109,17900,TNFRSF17,ENSG00000048462,2021-12-21,2021-06-01,True,0.7208721075438249,0.7830209415714936,0.3404152494843319,0.84417885289746,0.5599631401950802,0.8397892547171738,OpenTargets,,,,
114108,17900,TNFRSF17,ENSG00000048462,2021-12-21,2021-06-01,True,0.7208721075438249,0.7830209415714936,0.3404152494843319,0.84417885289746,0.5599631401950802,0.8397892547171738,OpenTargets,,,,
114104,17900,TNFRSF17,ENSG00000048462,2021-12-21,2021-06-01,True,0.7208721075438249,0.7830209415714936,0.3404152494843319,0.84417885289746,0.5599631401950802,0.8397892547171738,OpenTargets,,,,
114100,17900,TNFRSF17,ENSG00000048462,2021-12-21,2021-06-01,True,0.7208721075438249,0.7830209415714936,0.3404152494843319,0.84417885289746,0.5599631401950802,0.8397892547171738,OpenTargets,,,,
114101,17900,TNFRSF17,ENSG00000048462,2021-12-21,2021-06-01,True,0.7208721075438249,0.7830209415714936,0.3404152494843319,0.84417885289746,0.5599631401950802,0.8397892547171738,OpenTargets,,,,
114102,17900,TNFRSF17,ENSG00000048462,2021-12-21,2021-06-01,True,0.7208721075438249,0.7830209415714936,0.3404152494843319,0.84417885289746,0.5599631401950802,0.8397892547171738,OpenTargets,,,,
114103,17900,TNFRSF17,ENSG00000048462,2021-12-21,2021-06-01,True,0.7208721075438249,0.7830209415714936,0.3404152494843319,0.84417885289746,0.5599631401950802,0.8397892547171738,OpenTargets,,,,
78316,20968,FNTA,ENSG00000168522,2023-04-24,2022-06-01,True,0.5900818752898301,0.6170731475282412,0.1246384338050749,0.7178529271286254,0.8649158193991014,0.8518400758226715,OpenTargets,,,,
106625,7060,XCL1,ENSG00000143184,2022-10-23,2022-06-01,True,0.3167658097653399,0.5011945712608057,0.4530392572717528,0.8181486915881444,0.624059049631572,0.6252637277742418,OpenTargets,,,,
127567,1155,IL23A,ENSG00000110944,2023-05-17,2022-06-01,True,0.6545462725833202,0.6672556608937575,0.2810275077901077,0.4088823506744731,0.9070585522914334,0.9061722540985108,OpenTargets,,,,
115776,6934,NCSTN,ENSG00000162736,2022-08-30,2022-06-01,True,0.6897185255675784,0.759512388203898,0.8060666106291228,0.8430622632127928,,,OpenTargets,,,,
115777,6934,NCSTN,ENSG00000162736,2022-08-30,2022-06-01,True,0.6897185255675784,0.759512388203898,0.8060666106291228,0.8430622632127928,,,OpenTargets,,,,
115775,6934,NCSTN,ENSG00000162736,2022-08-30,2022-06-01,True,0.6897185255675784,0.759512388203898,0.8060666106291228,0.8430622632127928,,,OpenTargets,,,,
85124,17728,RARG,ENSG00000172819,2022-03-14,2021-06-01,True,0.6747812169219016,0.6955041013119121,0.3969696719588544,0.7647383937631944,0.7855986233119273,0.8795181296362964,OpenTargets,,,,
149587,2069,BTK,ENSG00000010671,2024-05-01,2023-06-01,True,0.914297925720107,0.9122260834513264,0.9631558073252524,0.953277683694434,0.8099676913071499,0.8088626493883266,OpenTargets,,,,
151461,2069,BTK,ENSG00000010671,2025-06-30,2025-06-01,True,0.9122260834513264,0.9122260834513264,0.953277683694434,0.953277683694434,0.8088626493883266,0.8088626493883266,OpenTargets,,,,
149586,2069,BTK,ENSG00000010671,2024-05-01,2023-06-01,True,0.914297925720107,0.9122260834513264,0.9631558073252524,0.953277683694434,0.8099676913071499,0.8088626493883266,OpenTargets,,,,
151462,2069,BTK,ENSG00000010671,2025-06-30,2025-06-01,True,0.9122260834513264,0.9122260834513264,0.953277683694434,0.953277683694434,0.8088626493883266,0.8088626493883266,OpenTargets,,,,
141513,1419,PDCD1,ENSG00000188389,2022-01-14,2021-06-01,True,0.6955501924865828,0.7251920723799639,0.607930797611621,0.751057115284062,0.7225052460068032,0.7833366779801975,OpenTargets,,,,
112259,5349,NIF3L1,ENSG00000196290,2022-12-21,2022-06-01,True,0.0877598797402964,0.323614372012808,0.1443583382929091,0.532321068918029,,,OpenTargets,,,,
135141,5349,NIF3L1,ENSG00000196290,2021-09-27,2021-06-01,True,0.0425101440274166,0.323614372012808,0.0699259589980082,0.532321068918029,,,OpenTargets,,,,
152367,17414,GPRC5D,ENSG00000111291,2022-10-20,2022-06-01,True,0.2535318246071716,0.5142573657585404,0.4170406000209605,0.4660273681554243,,,OpenTargets,,,,
150655,17670,GM2A,ENSG00000196743,2024-12-20,2024-06-01,True,0.8644776867311295,0.8675902102468058,0.91497474531884,0.9219116529108036,0.6062575602797813,0.5635144470906931,OpenTargets,,,,
127264,17670,GM2A,ENSG00000196743,2021-12-08,2021-06-01,True,0.7889874278480804,0.8675902102468058,0.8681464141415796,0.9219116529108036,0.4520496310645483,0.5635144470906931,OpenTargets,,,,
127263,17670,GM2A,ENSG00000196743,2021-12-08,2021-06-01,True,0.7889874278480804,0.8675902102468058,0.8681464141415796,0.9219116529108036,0.4520496310645483,0.5635144470906931,OpenTargets,,,,
117887,2793,NR3C2,ENSG00000151623,2022-07-07,2022-06-01,True,0.8821897903605671,0.8748708915930852,0.927776293098145,0.952937590082964,0.6102107758110897,0.5974399632073681,OpenTargets,,,,
101097,6605,IGKV2D-26,ENSG00000211623,2023-08-28,2023-06-01,True,0.0123378866367552,0.0172551904735455,,,,,OpenTargets,,,,
131139,4179,MYL4,ENSG00000198336,2022-08-19,2022-06-01,True,0.6816858735537721,0.7733483789181772,0.7950259416689238,0.8131661033489758,0.7875079878803032,0.6807416308087987,OpenTargets,,,,
94797,4179,MYL4,ENSG00000198336,2022-12-14,2022-06-01,True,0.6816858735537721,0.7733483789181772,0.7950259416689238,0.8131661033489758,0.7875079878803032,0.6807416308087987,OpenTargets,,,,
88158,5212,SMPD1,ENSG00000166311,2021-11-18,2021-06-01,True,0.8552397517087006,0.8970087817382509,0.9576984417496208,0.9697559962195154,0.4918486123113094,0.5164062750877442,OpenTargets,,,,
115640,1345,AHR,ENSG00000106546,2024-12-17,2024-06-01,False,0.7403479025534878,0.747411950879184,0.7522132393257998,0.9282435702294424,0.7550343364214371,0.7564050300765179,OpenTargets,,,,
104512,1342,GIP,ENSG00000159224,2022-06-21,2022-06-01,True,0.3267292555298557,0.4887774263917265,0.5368368849831938,0.7940656567419181,,0.4502929570596664,OpenTargets,,,,
150648,1679,ROCK2,ENSG00000134318,2025-06-16,2025-06-01,True,0.6021423146052332,0.6021423146052332,0.8235642601390685,0.8235642601390685,0.5429055915349845,0.5429055915349845,OpenTargets,,,,
152838,19782,GCGR,ENSG00000215644,2023-12-29,2023-06-01,True,0.7524553323801484,0.7900053534638549,0.7509404384417788,0.787353901980677,0.6648358359054957,0.6650172887446364,OpenTargets,,,,
92929,19782,GCGR,ENSG00000215644,2023-05-09,2022-06-01,True,0.7516319810691181,0.7900053534638549,0.7447152270742358,0.787353901980677,0.6603531471093363,0.6650172887446364,OpenTargets,,,,
152773,17670,GM2A,ENSG00000196743,2023-11-01,2023-06-01,False,0.8637406216930016,0.8675902102468058,0.914557862848065,0.9219116529108036,0.596756689945431,0.5635144470906931,OpenTargets,,,,
152771,17670,GM2A,ENSG00000196743,2023-11-01,2023-06-01,False,0.8637406216930016,0.8675902102468058,0.914557862848065,0.9219116529108036,0.596756689945431,0.5635144470906931,OpenTargets,,,,
152772,17670,GM2A,ENSG00000196743,2023-11-01,2023-06-01,False,0.8637406216930016,0.8675902102468058,0.914557862848065,0.9219116529108036,0.596756689945431,0.5635144470906931,OpenTargets,,,,
145398,5349,NIF3L1,ENSG00000196290,2023-06-20,2023-06-01,False,0.1844852730491877,0.323614372012808,0.2996646981418299,0.532321068918029,,,OpenTargets,,,,
108414,5915,GSC,ENSG00000133937,2022-05-01,2021-06-01,True,0.6958917647873071,0.7479215321699264,0.7861583143748329,0.8440119745916407,0.6060308659167919,0.6305156197832277,OpenTargets,,,,
133019,4,PCSK9,ENSG00000169174,2021-06-24,2021-06-01,True,0.868997996717946,0.8977764419471097,0.8955229536054545,0.99696634963722,0.7197362070889645,0.7152743289872691,OpenTargets,,,,
78339,4,PCSK9,ENSG00000169174,2023-03-15,2022-06-01,True,0.8947418446650901,0.8977764419471097,0.963268035466302,0.99696634963722,0.7163495582368772,0.7152743289872691,OpenTargets,,,,
97020,4,PCSK9,ENSG00000169174,2021-07-07,2021-06-01,True,0.868997996717946,0.8977764419471097,0.8955229536054545,0.99696634963722,0.7197362070889645,0.7152743289872691,OpenTargets,,,,
97019,4,PCSK9,ENSG00000169174,2021-07-07,2021-06-01,True,0.868997996717946,0.8977764419471097,0.8955229536054545,0.99696634963722,0.7197362070889645,0.7152743289872691,OpenTargets,,,,
120269,4,PCSK9,ENSG00000169174,2023-07-11,2023-06-01,True,0.8942971879457294,0.8977764419471097,0.9576723286035926,0.99696634963722,0.6834843208864647,0.7152743289872691,OpenTargets,,,,
135300,1849,FGFR2,ENSG00000066468,2023-10-19,2023-06-01,True,0.9341455420624406,0.9320016036363752,0.9855349019527206,0.9845222042956784,0.7661606811060285,0.7584396945786575,OpenTargets,,,,
135299,1849,FGFR2,ENSG00000066468,2023-10-19,2023-06-01,True,0.9341455420624406,0.9320016036363752,0.9855349019527206,0.9845222042956784,0.7661606811060285,0.7584396945786575,OpenTargets,,,,
104481,3795,CD44,ENSG00000026508,2023-01-16,2022-06-01,False,0.6623986645750287,0.6624591565160189,0.818561968570064,0.91668647744136,0.8957932292551933,0.8970416987827905,OpenTargets,,,,
110343,27757,ANKRD10-IT1,ENSG00000229152,2022-01-18,2021-06-01,True,0.0210387637816875,0.0210387637816875,,,,,OpenTargets,,,,
114201,1845,PRKAR2B,ENSG00000005249,2021-11-12,2021-06-01,True,0.4205464059573423,0.5465815511622798,0.6917669044067907,0.899085148029407,0.5949379655093326,0.6036773928991648,OpenTargets,,,,
78441,1845,PRKAR2B,ENSG00000005249,2022-10-20,2022-06-01,True,0.414892827332364,0.5465815511622798,0.6824671968624625,0.899085148029407,0.6239027945876052,0.6036773928991648,OpenTargets,,,,
147883,4452,CTSC,ENSG00000109861,2024-12-16,2024-06-01,True,0.8742118033972922,0.8812137729403199,0.9609456586450172,0.962807568799977,0.5833205665742665,0.58617151010824,OpenTargets,,,,
111333,4452,CTSC,ENSG00000109861,2023-10-30,2023-06-01,True,0.8739962751225205,0.8812137729403199,0.9605648648486114,0.962807568799977,0.5678788219099493,0.58617151010824,OpenTargets,,,,
88853,5590,SCN10A,ENSG00000185313,2023-01-09,2022-06-01,True,0.8503059185033025,0.8517717279374452,0.8468879251236688,0.940668996208898,0.4219269816515335,0.4594295073581791,OpenTargets,,,,
78938,5590,SCN10A,ENSG00000185313,2024-12-19,2024-06-01,True,0.8393011335250654,0.8517717279374452,0.8212714802262409,0.940668996208898,0.4601009805460194,0.4594295073581791,OpenTargets,,,,
149726,1369,TTR,ENSG00000118271,2021-09-08,2021-06-01,True,0.8986378948907818,0.9058141385534488,0.9628344423805149,0.9577598051527522,0.8719775739480161,0.9151715216476548,OpenTargets,,,,
150082,247,C5,ENSG00000106804,2022-11-30,2022-06-01,True,0.8044299547382652,0.8237237271626505,0.8865919043105478,0.8953208148936364,0.9586094025666684,0.9301833215768536,OpenTargets,,,,
100015,247,C5,ENSG00000106804,2022-03-09,2021-06-01,True,0.7708942097182798,0.8237237271626505,0.8059837094083941,0.8953208148936364,0.950248880074487,0.9301833215768536,OpenTargets,,,,
111207,3754,APP,ENSG00000142192,2021-11-16,2021-06-01,True,0.8891655535310058,0.887682674116763,0.9666314383032116,0.9509551959277251,0.7352330842510291,0.8106777432904124,OpenTargets,,,,
133586,137,PPARA,ENSG00000186951,2024-07-09,2024-06-01,True,0.6535937240761884,0.6835610196826982,0.7024381554459344,0.8880995779613514,0.7721428475022274,0.7626571204442231,OpenTargets,,,,
81074,1274,IL13,ENSG00000169194,2021-12-23,2021-06-01,True,0.580379145926465,0.7287973168756399,0.7318674224901097,0.9599197396113002,0.6889093415076766,0.7372788046638076,OpenTargets,,,,
111597,1274,IL13,ENSG00000169194,2021-12-23,2021-06-01,True,0.580379145926465,0.7287973168756399,0.7318674224901097,0.9599197396113002,0.6889093415076766,0.7372788046638076,OpenTargets,,,,
81073,1274,IL13,ENSG00000169194,2023-05-23,2022-06-01,True,0.565089929174821,0.7287973168756399,0.6944675315625335,0.9599197396113002,0.7375550359888822,0.7372788046638076,OpenTargets,,,,
109180,7179,IL31RA,ENSG00000164509,2022-04-20,2021-06-01,True,0.5995126285264197,0.5766420130094437,0.7146288559679465,0.8606030356667008,0.708349376006516,0.7143925450972062,OpenTargets,,,,
102929,106,APOC3,ENSG00000110245,2021-10-25,2021-06-01,True,0.6511104369933873,0.7553001827197298,0.7585611611586147,0.9929274522565812,0.7140512811353183,0.7414728537289352,OpenTargets,,,,
81766,6027,INHBA,ENSG00000122641,2023-05-10,2022-06-01,True,0.4513165869803831,0.5768811741333515,0.7201794195458063,0.9173815541112064,0.6630870937676367,0.6403493649905686,OpenTargets,,,,
86869,1419,PDCD1,ENSG00000188389,2022-01-26,2021-06-01,True,0.6955501924865828,0.7251920723799639,0.607930797611621,0.751057115284062,0.7225052460068032,0.7833366779801975,OpenTargets,,,,
122210,1419,PDCD1,ENSG00000188389,2021-07-15,2021-06-01,True,0.6955501924865828,0.7251920723799639,0.607930797611621,0.751057115284062,0.7225052460068032,0.7833366779801975,OpenTargets,,,,
136493,1419,PDCD1,ENSG00000188389,2021-07-27,2021-06-01,True,0.6955501924865828,0.7251920723799639,0.607930797611621,0.751057115284062,0.7225052460068032,0.7833366779801975,OpenTargets,,,,
152895,1419,PDCD1,ENSG00000188389,2023-07-28,2023-06-01,True,0.6877338155170569,0.7251920723799639,0.607930797611621,0.751057115284062,0.7780875841714464,0.7833366779801975,OpenTargets,,,,
84557,1419,PDCD1,ENSG00000188389,2021-08-17,2021-06-01,True,0.6955501924865828,0.7251920723799639,0.607930797611621,0.751057115284062,0.7225052460068032,0.7833366779801975,OpenTargets,,,,
127857,1419,PDCD1,ENSG00000188389,2022-10-26,2022-06-01,True,0.7086087325482087,0.7251920723799639,0.607930797611621,0.751057115284062,0.7774609787057756,0.7833366779801975,OpenTargets,,,,
136341,4876,BRAF,ENSG00000157764,2021-07-15,2021-06-01,True,0.9326868742247548,0.9307571013076248,0.9642614344121616,0.9637846093079044,0.6807319198725809,0.6774953899991558,OpenTargets,,,,
136342,4876,BRAF,ENSG00000157764,2021-07-15,2021-06-01,True,0.9326868742247548,0.9307571013076248,0.9642614344121616,0.9637846093079044,0.6807319198725809,0.6774953899991558,OpenTargets,,,,
136339,4876,BRAF,ENSG00000157764,2021-07-15,2021-06-01,True,0.9326868742247548,0.9307571013076248,0.9642614344121616,0.9637846093079044,0.6807319198725809,0.6774953899991558,OpenTargets,,,,
136340,4876,BRAF,ENSG00000157764,2021-07-15,2021-06-01,True,0.9326868742247548,0.9307571013076248,0.9642614344121616,0.9637846093079044,0.6807319198725809,0.6774953899991558,OpenTargets,,,,
149765,4188,EGLN1,ENSG00000135766,2025-01-01,2024-06-01,True,0.752838565757615,0.7524295671347999,0.8544711783674062,0.9109085879779272,0.8262337859719315,0.8264099075901362,OpenTargets,,,,
146647,1350,ERBB2,ENSG00000141736,2022-11-17,2022-06-01,False,0.9207886343698578,0.9255452080541824,0.9017798143868084,0.97182053652517,0.8954261725491288,0.6327447961397467,OpenTargets,,,,
146648,1350,ERBB2,ENSG00000141736,2022-11-17,2022-06-01,False,0.9207886343698578,0.9255452080541824,0.9017798143868084,0.97182053652517,0.8954261725491288,0.6327447961397467,OpenTargets,,,,
117200,28035,CSTP1,ENSG00000228476,2021-11-03,2021-06-01,True,0.0967796206798292,0.0914962686578671,,,,,OpenTargets,,,,
130079,4743,AQP5,ENSG00000161798,2021-11-08,2021-06-01,True,0.7590371626414779,0.7785358316324695,0.8498519845394724,0.855602955416396,,0.4684422313060029,OpenTargets,,,,
144802,20968,FNTA,ENSG00000168522,2021-12-21,2021-06-01,True,0.5045487581819715,0.6170731475282412,0.1336828800418095,0.7178529271286254,0.4760325106130101,0.8518400758226715,OpenTargets,,,,
144801,20968,FNTA,ENSG00000168522,2021-12-21,2021-06-01,True,0.5045487581819715,0.6170731475282412,0.1336828800418095,0.7178529271286254,0.4760325106130101,0.8518400758226715,OpenTargets,,,,
82766,247,C5,ENSG00000106804,2021-07-08,2021-06-01,True,0.7708942097182798,0.8237237271626505,0.8059837094083941,0.8953208148936364,0.950248880074487,0.9301833215768536,OpenTargets,,,,
111322,17670,GM2A,ENSG00000196743,2022-09-09,2022-06-01,True,0.8270311108973804,0.8675902102468058,0.910420590032374,0.9219116529108036,0.4568699696252034,0.5635144470906931,OpenTargets,,,,
84850,247,C5,ENSG00000106804,2024-08-27,2024-06-01,True,0.8089751132771593,0.8237237271626505,0.8867770735301577,0.8953208148936364,0.9314595526529356,0.9301833215768536,OpenTargets,,,,
124512,6605,IGKV2D-26,ENSG00000211623,2024-12-04,2024-06-01,True,0.0172074423728272,0.0172551904735455,,,,,OpenTargets,,,,
85223,1822,SNAP25,ENSG00000132639,2024-04-08,2023-06-01,False,0.8355859895151105,0.7576891104643566,0.8164314232238572,0.8158786229599959,0.8299745393069601,0.8875300789913242,OpenTargets,,,,
127955,2258,TYK2,ENSG00000105397,2025-07-09,2025-06-01,True,0.8708920722947889,0.8708920722947889,0.9589884940155766,0.9589884940155766,0.7431870754279564,0.7431870754279564,OpenTargets,,,,
131765,4179,MYL4,ENSG00000198336,2022-01-04,2021-06-01,True,0.6256874191417832,0.7733483789181772,0.7157619498614431,0.8131661033489758,0.406372186011818,0.6807416308087987,OpenTargets,,,,
100034,1342,GIP,ENSG00000159224,2024-11-05,2024-06-01,True,0.3313134176408746,0.4887774263917265,0.5388892194210668,0.7940656567419181,,0.4502929570596664,OpenTargets,,,,
105401,1342,GIP,ENSG00000159224,2024-05-21,2023-06-01,True,0.3313134176444203,0.4887774263917265,0.5388892194268993,0.7940656567419181,,0.4502929570596664,OpenTargets,,,,
113328,1342,GIP,ENSG00000159224,2024-01-16,2023-06-01,True,0.3313134176444203,0.4887774263917265,0.5388892194268993,0.7940656567419181,,0.4502929570596664,OpenTargets,,,,
120376,1342,GIP,ENSG00000159224,2024-09-24,2024-06-01,True,0.3313134176408746,0.4887774263917265,0.5388892194210668,0.7940656567419181,,0.4502929570596664,OpenTargets,,,,
107536,1342,GIP,ENSG00000159224,2024-09-30,2024-06-01,True,0.3313134176408746,0.4887774263917265,0.5388892194210668,0.7940656567419181,,0.4502929570596664,OpenTargets,,,,
111210,3754,APP,ENSG00000142192,2021-11-16,2021-06-01,False,0.8891655535310058,0.887682674116763,0.9666314383032116,0.9509551959277251,0.7352330842510291,0.8106777432904124,OpenTargets,,,,
111209,3754,APP,ENSG00000142192,2021-11-16,2021-06-01,False,0.8891655535310058,0.887682674116763,0.9666314383032116,0.9509551959277251,0.7352330842510291,0.8106777432904124,OpenTargets,,,,
127996,2867,BCR,ENSG00000186716,2021-12-06,2021-06-01,True,0.8556036805397966,0.8668083286945243,0.607930797611621,0.8228690143349557,0.4825023123292626,0.4928735013226177,OpenTargets,,,,
124389,635,CALCRL,ENSG00000064989,2021-08-02,2021-06-01,True,0.7558003708867383,0.7924869957176259,0.7872691875531621,0.9356237364738876,0.4360535067639871,0.4281297373550582,OpenTargets,,,,
77127,635,CALCRL,ENSG00000064989,2022-03-22,2021-06-01,True,0.7558003708867383,0.7924869957176259,0.7872691875531621,0.9356237364738876,0.4360535067639871,0.4281297373550582,OpenTargets,,,,
152005,19782,GCGR,ENSG00000215644,2023-02-01,2022-06-01,True,0.7516319810691181,0.7900053534638549,0.7447152270742358,0.787353901980677,0.6603531471093363,0.6650172887446364,OpenTargets,,,,
105339,5349,NIF3L1,ENSG00000196290,2022-09-23,2022-06-01,False,0.0877598797402964,0.323614372012808,0.1443583382929091,0.532321068918029,,,OpenTargets,,,,
77221,5349,NIF3L1,ENSG00000196290,2023-04-04,2022-06-01,False,0.0877598797402964,0.323614372012808,0.1443583382929091,0.532321068918029,,,OpenTargets,,,,
136232,1145,ANGPTL3,ENSG00000132855,2021-07-12,2021-06-01,False,0.6698810790980079,0.8113598179789696,0.7689980239147792,0.997240871588924,0.6634329553360566,0.6171911355777848,OpenTargets,,,,
131747,2793,NR3C2,ENSG00000151623,2024-02-26,2023-06-01,True,0.8713659498447279,0.8748708915930852,0.914369350027709,0.952937590082964,0.590109038197276,0.5974399632073681,OpenTargets,,,,
131748,2793,NR3C2,ENSG00000151623,2024-02-26,2023-06-01,True,0.8713659498447279,0.8748708915930852,0.914369350027709,0.952937590082964,0.590109038197276,0.5974399632073681,OpenTargets,,,,
82787,5961,HTRA3,ENSG00000170801,2021-12-16,2021-06-01,False,0.2463066316875892,0.5175959867735159,0.3990410438338121,0.8479949283204355,,,OpenTargets,,,,
111272,1845,PRKAR2B,ENSG00000005249,2021-09-07,2021-06-01,True,0.4205464059573423,0.5465815511622798,0.6917669044067907,0.899085148029407,0.5949379655093326,0.6036773928991648,OpenTargets,,,,
111269,1845,PRKAR2B,ENSG00000005249,2021-09-07,2021-06-01,True,0.4205464059573423,0.5465815511622798,0.6917669044067907,0.899085148029407,0.5949379655093326,0.6036773928991648,OpenTargets,,,,
111277,1845,PRKAR2B,ENSG00000005249,2021-09-07,2021-06-01,True,0.4205464059573423,0.5465815511622798,0.6917669044067907,0.899085148029407,0.5949379655093326,0.6036773928991648,OpenTargets,,,,
111276,1845,PRKAR2B,ENSG00000005249,2021-09-07,2021-06-01,True,0.4205464059573423,0.5465815511622798,0.6917669044067907,0.899085148029407,0.5949379655093326,0.6036773928991648,OpenTargets,,,,
111275,1845,PRKAR2B,ENSG00000005249,2021-09-07,2021-06-01,True,0.4205464059573423,0.5465815511622798,0.6917669044067907,0.899085148029407,0.5949379655093326,0.6036773928991648,OpenTargets,,,,
111274,1845,PRKAR2B,ENSG00000005249,2021-09-07,2021-06-01,True,0.4205464059573423,0.5465815511622798,0.6917669044067907,0.899085148029407,0.5949379655093326,0.6036773928991648,OpenTargets,,,,
120526,1845,PRKAR2B,ENSG00000005249,2022-02-01,2021-06-01,True,0.4205464059573423,0.5465815511622798,0.6917669044067907,0.899085148029407,0.5949379655093326,0.6036773928991648,OpenTargets,,,,
111268,1845,PRKAR2B,ENSG00000005249,2021-09-07,2021-06-01,True,0.4205464059573423,0.5465815511622798,0.6917669044067907,0.899085148029407,0.5949379655093326,0.6036773928991648,OpenTargets,,,,
111267,1845,PRKAR2B,ENSG00000005249,2021-09-07,2021-06-01,True,0.4205464059573423,0.5465815511622798,0.6917669044067907,0.899085148029407,0.5949379655093326,0.6036773928991648,OpenTargets,,,,
111273,1845,PRKAR2B,ENSG00000005249,2021-09-07,2021-06-01,True,0.4205464059573423,0.5465815511622798,0.6917669044067907,0.899085148029407,0.5949379655093326,0.6036773928991648,OpenTargets,,,,
111270,1845,PRKAR2B,ENSG00000005249,2021-09-07,2021-06-01,True,0.4205464059573423,0.5465815511622798,0.6917669044067907,0.899085148029407,0.5949379655093326,0.6036773928991648,OpenTargets,,,,
111271,1845,PRKAR2B,ENSG00000005249,2021-09-07,2021-06-01,True,0.4205464059573423,0.5465815511622798,0.6917669044067907,0.899085148029407,0.5949379655093326,0.6036773928991648,OpenTargets,,,,
111098,25389,GPM6B,ENSG00000046653,2021-12-30,2021-06-01,True,0.3202122546416484,0.2376396649876641,0.5230772593901262,0.3548280394635797,,,OpenTargets,,,,
114205,1845,PRKAR2B,ENSG00000005249,2021-11-12,2021-06-01,True,0.4205464059573423,0.5465815511622798,0.6917669044067907,0.899085148029407,0.5949379655093326,0.6036773928991648,OpenTargets,,,,
114204,1845,PRKAR2B,ENSG00000005249,2021-11-12,2021-06-01,True,0.4205464059573423,0.5465815511622798,0.6917669044067907,0.899085148029407,0.5949379655093326,0.6036773928991648,OpenTargets,,,,
114203,1845,PRKAR2B,ENSG00000005249,2021-11-12,2021-06-01,True,0.4205464059573423,0.5465815511622798,0.6917669044067907,0.899085148029407,0.5949379655093326,0.6036773928991648,OpenTargets,,,,
114202,1845,PRKAR2B,ENSG00000005249,2021-11-12,2021-06-01,True,0.4205464059573423,0.5465815511622798,0.6917669044067907,0.899085148029407,0.5949379655093326,0.6036773928991648,OpenTargets,,,,
101087,25389,GPM6B,ENSG00000046653,2022-04-19,2021-06-01,True,0.3202122546416484,0.2376396649876641,0.5230772593901262,0.3548280394635797,,,OpenTargets,,,,
147338,25389,GPM6B,ENSG00000046653,2022-01-28,2021-06-01,True,0.3202122546416484,0.2376396649876641,0.5230772593901262,0.3548280394635797,,,OpenTargets,,,,
125675,6509,DRD1,ENSG00000184845,2021-09-09,2021-06-01,True,0.667600770714775,0.770041224283163,0.5300250821975048,0.8659015416795911,0.7344326267626995,0.7124431869090895,OpenTargets,,,,
152368,17900,TNFRSF17,ENSG00000048462,2022-10-20,2022-06-01,False,0.736750659971353,0.7830209415714936,0.5225801991507575,0.84417885289746,0.7345109833729084,0.8397892547171738,OpenTargets,,,,
88274,152,NBEAL1,ENSG00000144426,2024-07-08,2024-06-01,True,0.3971056849569733,0.5876096385226521,0.6532086982878367,0.8816309992976852,,,OpenTargets,,,,
141524,21398,AMY1B,ENSG00000174876,2022-12-09,2022-06-01,True,0.2403250892124554,0.4972468431765827,0.163078643391326,0.817933299530337,,,OpenTargets,,,,
152780,2736,RET,ENSG00000165731,2023-11-30,2023-06-01,True,0.9372595338081036,0.9340311154221658,0.9699184445988444,0.971295251369891,0.974433370949268,0.9735330919441638,OpenTargets,,,,
112501,3581,MYH7,ENSG00000092054,2023-11-14,2023-06-01,True,0.9200892983258956,0.9282300241404996,0.9783747179008362,0.9804418827425656,0.5642566231053711,0.6615410903770508,OpenTargets,,,,
81543,59,EDNRA,ENSG00000151617,2023-07-20,2023-06-01,True,0.8251459237181649,0.8421126434277834,0.8862212522613501,0.9263637396741646,0.6855197435212826,0.9624025723226836,OpenTargets,,,,
81542,59,EDNRA,ENSG00000151617,2023-07-20,2023-06-01,True,0.8251459237181649,0.8421126434277834,0.8862212522613501,0.9263637396741646,0.6855197435212826,0.9624025723226836,OpenTargets,,,,
110710,4452,CTSC,ENSG00000109861,2021-11-30,2021-06-01,True,0.8469507680756218,0.8812137729403199,0.9386844731386078,0.962807568799977,0.4503364241116957,0.58617151010824,OpenTargets,,,,
123763,2069,BTK,ENSG00000010671,2021-12-12,2021-06-01,True,0.9088789567261404,0.9122260834513264,0.9566655446976456,0.953277683694434,0.7837535439736386,0.8088626493883266,OpenTargets,,,,
110727,5590,SCN10A,ENSG00000185313,2022-12-20,2022-06-01,True,0.8503059185033025,0.8517717279374452,0.8468879251236688,0.940668996208898,0.4219269816515335,0.4594295073581791,OpenTargets,,,,
148911,1556,CD274,ENSG00000120217,2021-12-08,2021-06-01,True,0.7505194190442261,0.7929175224380515,0.4963965644559097,0.8704331684459681,0.8421544610101216,0.8814845343301368,OpenTargets,,,,
91011,69,PDE4C,ENSG00000105650,2023-03-06,2022-06-01,True,0.6150825347881377,0.6505567627430456,0.5675944685279652,0.6980758332816468,0.472855329168959,0.4844026369302597,OpenTargets,,,,
128613,1419,PDCD1,ENSG00000188389,2023-11-08,2023-06-01,True,0.6877338155170569,0.7251920723799639,0.607930797611621,0.751057115284062,0.7780875841714464,0.7833366779801975,OpenTargets,,,,
110768,1419,PDCD1,ENSG00000188389,2021-11-16,2021-06-01,True,0.6955501924865828,0.7251920723799639,0.607930797611621,0.751057115284062,0.7225052460068032,0.7833366779801975,OpenTargets,,,,
128614,1419,PDCD1,ENSG00000188389,2023-11-08,2023-06-01,True,0.6877338155170569,0.7251920723799639,0.607930797611621,0.751057115284062,0.7780875841714464,0.7833366779801975,OpenTargets,,,,
110767,1419,PDCD1,ENSG00000188389,2021-11-16,2021-06-01,True,0.6955501924865828,0.7251920723799639,0.607930797611621,0.751057115284062,0.7225052460068032,0.7833366779801975,OpenTargets,,,,
134064,1419,PDCD1,ENSG00000188389,2021-08-20,2021-06-01,True,0.6955501924865828,0.7251920723799639,0.607930797611621,0.751057115284062,0.7225052460068032,0.7833366779801975,OpenTargets,,,,
110769,1419,PDCD1,ENSG00000188389,2021-11-16,2021-06-01,True,0.6955501924865828,0.7251920723799639,0.607930797611621,0.751057115284062,0.7225052460068032,0.7833366779801975,OpenTargets,,,,
144372,4876,BRAF,ENSG00000157764,2021-07-15,2021-06-01,True,0.9326868742247548,0.9307571013076248,0.9642614344121616,0.9637846093079044,0.6807319198725809,0.6774953899991558,OpenTargets,,,,
144373,4876,BRAF,ENSG00000157764,2021-07-15,2021-06-01,True,0.9326868742247548,0.9307571013076248,0.9642614344121616,0.9637846093079044,0.6807319198725809,0.6774953899991558,OpenTargets,,,,
144376,4876,BRAF,ENSG00000157764,2021-07-15,2021-06-01,True,0.9326868742247548,0.9307571013076248,0.9642614344121616,0.9637846093079044,0.6807319198725809,0.6774953899991558,OpenTargets,,,,
144377,4876,BRAF,ENSG00000157764,2021-07-15,2021-06-01,True,0.9326868742247548,0.9307571013076248,0.9642614344121616,0.9637846093079044,0.6807319198725809,0.6774953899991558,OpenTargets,,,,
144375,4876,BRAF,ENSG00000157764,2021-07-15,2021-06-01,True,0.9326868742247548,0.9307571013076248,0.9642614344121616,0.9637846093079044,0.6807319198725809,0.6774953899991558,OpenTargets,,,,
144374,4876,BRAF,ENSG00000157764,2021-07-15,2021-06-01,True,0.9326868742247548,0.9307571013076248,0.9642614344121616,0.9637846093079044,0.6807319198725809,0.6774953899991558,OpenTargets,,,,
144378,4876,BRAF,ENSG00000157764,2021-07-15,2021-06-01,True,0.9326868742247548,0.9307571013076248,0.9642614344121616,0.9637846093079044,0.6807319198725809,0.6774953899991558,OpenTargets,,,,
144379,4876,BRAF,ENSG00000157764,2021-07-15,2021-06-01,True,0.9326868742247548,0.9307571013076248,0.9642614344121616,0.9637846093079044,0.6807319198725809,0.6774953899991558,OpenTargets,,,,
144371,4876,BRAF,ENSG00000157764,2021-07-15,2021-06-01,True,0.9326868742247548,0.9307571013076248,0.9642614344121616,0.9637846093079044,0.6807319198725809,0.6774953899991558,OpenTargets,,,,
144370,4876,BRAF,ENSG00000157764,2021-07-15,2021-06-01,True,0.9326868742247548,0.9307571013076248,0.9642614344121616,0.9637846093079044,0.6807319198725809,0.6774953899991558,OpenTargets,,,,
144368,4876,BRAF,ENSG00000157764,2021-07-15,2021-06-01,True,0.9326868742247548,0.9307571013076248,0.9642614344121616,0.9637846093079044,0.6807319198725809,0.6774953899991558,OpenTargets,,,,
144369,4876,BRAF,ENSG00000157764,2021-07-15,2021-06-01,True,0.9326868742247548,0.9307571013076248,0.9642614344121616,0.9637846093079044,0.6807319198725809,0.6774953899991558,OpenTargets,,,,
115041,4188,EGLN1,ENSG00000135766,2021-06-18,2021-06-01,True,0.732464088083304,0.7524295671347999,0.8330921847941684,0.9109085879779272,0.7566006433969545,0.8264099075901362,OpenTargets,,,,
77813,17900,TNFRSF17,ENSG00000048462,2021-10-07,2021-06-01,True,0.7208721075438249,0.7830209415714936,0.3404152494843319,0.84417885289746,0.5599631401950802,0.8397892547171738,OpenTargets,,,,
101680,4743,AQP5,ENSG00000161798,2021-11-17,2021-06-01,True,0.7590371626414779,0.7785358316324695,0.8498519845394724,0.855602955416396,,0.4684422313060029,OpenTargets,,,,
89069,20968,FNTA,ENSG00000168522,2022-01-17,2021-06-01,True,0.5045487581819715,0.6170731475282412,0.1336828800418095,0.7178529271286254,0.4760325106130101,0.8518400758226715,OpenTargets,,,,
122102,3678,LDHA,ENSG00000134333,2022-02-22,2021-06-01,True,0.7461658085585964,0.801612063572169,0.8530735881227576,0.8907273074046695,0.9556224773032406,0.9564396184515918,OpenTargets,,,,
122105,3678,LDHA,ENSG00000134333,2022-02-22,2021-06-01,True,0.7461658085585964,0.801612063572169,0.8530735881227576,0.8907273074046695,0.9556224773032406,0.9564396184515918,OpenTargets,,,,
122104,3678,LDHA,ENSG00000134333,2022-02-22,2021-06-01,True,0.7461658085585964,0.801612063572169,0.8530735881227576,0.8907273074046695,0.9556224773032406,0.9564396184515918,OpenTargets,,,,
122103,3678,LDHA,ENSG00000134333,2022-02-22,2021-06-01,True,0.7461658085585964,0.801612063572169,0.8530735881227576,0.8907273074046695,0.9556224773032406,0.9564396184515918,OpenTargets,,,,
150554,1419,PDCD1,ENSG00000188389,2023-03-01,2022-06-01,True,0.7086087325482087,0.7251920723799639,0.607930797611621,0.751057115284062,0.7774609787057756,0.7833366779801975,OpenTargets,,,,
135681,1419,PDCD1,ENSG00000188389,2021-07-08,2021-06-01,True,0.6955501924865828,0.7251920723799639,0.607930797611621,0.751057115284062,0.7225052460068032,0.7833366779801975,OpenTargets,,,,
150555,1419,PDCD1,ENSG00000188389,2023-03-01,2022-06-01,True,0.7086087325482087,0.7251920723799639,0.607930797611621,0.751057115284062,0.7774609787057756,0.7833366779801975,OpenTargets,,,,
150553,1419,PDCD1,ENSG00000188389,2023-03-01,2022-06-01,True,0.7086087325482087,0.7251920723799639,0.607930797611621,0.751057115284062,0.7774609787057756,0.7833366779801975,OpenTargets,,,,
134209,6298,JAK3,ENSG00000105639,2022-12-01,2022-06-01,True,0.9052023348514808,0.896692239778601,0.9096488327689908,0.9206442245723572,0.8282598691992717,0.8300448507335385,OpenTargets,,,,
134210,6298,JAK3,ENSG00000105639,2022-12-01,2022-06-01,True,0.9052023348514808,0.896692239778601,0.9096488327689908,0.9206442245723572,0.8282598691992717,0.8300448507335385,OpenTargets,,,,
95442,19102,ALDH1B1,ENSG00000137124,2023-05-19,2022-06-01,True,0.3962405899868475,0.5607907927434227,0.6496579249596836,0.9138852926736396,0.6416300516356535,0.6331215805031194,OpenTargets,,,,
126893,2793,NR3C2,ENSG00000151623,2022-03-21,2021-06-01,True,0.8624590845054871,0.8748708915930852,0.9144017888081688,0.952937590082964,0.5856238834178975,0.5974399632073681,OpenTargets,,,,
138172,2258,TYK2,ENSG00000105397,2022-11-08,2022-06-01,True,0.8580176733483137,0.8708920722947889,0.8807728137031949,0.9589884940155766,0.7275586817742639,0.7431870754279564,OpenTargets,,,,
101554,222,VEGFA,ENSG00000112715,2024-03-06,2023-06-01,True,0.7591399664144685,0.7909339965168712,0.8165509910644569,0.958518137657351,0.5134193032541677,0.5174066270722614,OpenTargets,,,,
107978,5735,CCNL2,ENSG00000221978,2022-04-01,2021-06-01,True,0.0977434138972648,0.4676386532751687,0.1396610884664759,0.7461119293433491,,,OpenTargets,,,,
153086,5735,CCNL2,ENSG00000221978,2024-03-01,2023-06-01,True,0.2040686614897358,0.4676386532751687,0.2638322874087077,0.7461119293433491,,,OpenTargets,,,,
130815,6805,FOLR1,ENSG00000110195,2021-10-19,2021-06-01,True,0.8067694960129462,0.8127701468139445,0.8874132335717148,0.8927830027808159,,0.3997296976995811,OpenTargets,,,,
135963,19310,DKC1,ENSG00000130826,2021-11-09,2021-06-01,True,0.8824302120739888,0.876815187525271,0.9547316477679167,0.9501772556889476,0.4800898038758567,0.6103528856936904,OpenTargets,,,,
103274,174,C1S,ENSG00000182326,2021-11-11,2021-06-01,True,0.7970783310435884,0.7974556776477433,0.8696071604893048,0.9574374319932648,,,OpenTargets,,,,
115609,1342,GIP,ENSG00000159224,2023-02-05,2022-06-01,True,0.3267292555298557,0.4887774263917265,0.5368368849831938,0.7940656567419181,,0.4502929570596664,OpenTargets,,,,
145829,1342,GIP,ENSG00000159224,2024-06-27,2024-06-01,True,0.3313134176408746,0.4887774263917265,0.5388892194210668,0.7940656567419181,,0.4502929570596664,OpenTargets,,,,
115607,1342,GIP,ENSG00000159224,2023-02-05,2022-06-01,True,0.3267292555298557,0.4887774263917265,0.5368368849831938,0.7940656567419181,,0.4502929570596664,OpenTargets,,,,
115608,1342,GIP,ENSG00000159224,2023-02-05,2022-06-01,True,0.3267292555298557,0.4887774263917265,0.5368368849831938,0.7940656567419181,,0.4502929570596664,OpenTargets,,,,
129060,1342,GIP,ENSG00000159224,2025-02-24,2024-06-01,True,0.3313134176408746,0.4887774263917265,0.5388892194210668,0.7940656567419181,,0.4502929570596664,OpenTargets,,,,
80529,1342,GIP,ENSG00000159224,2023-11-27,2023-06-01,True,0.3313134176444203,0.4887774263917265,0.5388892194268993,0.7940656567419181,,0.4502929570596664,OpenTargets,,,,
101567,1342,GIP,ENSG00000159224,2021-09-01,2021-06-01,True,0.2830962551139018,0.4887774263917265,0.4643039989909955,0.7940656567419181,,0.4502929570596664,OpenTargets,,,,
115606,1342,GIP,ENSG00000159224,2023-02-05,2022-06-01,True,0.3267292555298557,0.4887774263917265,0.5368368849831938,0.7940656567419181,,0.4502929570596664,OpenTargets,,,,
115610,1342,GIP,ENSG00000159224,2023-02-05,2022-06-01,True,0.3267292555298557,0.4887774263917265,0.5368368849831938,0.7940656567419181,,0.4502929570596664,OpenTargets,,,,
149086,3625,MET,ENSG00000105976,2021-08-30,2021-06-01,False,0.9152837229449808,0.9263355038575548,0.8897214355635792,0.9359640575750372,0.8594212539341671,0.8644710072048432,OpenTargets,,,,
142206,3625,MET,ENSG00000105976,2022-12-08,2022-06-01,False,0.9202063009087385,0.9263355038575548,0.907731989849496,0.9359640575750372,0.8655035873133002,0.8644710072048432,OpenTargets,,,,
149087,3625,MET,ENSG00000105976,2021-08-30,2021-06-01,False,0.9152837229449808,0.9263355038575548,0.8897214355635792,0.9359640575750372,0.8594212539341671,0.8644710072048432,OpenTargets,,,,
120976,4,PCSK9,ENSG00000169174,2022-06-20,2022-06-01,True,0.8947418446650901,0.8977764419471097,0.963268035466302,0.99696634963722,0.7163495582368772,0.7152743289872691,OpenTargets,,,,
120977,4,PCSK9,ENSG00000169174,2022-06-20,2022-06-01,True,0.8947418446650901,0.8977764419471097,0.963268035466302,0.99696634963722,0.7163495582368772,0.7152743289872691,OpenTargets,,,,
142227,3258,CD19,ENSG00000177455,2021-11-04,2021-06-01,False,0.8162641566167979,0.8432548333465865,0.8621878262060918,0.8618347657263348,0.802933746607269,0.818691084169578,OpenTargets,,,,
142228,3258,CD19,ENSG00000177455,2021-11-04,2021-06-01,False,0.8162641566167979,0.8432548333465865,0.8621878262060918,0.8618347657263348,0.802933746607269,0.818691084169578,OpenTargets,,,,
121113,3795,CD44,ENSG00000026508,2021-09-09,2021-06-01,True,0.6464287497868862,0.6624591565160189,0.8351022724396441,0.91668647744136,0.8772789681165928,0.8970416987827905,OpenTargets,,,,
89118,3795,CD44,ENSG00000026508,2023-01-10,2022-06-01,False,0.6623986645750287,0.6624591565160189,0.818561968570064,0.91668647744136,0.8957932292551933,0.8970416987827905,OpenTargets,,,,
134105,3795,CD44,ENSG00000026508,2021-07-08,2021-06-01,True,0.6464287497868862,0.6624591565160189,0.8351022724396441,0.91668647744136,0.8772789681165928,0.8970416987827905,OpenTargets,,,,
121112,3795,CD44,ENSG00000026508,2021-09-09,2021-06-01,True,0.6464287497868862,0.6624591565160189,0.8351022724396441,0.91668647744136,0.8772789681165928,0.8970416987827905,OpenTargets,,,,
128671,1514,TSLP,ENSG00000145777,2021-08-23,2021-06-01,False,0.6148073333228261,0.7141698506314421,0.7779533550523856,0.9300657077395412,0.5766818497395378,0.6088574047596639,OpenTargets,,,,
142062,19881,PPP3CA,ENSG00000138814,2023-10-10,2023-06-01,True,0.8159659780524063,0.8332593000050293,0.9143604394755368,0.9168706404976276,0.8211015540201375,0.8455674452967012,OpenTargets,,,,
142063,19881,PPP3CA,ENSG00000138814,2023-10-10,2023-06-01,True,0.8159659780524063,0.8332593000050293,0.9143604394755368,0.9168706404976276,0.8211015540201375,0.8455674452967012,OpenTargets,,,,
148603,3258,CD19,ENSG00000177455,2022-11-01,2022-06-01,True,0.8382435681223952,0.8432548333465865,0.8926871263803323,0.8618347657263348,0.8488198122520726,0.818691084169578,OpenTargets,,,,
148601,3258,CD19,ENSG00000177455,2022-11-01,2022-06-01,True,0.8382435681223952,0.8432548333465865,0.8926871263803323,0.8618347657263348,0.8488198122520726,0.818691084169578,OpenTargets,,,,
148604,3258,CD19,ENSG00000177455,2022-11-01,2022-06-01,True,0.8382435681223952,0.8432548333465865,0.8926871263803323,0.8618347657263348,0.8488198122520726,0.818691084169578,OpenTargets,,,,
148602,3258,CD19,ENSG00000177455,2022-11-01,2022-06-01,True,0.8382435681223952,0.8432548333465865,0.8926871263803323,0.8618347657263348,0.8488198122520726,0.818691084169578,OpenTargets,,,,
103305,22324,CALCB,ENSG00000175868,2021-09-17,2021-06-01,False,0.6529748443811859,0.6500676898721406,0.4633871671714845,0.899630897946501,0.7943754708606685,0.7883167148369395,OpenTargets,,,,
138141,5422,HAO1,ENSG00000101323,2022-01-27,2021-06-01,True,0.6104523689665184,0.703569096282196,0.7983027728734917,0.8856549366898274,,,OpenTargets,,,,
139794,635,CALCRL,ENSG00000064989,2022-05-05,2021-06-01,True,0.7558003708867383,0.7924869957176259,0.7872691875531621,0.9356237364738876,0.4360535067639871,0.4281297373550582,OpenTargets,,,,
150944,872,TOP1,ENSG00000198900,2021-12-30,2021-06-01,True,0.716881127773323,0.726891277922657,0.8169964507881563,0.936933501619218,,,OpenTargets,,,,
139394,872,TOP1,ENSG00000198900,2021-12-08,2021-06-01,True,0.716881127773323,0.726891277922657,0.8169964507881563,0.936933501619218,,,OpenTargets,,,,
88295,4423,ANK1,ENSG00000029534,2022-03-08,2021-06-01,True,0.7835400909539999,0.7747287472338923,0.8553884226895221,0.9814435532558315,0.8547250909855936,0.8957504290131085,OpenTargets,,,,
89920,1933,EZH2,ENSG00000106462,2023-02-13,2022-06-01,True,0.8874550685333054,0.8913797319872884,0.8960559635823234,0.9292966790359752,0.5444190972926929,0.6192841278373318,OpenTargets,,,,
115822,6210,MC1R,ENSG00000258839,2021-06-03,2021-06-01,True,0.7506296028665179,0.7958676856506539,0.865457038266544,0.9655679504384368,0.8835546653566062,0.8983161745507066,OpenTargets,,,,
145265,2458,PIK3CA,ENSG00000121879,2021-07-22,2021-06-01,True,0.9345069996104663,0.9353972562045776,0.9502149145716916,0.9705751207588774,0.5361390462469223,0.534633149578462,OpenTargets,,,,
131262,4423,ANK1,ENSG00000029534,2022-12-26,2022-06-01,True,0.8260722238489082,0.7747287472338923,0.9583852853136248,0.9814435532558315,0.8705103131081046,0.8957504290131085,OpenTargets,,,,
123571,259,TUBB,ENSG00000196230,2021-07-22,2021-06-01,False,0.8614260147903694,0.879086529216368,0.8549218713519362,0.9117865016665596,,,OpenTargets,,,,
86299,872,TOP1,ENSG00000198900,2021-08-20,2021-06-01,False,0.716881127773323,0.726891277922657,0.8169964507881563,0.936933501619218,,,OpenTargets,,,,
84319,32260,AMD1P2,ENSG00000237801,2022-04-12,2021-06-01,True,0.0,0.003695798546847,0.0,,0.0,,OpenTargets,,,,
81846,1155,IL23A,ENSG00000110944,2024-10-21,2024-06-01,True,0.6719844218638039,0.6672556608937575,0.2919641040998787,0.4088823506744731,0.9061951044998844,0.9061722540985108,OpenTargets,,,,
101774,2069,BTK,ENSG00000010671,2021-08-11,2021-06-01,True,0.9088789567261404,0.9122260834513264,0.9566655446976456,0.953277683694434,0.7837535439736386,0.8088626493883266,OpenTargets,,,,
93253,23470,ACRV1,ENSG00000134940,2022-07-28,2022-06-01,False,0.2321381873577173,0.368129160213698,0.3818496912308426,0.6055445153625508,,,OpenTargets,,,,
96664,5594,GNRHR,ENSG00000109163,2023-09-14,2023-06-01,True,0.8175789766883695,0.858393526837563,0.8634088973312192,0.9149797011884684,0.7736518682782124,0.7706299936825873,OpenTargets,,,,
127358,1614,IFNG,ENSG00000111537,2021-12-15,2021-06-01,True,0.626032182835622,0.7081330630755914,0.7600895636900481,0.8122858234210423,0.9637467740316245,0.9604129163377464,OpenTargets,,,,
127357,1614,IFNG,ENSG00000111537,2021-12-15,2021-06-01,True,0.626032182835622,0.7081330630755914,0.7600895636900481,0.8122858234210423,0.9637467740316245,0.9604129163377464,OpenTargets,,,,
127355,1614,IFNG,ENSG00000111537,2021-12-15,2021-06-01,True,0.626032182835622,0.7081330630755914,0.7600895636900481,0.8122858234210423,0.9637467740316245,0.9604129163377464,OpenTargets,,,,
127356,1614,IFNG,ENSG00000111537,2021-12-15,2021-06-01,True,0.626032182835622,0.7081330630755914,0.7600895636900481,0.8122858234210423,0.9637467740316245,0.9604129163377464,OpenTargets,,,,
127359,1614,IFNG,ENSG00000111537,2021-12-15,2021-06-01,True,0.626032182835622,0.7081330630755914,0.7600895636900481,0.8122858234210423,0.9637467740316245,0.9604129163377464,OpenTargets,,,,
127360,1614,IFNG,ENSG00000111537,2021-12-15,2021-06-01,True,0.626032182835622,0.7081330630755914,0.7600895636900481,0.8122858234210423,0.9637467740316245,0.9604129163377464,OpenTargets,,,,
140500,247,C5,ENSG00000106804,2022-10-06,2022-06-01,True,0.8044299547382652,0.8237237271626505,0.8865919043105478,0.8953208148936364,0.9586094025666684,0.9301833215768536,OpenTargets,,,,
151463,2069,BTK,ENSG00000010671,2025-06-30,2025-06-01,True,0.9122260834513264,0.9122260834513264,0.953277683694434,0.953277683694434,0.8088626493883266,0.8088626493883266,OpenTargets,,,,
103836,18772,DPYSL3,ENSG00000113657,2022-04-29,2021-06-01,True,0.4347879054446955,0.5776658231436427,0.7049427009358611,0.9163850833623424,,,OpenTargets,,,,
118947,6142,AREL1,ENSG00000119682,2023-01-28,2022-06-01,True,0.432425275734235,0.4860482976441024,0.7043155390178181,0.6888310742406202,0.6133928869584956,0.6723380421622868,OpenTargets,,,,
139256,872,TOP1,ENSG00000198900,2021-12-14,2021-06-01,True,0.716881127773323,0.726891277922657,0.8169964507881563,0.936933501619218,,,OpenTargets,,,,
141122,872,TOP1,ENSG00000198900,2022-04-29,2021-06-01,False,0.716881127773323,0.726891277922657,0.8169964507881563,0.936933501619218,,,OpenTargets,,,,
141123,872,TOP1,ENSG00000198900,2022-04-29,2021-06-01,False,0.716881127773323,0.726891277922657,0.8169964507881563,0.936933501619218,,,OpenTargets,,,,
149992,4783,MAP2K1,ENSG00000169032,2023-08-31,2023-06-01,True,0.9056998028548332,0.9094687705942528,0.9416169576936546,0.9465283189836512,0.6872567695182218,0.6528657157545646,OpenTargets,,,,
149991,4783,MAP2K1,ENSG00000169032,2023-08-31,2023-06-01,True,0.9056998028548332,0.9094687705942528,0.9416169576936546,0.9465283189836512,0.6872567695182218,0.6528657157545646,OpenTargets,,,,
88296,4423,ANK1,ENSG00000029534,2022-03-08,2021-06-01,True,0.7835400909539999,0.7747287472338923,0.8553884226895221,0.9814435532558315,0.8547250909855936,0.8957504290131085,OpenTargets,,,,
88298,4423,ANK1,ENSG00000029534,2022-03-08,2021-06-01,True,0.7835400909539999,0.7747287472338923,0.8553884226895221,0.9814435532558315,0.8547250909855936,0.8957504290131085,OpenTargets,,,,
88297,4423,ANK1,ENSG00000029534,2022-03-08,2021-06-01,True,0.7835400909539999,0.7747287472338923,0.8553884226895221,0.9814435532558315,0.8547250909855936,0.8957504290131085,OpenTargets,,,,
142743,3258,CD19,ENSG00000177455,2022-04-15,2021-06-01,False,0.8162641566167979,0.8432548333465865,0.8621878262060918,0.8618347657263348,0.802933746607269,0.818691084169578,OpenTargets,,,,
84820,213,VWF,ENSG00000110799,2022-11-21,2022-06-01,True,0.92466823750257,0.9211260548223464,0.9767245163910538,0.975975134253904,0.9800144531550596,0.9820891183585472,OpenTargets,,,,
141128,259,TUBB,ENSG00000196230,2022-04-29,2021-06-01,False,0.8614260147903694,0.879086529216368,0.8549218713519362,0.9117865016665596,,,OpenTargets,,,,
141129,259,TUBB,ENSG00000196230,2022-04-29,2021-06-01,False,0.8614260147903694,0.879086529216368,0.8549218713519362,0.9117865016665596,,,OpenTargets,,,,
141127,872,TOP1,ENSG00000198900,2022-04-29,2021-06-01,True,0.716881127773323,0.726891277922657,0.8169964507881563,0.936933501619218,,,OpenTargets,,,,
141126,872,TOP1,ENSG00000198900,2022-04-29,2021-06-01,True,0.716881127773323,0.726891277922657,0.8169964507881563,0.936933501619218,,,OpenTargets,,,,
94333,1822,SNAP25,ENSG00000132639,2022-03-30,2021-06-01,False,0.8203972952440549,0.7576891104643566,0.7239526672729959,0.8158786229599959,0.8239833583721151,0.8875300789913242,OpenTargets,,,,
92431,1082,SOST,ENSG00000167941,2021-10-21,2021-06-01,True,0.8224495343248788,0.8546244653399097,0.8816350965718295,0.9060108022983688,0.8520784884743735,0.854021482971021,OpenTargets,,,,
144850,19219,XPO1,ENSG00000082898,2021-06-29,2021-06-01,True,0.8191126731814578,0.8352891106017463,0.7929684751768766,0.9371047381527776,,0.5425258872719109,OpenTargets,,,,
131725,2301,BCHE,ENSG00000114200,2022-09-19,2022-06-01,False,0.8485807730770651,0.8454438685111864,0.9360691834105777,0.9880785933732076,,,OpenTargets,,,,
150073,4648,JAK1,ENSG00000162434,2024-05-23,2023-06-01,True,0.842872505835889,0.8381168778380048,0.7538059596074357,0.9616312280956768,0.5895498739480347,0.5974827193398254,OpenTargets,,,,
101775,2069,BTK,ENSG00000010671,2021-08-11,2021-06-01,True,0.9088789567261404,0.9122260834513264,0.9566655446976456,0.953277683694434,0.7837535439736386,0.8088626493883266,OpenTargets,,,,
146472,23470,ACRV1,ENSG00000134940,2023-11-22,2023-06-01,True,0.2544423642143744,0.368129160213698,0.4185383685347126,0.6055445153625508,,,OpenTargets,,,,
129713,1419,PDCD1,ENSG00000188389,2021-06-28,2021-06-01,True,0.6955501924865828,0.7251920723799639,0.607930797611621,0.751057115284062,0.7225052460068032,0.7833366779801975,OpenTargets,,,,
94467,142,NGF,ENSG00000134259,2022-01-27,2021-06-01,True,0.7249654705049723,0.7852022501948059,0.8520633318200359,0.9541500422088294,0.6385747471403859,0.639491993036564,OpenTargets,,,,
141117,4849,ALK,ENSG00000171094,2022-04-29,2021-06-01,True,0.8960353675421419,0.929936556219337,0.910432493741692,0.9489478743790468,0.7317670644121352,0.7342939283651742,OpenTargets,,,,
141116,4849,ALK,ENSG00000171094,2022-04-29,2021-06-01,True,0.8960353675421419,0.929936556219337,0.910432493741692,0.9489478743790468,0.7317670644121352,0.7342939283651742,OpenTargets,,,,
142936,17970,HTR4,ENSG00000164270,2021-07-13,2021-06-01,True,0.6922855972364464,0.7297622223544833,0.8383590136161119,0.9426118691988612,0.5233172498424759,0.8656736217360675,OpenTargets,,,,
138695,247,C5,ENSG00000106804,2021-12-06,2021-06-01,True,0.7708942097182798,0.8237237271626505,0.8059837094083941,0.8953208148936364,0.950248880074487,0.9301833215768536,OpenTargets,,,,
79199,247,C5,ENSG00000106804,2023-04-06,2022-06-01,True,0.8044299547382652,0.8237237271626505,0.8865919043105478,0.8953208148936364,0.9586094025666684,0.9301833215768536,OpenTargets,,,,
79202,247,C5,ENSG00000106804,2023-04-06,2022-06-01,True,0.8044299547382652,0.8237237271626505,0.8865919043105478,0.8953208148936364,0.9586094025666684,0.9301833215768536,OpenTargets,,,,
79201,247,C5,ENSG00000106804,2023-04-06,2022-06-01,True,0.8044299547382652,0.8237237271626505,0.8865919043105478,0.8953208148936364,0.9586094025666684,0.9301833215768536,OpenTargets,,,,
79200,247,C5,ENSG00000106804,2023-04-06,2022-06-01,True,0.8044299547382652,0.8237237271626505,0.8865919043105478,0.8953208148936364,0.9586094025666684,0.9301833215768536,OpenTargets,,,,
141120,1885,PARP1,ENSG00000143799,2022-04-29,2021-06-01,True,0.7332901056691895,0.7781902942372424,0.7860632075787218,0.9522925380635286,0.4302120311247112,0.4636999509691606,OpenTargets,,,,
141121,1885,PARP1,ENSG00000143799,2022-04-29,2021-06-01,True,0.7332901056691895,0.7781902942372424,0.7860632075787218,0.9522925380635286,0.4302120311247112,0.4636999509691606,OpenTargets,,,,
86814,3258,CD19,ENSG00000177455,2022-08-09,2022-06-01,True,0.8382435681223952,0.8432548333465865,0.8926871263803323,0.8618347657263348,0.8488198122520726,0.818691084169578,OpenTargets,,,,
149854,3258,CD19,ENSG00000177455,2021-11-30,2021-06-01,True,0.8162641566167979,0.8432548333465865,0.8621878262060918,0.8618347657263348,0.802933746607269,0.818691084169578,OpenTargets,,,,
144538,1556,CD274,ENSG00000120217,2021-06-04,2021-06-01,True,0.7505194190442261,0.7929175224380515,0.4963965644559097,0.8704331684459681,0.8421544610101216,0.8814845343301368,OpenTargets,,,,
144539,1556,CD274,ENSG00000120217,2021-06-04,2021-06-01,True,0.7505194190442261,0.7929175224380515,0.4963965644559097,0.8704331684459681,0.8421544610101216,0.8814845343301368,OpenTargets,,,,
144537,1556,CD274,ENSG00000120217,2021-06-04,2021-06-01,True,0.7505194190442261,0.7929175224380515,0.4963965644559097,0.8704331684459681,0.8421544610101216,0.8814845343301368,OpenTargets,,,,
144535,1556,CD274,ENSG00000120217,2021-06-04,2021-06-01,True,0.7505194190442261,0.7929175224380515,0.4963965644559097,0.8704331684459681,0.8421544610101216,0.8814845343301368,OpenTargets,,,,
144536,1556,CD274,ENSG00000120217,2021-06-04,2021-06-01,True,0.7505194190442261,0.7929175224380515,0.4963965644559097,0.8704331684459681,0.8421544610101216,0.8814845343301368,OpenTargets,,,,
151325,1556,CD274,ENSG00000120217,2024-08-16,2024-06-01,True,0.7928855701480412,0.7929175224380515,0.6625166305947047,0.8704331684459681,0.8811592525216094,0.8814845343301368,OpenTargets,,,,
127721,1556,CD274,ENSG00000120217,2022-04-07,2021-06-01,True,0.7505194190442261,0.7929175224380515,0.4963965644559097,0.8704331684459681,0.8421544610101216,0.8814845343301368,OpenTargets,,,,
127722,1556,CD274,ENSG00000120217,2022-04-07,2021-06-01,True,0.7505194190442261,0.7929175224380515,0.4963965644559097,0.8704331684459681,0.8421544610101216,0.8814845343301368,OpenTargets,,,,
147070,6665,IL5RA,ENSG00000091181,2022-01-18,2021-06-01,True,0.6733782298561217,0.6639212519226887,0.8634530145095988,0.9522850801459684,0.7667128241352619,0.8295194243802856,OpenTargets,,,,
147069,6665,IL5RA,ENSG00000091181,2022-01-18,2021-06-01,True,0.6733782298561217,0.6639212519226887,0.8634530145095988,0.9522850801459684,0.7667128241352619,0.8295194243802856,OpenTargets,,,,
141682,6665,IL5RA,ENSG00000091181,2021-07-21,2021-06-01,True,0.6733782298561217,0.6639212519226887,0.8634530145095988,0.9522850801459684,0.7667128241352619,0.8295194243802856,OpenTargets,,,,
110427,5222,IL4R,ENSG00000077238,2022-05-19,2021-06-01,False,0.7457575207584556,0.7592541201260259,0.8383584967411036,0.9706134314125326,0.8015568176943565,0.8509611198084567,OpenTargets,,,,
98556,5222,IL4R,ENSG00000077238,2022-08-25,2022-06-01,True,0.7613991920722564,0.7592541201260259,0.8762311141269916,0.9706134314125326,0.8567605105885441,0.8509611198084567,OpenTargets,,,,
112050,2406,MAT1A,ENSG00000151224,2023-07-21,2023-06-01,True,0.8653838681305075,0.8454200602802421,0.9334290822717556,0.9367806619586988,0.6282409280764547,0.627879105780945,OpenTargets,,,,
138140,5422,HAO1,ENSG00000101323,2022-01-27,2021-06-01,True,0.6104523689665184,0.703569096282196,0.7983027728734917,0.8856549366898274,,,OpenTargets,,,,
135680,18772,DPYSL3,ENSG00000113657,2021-07-08,2021-06-01,True,0.4347879054446955,0.5776658231436427,0.7049427009358611,0.9163850833623424,,,OpenTargets,,,,
138050,18772,DPYSL3,ENSG00000113657,2022-05-20,2021-06-01,True,0.4347879054446955,0.5776658231436427,0.7049427009358611,0.9163850833623424,,,OpenTargets,,,,
138051,18772,DPYSL3,ENSG00000113657,2022-05-20,2021-06-01,True,0.4347879054446955,0.5776658231436427,0.7049427009358611,0.9163850833623424,,,OpenTargets,,,,
142027,77,IL6R,ENSG00000160712,2021-10-19,2021-06-01,False,0.7270668319590583,0.8672708550425018,0.7859578895520204,0.984803366097745,0.5248826970678646,0.8949354099939519,OpenTargets,,,,
97717,4423,ANK1,ENSG00000029534,2021-06-07,2021-06-01,True,0.7835400909539999,0.7747287472338923,0.8553884226895221,0.9814435532558315,0.8547250909855936,0.8957504290131085,OpenTargets,,,,
134267,1933,EZH2,ENSG00000106462,2022-07-29,2022-06-01,True,0.8874550685333054,0.8913797319872884,0.8960559635823234,0.9292966790359752,0.5444190972926929,0.6192841278373318,OpenTargets,,,,
113583,18572,MS4A2,ENSG00000149534,2023-12-21,2023-06-01,True,0.2211719653474567,0.4389442396825994,0.3580357461459052,0.7158070966880393,0.5455469824836752,0.5545061286083678,OpenTargets,,,,
140408,2458,PIK3CA,ENSG00000121879,2022-03-08,2021-06-01,True,0.9345069996104663,0.9353972562045776,0.9502149145716916,0.9705751207588774,0.5361390462469223,0.534633149578462,OpenTargets,,,,
105910,5735,CCNL2,ENSG00000221978,2023-05-10,2022-06-01,True,0.1207865934080056,0.4676386532751687,0.1968609820626462,0.7461119293433491,,,OpenTargets,,,,
123853,32260,AMD1P2,ENSG00000237801,2022-08-19,2022-06-01,True,0.0022174791281082,0.003695798546847,,,,,OpenTargets,,,,
123854,32260,AMD1P2,ENSG00000237801,2022-08-19,2022-06-01,True,0.0022174791281082,0.003695798546847,,,,,OpenTargets,,,,
118245,4648,JAK1,ENSG00000162434,2021-06-30,2021-06-01,True,0.8288510032682558,0.8381168778380048,0.6839221473130737,0.9616312280956768,0.5613984968832789,0.5974827193398254,OpenTargets,,,,
138461,4648,JAK1,ENSG00000162434,2021-12-21,2021-06-01,True,0.8288510032682558,0.8381168778380048,0.6839221473130737,0.9616312280956768,0.5613984968832789,0.5974827193398254,OpenTargets,,,,
122146,23470,ACRV1,ENSG00000134940,2023-01-09,2022-06-01,False,0.2321381873577173,0.368129160213698,0.3818496912308426,0.6055445153625508,,,OpenTargets,,,,
135861,23470,ACRV1,ENSG00000134940,2022-10-31,2022-06-01,False,0.2321381873577173,0.368129160213698,0.3818496912308426,0.6055445153625508,,,OpenTargets,,,,
140018,1419,PDCD1,ENSG00000188389,2021-11-30,2021-06-01,True,0.6955501924865828,0.7251920723799639,0.607930797611621,0.751057115284062,0.7225052460068032,0.7833366779801975,OpenTargets,,,,
140016,1419,PDCD1,ENSG00000188389,2021-11-30,2021-06-01,True,0.6955501924865828,0.7251920723799639,0.607930797611621,0.751057115284062,0.7225052460068032,0.7833366779801975,OpenTargets,,,,
140017,1419,PDCD1,ENSG00000188389,2021-11-30,2021-06-01,True,0.6955501924865828,0.7251920723799639,0.607930797611621,0.751057115284062,0.7225052460068032,0.7833366779801975,OpenTargets,,,,
122907,142,NGF,ENSG00000134259,2022-01-19,2021-06-01,False,0.7249654705049723,0.7852022501948059,0.8520633318200359,0.9541500422088294,0.6385747471403859,0.639491993036564,OpenTargets,,,,
85589,4876,BRAF,ENSG00000157764,2021-09-14,2021-06-01,True,0.9326868742247548,0.9307571013076248,0.9642614344121616,0.9637846093079044,0.6807319198725809,0.6774953899991558,OpenTargets,,,,
85588,4876,BRAF,ENSG00000157764,2021-09-14,2021-06-01,True,0.9326868742247548,0.9307571013076248,0.9642614344121616,0.9637846093079044,0.6807319198725809,0.6774953899991558,OpenTargets,,,,
101682,1223,KLKB1,ENSG00000164344,2022-06-22,2022-06-01,True,0.8424910257328949,0.8214370918043444,0.8797799155802484,0.9544807679291896,0.7085394181852661,0.7016719596698189,OpenTargets,,,,
142254,6274,DLD,ENSG00000091140,2022-12-07,2022-06-01,True,0.9004492234399691,0.8751079064273927,0.9692101861819756,0.934568971034062,,,OpenTargets,,,,
151628,2406,MAT1A,ENSG00000151224,2024-05-01,2023-06-01,True,0.8653838681305075,0.8454200602802421,0.9334290822717556,0.9367806619586988,0.6282409280764547,0.627879105780945,OpenTargets,,,,
135620,2406,MAT1A,ENSG00000151224,2023-05-13,2022-06-01,True,0.8626628744291736,0.8454200602802421,0.9311156367923824,0.9367806619586988,0.6403849751070991,0.627879105780945,OpenTargets,,,,
135621,2406,MAT1A,ENSG00000151224,2023-05-13,2022-06-01,True,0.8626628744291736,0.8454200602802421,0.9311156367923824,0.9367806619586988,0.6403849751070991,0.627879105780945,OpenTargets,,,,
135622,2406,MAT1A,ENSG00000151224,2023-05-13,2022-06-01,True,0.8626628744291736,0.8454200602802421,0.9311156367923824,0.9367806619586988,0.6403849751070991,0.627879105780945,OpenTargets,,,,
135625,2406,MAT1A,ENSG00000151224,2023-05-13,2022-06-01,True,0.8626628744291736,0.8454200602802421,0.9311156367923824,0.9367806619586988,0.6403849751070991,0.627879105780945,OpenTargets,,,,
135623,2406,MAT1A,ENSG00000151224,2023-05-13,2022-06-01,True,0.8626628744291736,0.8454200602802421,0.9311156367923824,0.9367806619586988,0.6403849751070991,0.627879105780945,OpenTargets,,,,
135624,2406,MAT1A,ENSG00000151224,2023-05-13,2022-06-01,True,0.8626628744291736,0.8454200602802421,0.9311156367923824,0.9367806619586988,0.6403849751070991,0.627879105780945,OpenTargets,,,,
97862,1155,IL23A,ENSG00000110944,2022-07-13,2022-06-01,True,0.6545462725833202,0.6672556608937575,0.2810275077901077,0.4088823506744731,0.9070585522914334,0.9061722540985108,OpenTargets,,,,
97863,1155,IL23A,ENSG00000110944,2022-07-13,2022-06-01,True,0.6545462725833202,0.6672556608937575,0.2810275077901077,0.4088823506744731,0.9070585522914334,0.9061722540985108,OpenTargets,,,,
85679,5965,LTB4R,ENSG00000213903,2021-11-16,2021-06-01,True,0.2746351106615259,0.3941994073390301,0.1184440543707808,0.6466042998961594,0.855567265924705,0.893862176016037,OpenTargets,,,,
139974,4715,PARP2,ENSG00000129484,2022-03-15,2021-06-01,True,0.6520996784048847,0.6563723689680429,,0.3969649317501571,,,OpenTargets,,,,
139965,4715,PARP2,ENSG00000129484,2022-03-15,2021-06-01,True,0.6520996784048847,0.6563723689680429,,0.3969649317501571,,,OpenTargets,,,,
139970,4715,PARP2,ENSG00000129484,2022-03-15,2021-06-01,True,0.6520996784048847,0.6563723689680429,,0.3969649317501571,,,OpenTargets,,,,
139964,4715,PARP2,ENSG00000129484,2022-03-15,2021-06-01,True,0.6520996784048847,0.6563723689680429,,0.3969649317501571,,,OpenTargets,,,,
139971,4715,PARP2,ENSG00000129484,2022-03-15,2021-06-01,True,0.6520996784048847,0.6563723689680429,,0.3969649317501571,,,OpenTargets,,,,
139972,4715,PARP2,ENSG00000129484,2022-03-15,2021-06-01,True,0.6520996784048847,0.6563723689680429,,0.3969649317501571,,,OpenTargets,,,,
139967,4715,PARP2,ENSG00000129484,2022-03-15,2021-06-01,True,0.6520996784048847,0.6563723689680429,,0.3969649317501571,,,OpenTargets,,,,
139973,4715,PARP2,ENSG00000129484,2022-03-15,2021-06-01,True,0.6520996784048847,0.6563723689680429,,0.3969649317501571,,,OpenTargets,,,,
139966,4715,PARP2,ENSG00000129484,2022-03-15,2021-06-01,True,0.6520996784048847,0.6563723689680429,,0.3969649317501571,,,OpenTargets,,,,
139968,4715,PARP2,ENSG00000129484,2022-03-15,2021-06-01,True,0.6520996784048847,0.6563723689680429,,0.3969649317501571,,,OpenTargets,,,,
139969,4715,PARP2,ENSG00000129484,2022-03-15,2021-06-01,True,0.6520996784048847,0.6563723689680429,,0.3969649317501571,,,OpenTargets,,,,
139963,4715,PARP2,ENSG00000129484,2022-03-15,2021-06-01,True,0.6520996784048847,0.6563723689680429,,0.3969649317501571,,,OpenTargets,,,,
152769,4715,PARP2,ENSG00000129484,2023-11-01,2023-06-01,True,0.657287592051308,0.6563723689680429,0.3014884905346648,0.3969649317501571,,,OpenTargets,,,,
152768,4715,PARP2,ENSG00000129484,2023-11-01,2023-06-01,True,0.657287592051308,0.6563723689680429,0.3014884905346648,0.3969649317501571,,,OpenTargets,,,,
152770,4715,PARP2,ENSG00000129484,2023-11-01,2023-06-01,True,0.657287592051308,0.6563723689680429,0.3014884905346648,0.3969649317501571,,,OpenTargets,,,,
147031,3925,ALPL,ENSG00000162551,2022-10-27,2022-06-01,False,0.8929443570980449,0.8962965081940305,0.980977180446044,0.9782283952226424,0.8827158116514755,0.8578845166095471,OpenTargets,,,,
129592,3925,ALPL,ENSG00000162551,2024-02-29,2023-06-01,True,0.8954917621788214,0.8962965081940305,0.966389434031962,0.9782283952226424,0.8725453069701021,0.8578845166095471,OpenTargets,,,,
110619,3925,ALPL,ENSG00000162551,2023-04-03,2022-06-01,True,0.8929443570980449,0.8962965081940305,0.980977180446044,0.9782283952226424,0.8827158116514755,0.8578845166095471,OpenTargets,,,,
112151,3925,ALPL,ENSG00000162551,2022-11-16,2022-06-01,True,0.8929443570980449,0.8962965081940305,0.980977180446044,0.9782283952226424,0.8827158116514755,0.8578845166095471,OpenTargets,,,,
112152,3925,ALPL,ENSG00000162551,2022-11-16,2022-06-01,True,0.8929443570980449,0.8962965081940305,0.980977180446044,0.9782283952226424,0.8827158116514755,0.8578845166095471,OpenTargets,,,,
99674,3925,ALPL,ENSG00000162551,2022-11-16,2022-06-01,True,0.8929443570980449,0.8962965081940305,0.980977180446044,0.9782283952226424,0.8827158116514755,0.8578845166095471,OpenTargets,,,,
125564,3925,ALPL,ENSG00000162551,2024-05-20,2023-06-01,True,0.8954917621788214,0.8962965081940305,0.966389434031962,0.9782283952226424,0.8725453069701021,0.8578845166095471,OpenTargets,,,,
80195,3925,ALPL,ENSG00000162551,2023-02-01,2022-06-01,True,0.8929443570980449,0.8962965081940305,0.980977180446044,0.9782283952226424,0.8827158116514755,0.8578845166095471,OpenTargets,,,,
129591,3925,ALPL,ENSG00000162551,2024-02-29,2023-06-01,True,0.8954917621788214,0.8962965081940305,0.966389434031962,0.9782283952226424,0.8725453069701021,0.8578845166095471,OpenTargets,,,,
113865,6163,SLC18A2,ENSG00000165646,2021-11-29,2021-06-01,True,0.7848495719017173,0.8591028022012733,0.7499632827352503,0.8291910128027484,0.5681464364496114,0.6297011538194398,OpenTargets,,,,
294896,2406,MAT1A,ENSG00000151224,2023-06-29,2023-06-01,True,0.8653838681305075,0.8454200602802421,0.9334290822717556,0.9367806619586988,0.6282409280764547,0.627879105780945,OpenTargets,,,,
294897,2406,MAT1A,ENSG00000151224,2023-06-29,2023-06-01,True,0.8653838681305075,0.8454200602802421,0.9334290822717556,0.9367806619586988,0.6282409280764547,0.627879105780945,OpenTargets,,,,
294898,2406,MAT1A,ENSG00000151224,2023-06-29,2023-06-01,True,0.8653838681305075,0.8454200602802421,0.9334290822717556,0.9367806619586988,0.6282409280764547,0.627879105780945,OpenTargets,,,,
448846,2406,MAT1A,ENSG00000151224,2023-06-29,2023-06-01,True,0.8653838681305075,0.8454200602802421,0.9334290822717556,0.9367806619586988,0.6282409280764547,0.627879105780945,OpenTargets,,,,
448844,2406,MAT1A,ENSG00000151224,2023-06-29,2023-06-01,True,0.8653838681305075,0.8454200602802421,0.9334290822717556,0.9367806619586988,0.6282409280764547,0.627879105780945,OpenTargets,,,,
371872,2406,MAT1A,ENSG00000151224,2023-06-29,2023-06-01,True,0.8653838681305075,0.8454200602802421,0.9334290822717556,0.9367806619586988,0.6282409280764547,0.627879105780945,OpenTargets,,,,
371871,2406,MAT1A,ENSG00000151224,2023-06-29,2023-06-01,True,0.8653838681305075,0.8454200602802421,0.9334290822717556,0.9367806619586988,0.6282409280764547,0.627879105780945,OpenTargets,,,,
151262,2406,MAT1A,ENSG00000151224,2022-05-19,2021-06-01,True,0.8299001469016036,0.8454200602802421,0.9047368667986118,0.9367806619586988,0.6352999250355593,0.627879105780945,OpenTargets,,,,
151263,2406,MAT1A,ENSG00000151224,2022-05-19,2021-06-01,True,0.8299001469016036,0.8454200602802421,0.9047368667986118,0.9367806619586988,0.6352999250355593,0.627879105780945,OpenTargets,,,,
98802,2406,MAT1A,ENSG00000151224,2023-08-28,2023-06-01,True,0.8653838681305075,0.8454200602802421,0.9334290822717556,0.9367806619586988,0.6282409280764547,0.627879105780945,OpenTargets,,,,
371870,2406,MAT1A,ENSG00000151224,2023-06-29,2023-06-01,True,0.8653838681305075,0.8454200602802421,0.9334290822717556,0.9367806619586988,0.6282409280764547,0.627879105780945,OpenTargets,,,,
448845,2406,MAT1A,ENSG00000151224,2023-06-29,2023-06-01,True,0.8653838681305075,0.8454200602802421,0.9334290822717556,0.9367806619586988,0.6282409280764547,0.627879105780945,OpenTargets,,,,
149539,17010,COL13A1,ENSG00000197467,2022-11-24,2022-06-01,False,0.698750302292113,0.7797833831467558,0.8374556905874372,0.8775949899093711,0.692770246370179,0.7220199913582802,OpenTargets,,,,
141479,2247,BCL2,ENSG00000171791,2021-07-01,2021-06-01,True,0.8287698787534654,0.8680843318139029,0.8988286776776293,0.9273254750239552,0.8400484418395608,0.8700027453338744,OpenTargets,,,,
82334,1300,KDR,ENSG00000128052,2021-07-15,2021-06-01,True,0.8827586637697706,0.8945934026289059,0.8004298771856363,0.952044224485773,,,OpenTargets,,,,
123225,1300,KDR,ENSG00000128052,2021-07-28,2021-06-01,True,0.8827586637697706,0.8945934026289059,0.8004298771856363,0.952044224485773,,,OpenTargets,,,,
123270,1300,KDR,ENSG00000128052,2021-09-18,2021-06-01,True,0.8827586637697706,0.8945934026289059,0.8004298771856363,0.952044224485773,,,OpenTargets,,,,
149285,23516,DXO,ENSG00000204348,2021-09-22,2021-06-01,True,0.1082073674730725,0.052736992042092,0.177992902972159,,,,OpenTargets,,,,
152535,23516,DXO,ENSG00000204348,2024-05-31,2023-06-01,True,0.1917626002908276,0.052736992042092,0.2521317799070121,,,,OpenTargets,,,,
147410,23516,DXO,ENSG00000204348,2022-01-19,2021-06-01,True,0.1082073674730725,0.052736992042092,0.177992902972159,,,,OpenTargets,,,,
136637,5203,CDK4,ENSG00000135446,2023-07-28,2023-06-01,True,0.9072480116024702,0.8983858781748305,0.8862861212587224,0.8669622694838875,0.8277065925532311,0.8220277992452887,OpenTargets,,,,
136633,5203,CDK4,ENSG00000135446,2023-07-28,2023-06-01,True,0.9072480116024702,0.8983858781748305,0.8862861212587224,0.8669622694838875,0.8277065925532311,0.8220277992452887,OpenTargets,,,,
136629,5203,CDK4,ENSG00000135446,2023-07-28,2023-06-01,True,0.9072480116024702,0.8983858781748305,0.8862861212587224,0.8669622694838875,0.8277065925532311,0.8220277992452887,OpenTargets,,,,
136630,5203,CDK4,ENSG00000135446,2023-07-28,2023-06-01,True,0.9072480116024702,0.8983858781748305,0.8862861212587224,0.8669622694838875,0.8277065925532311,0.8220277992452887,OpenTargets,,,,
136631,5203,CDK4,ENSG00000135446,2023-07-28,2023-06-01,True,0.9072480116024702,0.8983858781748305,0.8862861212587224,0.8669622694838875,0.8277065925532311,0.8220277992452887,OpenTargets,,,,
136636,5203,CDK4,ENSG00000135446,2023-07-28,2023-06-01,True,0.9072480116024702,0.8983858781748305,0.8862861212587224,0.8669622694838875,0.8277065925532311,0.8220277992452887,OpenTargets,,,,
136635,5203,CDK4,ENSG00000135446,2023-07-28,2023-06-01,True,0.9072480116024702,0.8983858781748305,0.8862861212587224,0.8669622694838875,0.8277065925532311,0.8220277992452887,OpenTargets,,,,
136628,5203,CDK4,ENSG00000135446,2023-07-28,2023-06-01,True,0.9072480116024702,0.8983858781748305,0.8862861212587224,0.8669622694838875,0.8277065925532311,0.8220277992452887,OpenTargets,,,,
136632,5203,CDK4,ENSG00000135446,2023-07-28,2023-06-01,True,0.9072480116024702,0.8983858781748305,0.8862861212587224,0.8669622694838875,0.8277065925532311,0.8220277992452887,OpenTargets,,,,
136634,5203,CDK4,ENSG00000135446,2023-07-28,2023-06-01,True,0.9072480116024702,0.8983858781748305,0.8862861212587224,0.8669622694838875,0.8277065925532311,0.8220277992452887,OpenTargets,,,,
135219,1228,IL17A,ENSG00000112115,2023-08-02,2023-06-01,True,0.7074705340038723,0.7113919947654309,0.607930797611621,0.7411924490828112,0.943893252461012,0.9490794242863274,OpenTargets,,,,
108368,7009,CKAP2,ENSG00000136108,2024-06-25,2024-06-01,False,0.2099392979375675,0.3198884531112871,0.31242416007891,0.5226383473351351,,,OpenTargets,,,,
115319,4319,AAMP,ENSG00000127837,2022-02-24,2021-06-01,False,0.2788544853781183,0.27035608042566,0.4554268261238284,0.3889734594918216,,,OpenTargets,,,,
150640,31588,NBEAP1,ENSG00000258590,2025-03-26,2024-06-01,False,0.0089803798245552,0.0102425851186309,,,,,OpenTargets,,,,
151196,31588,NBEAP1,ENSG00000258590,2023-09-15,2023-06-01,False,0.0089803798245552,0.0102425851186309,,,,,OpenTargets,,,,
108684,31588,NBEAP1,ENSG00000258590,2022-03-24,2021-06-01,False,0.0040653784015317,0.0102425851186309,,,,,OpenTargets,,,,
123231,31588,NBEAP1,ENSG00000258590,2021-07-28,2021-06-01,False,0.0040653784015317,0.0102425851186309,,,,,OpenTargets,,,,
145267,31588,NBEAP1,ENSG00000258590,2021-07-22,2021-06-01,False,0.0040653784015317,0.0102425851186309,,,,,OpenTargets,,,,
85623,6799,DLX6,ENSG00000006377,2022-03-18,2021-06-01,True,0.4762764383889054,0.5666653426773598,0.7750795275353287,0.8981134901010477,0.6160162975594711,0.6066987166053934,OpenTargets,,,,
93471,3925,ALPL,ENSG00000162551,2024-09-20,2024-06-01,True,0.8975375837722629,0.8962965081940305,0.968618447404346,0.9782283952226424,0.928647821331915,0.8578845166095471,OpenTargets,,,,
99675,3925,ALPL,ENSG00000162551,2023-04-21,2022-06-01,True,0.8929443570980449,0.8962965081940305,0.980977180446044,0.9782283952226424,0.8827158116514755,0.8578845166095471,OpenTargets,,,,
81385,3925,ALPL,ENSG00000162551,2024-04-29,2023-06-01,True,0.8954917621788214,0.8962965081940305,0.966389434031962,0.9782283952226424,0.8725453069701021,0.8578845166095471,OpenTargets,,,,
81386,3925,ALPL,ENSG00000162551,2024-04-29,2023-06-01,True,0.8954917621788214,0.8962965081940305,0.966389434031962,0.9782283952226424,0.8725453069701021,0.8578845166095471,OpenTargets,,,,
134032,3925,ALPL,ENSG00000162551,2021-06-15,2021-06-01,True,0.9006088756573982,0.8962965081940305,0.971596463401636,0.9782283952226424,0.878004408373886,0.8578845166095471,OpenTargets,,,,
128744,3925,ALPL,ENSG00000162551,2024-10-08,2024-06-01,True,0.8975375837722629,0.8962965081940305,0.968618447404346,0.9782283952226424,0.928647821331915,0.8578845166095471,OpenTargets,,,,
113637,3925,ALPL,ENSG00000162551,2023-06-23,2023-06-01,True,0.8954917621788214,0.8962965081940305,0.966389434031962,0.9782283952226424,0.8725453069701021,0.8578845166095471,OpenTargets,,,,
113636,3925,ALPL,ENSG00000162551,2023-06-23,2023-06-01,True,0.8954917621788214,0.8962965081940305,0.966389434031962,0.9782283952226424,0.8725453069701021,0.8578845166095471,OpenTargets,,,,
113635,3925,ALPL,ENSG00000162551,2023-06-23,2023-06-01,True,0.8954917621788214,0.8962965081940305,0.966389434031962,0.9782283952226424,0.8725453069701021,0.8578845166095471,OpenTargets,,,,
113634,3925,ALPL,ENSG00000162551,2023-06-23,2023-06-01,True,0.8954917621788214,0.8962965081940305,0.966389434031962,0.9782283952226424,0.8725453069701021,0.8578845166095471,OpenTargets,,,,
128472,3925,ALPL,ENSG00000162551,2023-06-20,2023-06-01,True,0.8954917621788214,0.8962965081940305,0.966389434031962,0.9782283952226424,0.8725453069701021,0.8578845166095471,OpenTargets,,,,
85464,3925,ALPL,ENSG00000162551,2024-02-23,2023-06-01,False,0.8954917621788214,0.8962965081940305,0.966389434031962,0.9782283952226424,0.8725453069701021,0.8578845166095471,OpenTargets,,,,
103267,6163,SLC18A2,ENSG00000165646,2022-04-15,2021-06-01,True,0.7848495719017173,0.8591028022012733,0.7499632827352503,0.8291910128027484,0.5681464364496114,0.6297011538194398,OpenTargets,,,,
103266,6163,SLC18A2,ENSG00000165646,2022-04-15,2021-06-01,True,0.7848495719017173,0.8591028022012733,0.7499632827352503,0.8291910128027484,0.5681464364496114,0.6297011538194398,OpenTargets,,,,
217924,2406,MAT1A,ENSG00000151224,2023-06-29,2023-06-01,True,0.8653838681305075,0.8454200602802421,0.9334290822717556,0.9367806619586988,0.6282409280764547,0.627879105780945,OpenTargets,,,,
146246,2406,MAT1A,ENSG00000151224,2021-11-15,2021-06-01,True,0.8299001469016036,0.8454200602802421,0.9047368667986118,0.9367806619586988,0.6352999250355593,0.627879105780945,OpenTargets,,,,
142038,2406,MAT1A,ENSG00000151224,2021-08-06,2021-06-01,True,0.8299001469016036,0.8454200602802421,0.9047368667986118,0.9367806619586988,0.6352999250355593,0.627879105780945,OpenTargets,,,,
217923,2406,MAT1A,ENSG00000151224,2023-06-29,2023-06-01,True,0.8653838681305075,0.8454200602802421,0.9334290822717556,0.9367806619586988,0.6282409280764547,0.627879105780945,OpenTargets,,,,
140948,2406,MAT1A,ENSG00000151224,2023-06-29,2023-06-01,True,0.8653838681305075,0.8454200602802421,0.9334290822717556,0.9367806619586988,0.6282409280764547,0.627879105780945,OpenTargets,,,,
140949,2406,MAT1A,ENSG00000151224,2023-06-29,2023-06-01,True,0.8653838681305075,0.8454200602802421,0.9334290822717556,0.9367806619586988,0.6282409280764547,0.627879105780945,OpenTargets,,,,
140950,2406,MAT1A,ENSG00000151224,2023-06-29,2023-06-01,True,0.8653838681305075,0.8454200602802421,0.9334290822717556,0.9367806619586988,0.6282409280764547,0.627879105780945,OpenTargets,,,,
142036,2406,MAT1A,ENSG00000151224,2021-08-06,2021-06-01,True,0.8299001469016036,0.8454200602802421,0.9047368667986118,0.9367806619586988,0.6352999250355593,0.627879105780945,OpenTargets,,,,
87315,2406,MAT1A,ENSG00000151224,2022-04-12,2021-06-01,True,0.8299001469016036,0.8454200602802421,0.9047368667986118,0.9367806619586988,0.6352999250355593,0.627879105780945,OpenTargets,,,,
217922,2406,MAT1A,ENSG00000151224,2023-06-29,2023-06-01,True,0.8653838681305075,0.8454200602802421,0.9334290822717556,0.9367806619586988,0.6282409280764547,0.627879105780945,OpenTargets,,,,
142037,2406,MAT1A,ENSG00000151224,2021-08-06,2021-06-01,True,0.8299001469016036,0.8454200602802421,0.9047368667986118,0.9367806619586988,0.6352999250355593,0.627879105780945,OpenTargets,,,,
146245,2406,MAT1A,ENSG00000151224,2021-11-15,2021-06-01,True,0.8299001469016036,0.8454200602802421,0.9047368667986118,0.9367806619586988,0.6352999250355593,0.627879105780945,OpenTargets,,,,
146244,2406,MAT1A,ENSG00000151224,2021-11-15,2021-06-01,True,0.8299001469016036,0.8454200602802421,0.9047368667986118,0.9367806619586988,0.6352999250355593,0.627879105780945,OpenTargets,,,,
99778,1726,ITGB2,ENSG00000160255,2025-10-24,2025-06-01,True,0.8362880165813463,0.8362880165813463,0.9346362193331054,0.9346362193331054,0.8318197459059099,0.8318197459059099,OpenTargets,,,,
152237,2247,BCL2,ENSG00000171791,2022-11-22,2022-06-01,True,0.8398767786771633,0.8680843318139029,0.8887313472730285,0.9273254750239552,0.8638918169982539,0.8700027453338744,OpenTargets,,,,
146393,2247,BCL2,ENSG00000171791,2021-08-26,2021-06-01,True,0.8287698787534654,0.8680843318139029,0.8988286776776293,0.9273254750239552,0.8400484418395608,0.8700027453338744,OpenTargets,,,,
95614,727,INSR,ENSG00000171105,2023-08-11,2023-06-01,True,0.9170593798081806,0.9147837053381724,0.9664997429751562,0.9651696173810844,0.9562425121612912,0.9558985973592498,OpenTargets,,,,
101255,1300,KDR,ENSG00000128052,2021-09-16,2021-06-01,True,0.8827586637697706,0.8945934026289059,0.8004298771856363,0.952044224485773,,,OpenTargets,,,,
132244,1300,KDR,ENSG00000128052,2023-09-29,2023-06-01,True,0.8901668765960303,0.8945934026289059,0.8711665601972968,0.952044224485773,,,OpenTargets,,,,
132243,1300,KDR,ENSG00000128052,2023-09-29,2023-06-01,True,0.8901668765960303,0.8945934026289059,0.8711665601972968,0.952044224485773,,,OpenTargets,,,,
132242,1300,KDR,ENSG00000128052,2023-09-29,2023-06-01,True,0.8901668765960303,0.8945934026289059,0.8711665601972968,0.952044224485773,,,OpenTargets,,,,
101247,1300,KDR,ENSG00000128052,2021-09-16,2021-06-01,True,0.8827586637697706,0.8945934026289059,0.8004298771856363,0.952044224485773,,,OpenTargets,,,,
101248,1300,KDR,ENSG00000128052,2021-09-16,2021-06-01,True,0.8827586637697706,0.8945934026289059,0.8004298771856363,0.952044224485773,,,OpenTargets,,,,
101249,1300,KDR,ENSG00000128052,2021-09-16,2021-06-01,True,0.8827586637697706,0.8945934026289059,0.8004298771856363,0.952044224485773,,,OpenTargets,,,,
101250,1300,KDR,ENSG00000128052,2021-09-16,2021-06-01,True,0.8827586637697706,0.8945934026289059,0.8004298771856363,0.952044224485773,,,OpenTargets,,,,
101251,1300,KDR,ENSG00000128052,2021-09-16,2021-06-01,True,0.8827586637697706,0.8945934026289059,0.8004298771856363,0.952044224485773,,,OpenTargets,,,,
101252,1300,KDR,ENSG00000128052,2021-09-16,2021-06-01,True,0.8827586637697706,0.8945934026289059,0.8004298771856363,0.952044224485773,,,OpenTargets,,,,
101253,1300,KDR,ENSG00000128052,2021-09-16,2021-06-01,True,0.8827586637697706,0.8945934026289059,0.8004298771856363,0.952044224485773,,,OpenTargets,,,,
101254,1300,KDR,ENSG00000128052,2021-09-16,2021-06-01,True,0.8827586637697706,0.8945934026289059,0.8004298771856363,0.952044224485773,,,OpenTargets,,,,
136640,5203,CDK4,ENSG00000135446,2023-07-28,2023-06-01,True,0.9072480116024702,0.8983858781748305,0.8862861212587224,0.8669622694838875,0.8277065925532311,0.8220277992452887,OpenTargets,,,,
136638,5203,CDK4,ENSG00000135446,2023-07-28,2023-06-01,True,0.9072480116024702,0.8983858781748305,0.8862861212587224,0.8669622694838875,0.8277065925532311,0.8220277992452887,OpenTargets,,,,
136641,5203,CDK4,ENSG00000135446,2023-07-28,2023-06-01,True,0.9072480116024702,0.8983858781748305,0.8862861212587224,0.8669622694838875,0.8277065925532311,0.8220277992452887,OpenTargets,,,,
136639,5203,CDK4,ENSG00000135446,2023-07-28,2023-06-01,True,0.9072480116024702,0.8983858781748305,0.8862861212587224,0.8669622694838875,0.8277065925532311,0.8220277992452887,OpenTargets,,,,
95354,1228,IL17A,ENSG00000112115,2023-02-15,2022-06-01,True,0.7044124764517866,0.7113919947654309,0.607930797611621,0.7411924490828112,0.9672675027111168,0.9490794242863274,OpenTargets,,,,
152238,1228,IL17A,ENSG00000112115,2022-08-16,2022-06-01,True,0.7044124764517866,0.7113919947654309,0.607930797611621,0.7411924490828112,0.9672675027111168,0.9490794242863274,OpenTargets,,,,
140273,1228,IL17A,ENSG00000112115,2021-11-29,2021-06-01,True,0.6981737315426819,0.7113919947654309,0.607930797611621,0.7411924490828112,0.9600432001456236,0.9490794242863274,OpenTargets,,,,
140272,1228,IL17A,ENSG00000112115,2021-11-29,2021-06-01,True,0.6981737315426819,0.7113919947654309,0.607930797611621,0.7411924490828112,0.9600432001456236,0.9490794242863274,OpenTargets,,,,
130782,19108,COL16A1,ENSG00000084636,2022-03-25,2021-06-01,False,0.5002378045450897,0.5401425587398143,0.7696327091464382,0.8884934944271181,0.5811205408269956,0.5566965688872979,OpenTargets,,,,
130783,19108,COL16A1,ENSG00000084636,2022-03-25,2021-06-01,False,0.5002378045450897,0.5401425587398143,0.7696327091464382,0.8884934944271181,0.5811205408269956,0.5566965688872979,OpenTargets,,,,
138163,2129,DRD2,ENSG00000149295,2021-06-30,2021-06-01,False,0.7702283655282899,0.8036074600415987,0.8166752795243258,0.9306255609406268,0.7650669349540226,0.7826748337927569,OpenTargets,,,,
85747,19548,INHA,ENSG00000123999,2022-04-12,2021-06-01,False,0.2060689590770242,0.4027287622497952,0.23657802446336,0.654585698497424,0.546720774052806,0.6137189570780838,OpenTargets,,,,
90195,31588,NBEAP1,ENSG00000258590,2022-07-25,2022-06-01,False,0.0092908269024904,0.0102425851186309,,,,,OpenTargets,,,,
90194,31588,NBEAP1,ENSG00000258590,2022-07-25,2022-06-01,False,0.0092908269024904,0.0102425851186309,,,,,OpenTargets,,,,
97498,31588,NBEAP1,ENSG00000258590,2021-06-11,2021-06-01,False,0.0040653784015317,0.0102425851186309,,,,,OpenTargets,,,,
144006,31588,NBEAP1,ENSG00000258590,2022-12-14,2022-06-01,False,0.0092908269024904,0.0102425851186309,,,,,OpenTargets,,,,
77128,5222,IL4R,ENSG00000077238,2023-05-16,2022-06-01,True,0.7613991920722564,0.7592541201260259,0.8762311141269916,0.9706134314125326,0.8567605105885441,0.8509611198084567,OpenTargets,,,,
148137,2406,MAT1A,ENSG00000151224,2021-06-17,2021-06-01,True,0.8299001469016036,0.8454200602802421,0.9047368667986118,0.9367806619586988,0.6352999250355593,0.627879105780945,OpenTargets,,,,
113318,2406,MAT1A,ENSG00000151224,2021-11-11,2021-06-01,True,0.8299001469016036,0.8454200602802421,0.9047368667986118,0.9367806619586988,0.6352999250355593,0.627879105780945,OpenTargets,,,,
118511,2026,ACP5,ENSG00000102575,2024-11-04,2024-06-01,False,0.8273110653653688,0.8308836240088747,0.9157126968026796,0.907782647547685,0.71828956294346,0.7215379038932639,OpenTargets,,,,
144566,1155,IL23A,ENSG00000110944,2023-02-21,2022-06-01,True,0.6545462725833202,0.6672556608937575,0.2810275077901077,0.4088823506744731,0.9070585522914334,0.9061722540985108,OpenTargets,,,,
131937,1155,IL23A,ENSG00000110944,2023-08-24,2023-06-01,True,0.6683204791901131,0.6672556608937575,0.2919641040973967,0.4088823506744731,0.9052896338643328,0.9061722540985108,OpenTargets,,,,
103906,3925,ALPL,ENSG00000162551,2023-09-20,2023-06-01,False,0.8954917621788214,0.8962965081940305,0.966389434031962,0.9782283952226424,0.8725453069701021,0.8578845166095471,OpenTargets,,,,
113327,3925,ALPL,ENSG00000162551,2024-01-16,2023-06-01,True,0.8954917621788214,0.8962965081940305,0.966389434031962,0.9782283952226424,0.8725453069701021,0.8578845166095471,OpenTargets,,,,
525819,2406,MAT1A,ENSG00000151224,2023-06-29,2023-06-01,True,0.8653838681305075,0.8454200602802421,0.9334290822717556,0.9367806619586988,0.6282409280764547,0.627879105780945,OpenTargets,,,,
525818,2406,MAT1A,ENSG00000151224,2023-06-29,2023-06-01,True,0.8653838681305075,0.8454200602802421,0.9334290822717556,0.9367806619586988,0.6282409280764547,0.627879105780945,OpenTargets,,,,
525820,2406,MAT1A,ENSG00000151224,2023-06-29,2023-06-01,True,0.8653838681305075,0.8454200602802421,0.9334290822717556,0.9367806619586988,0.6282409280764547,0.627879105780945,OpenTargets,,,,
107535,1228,IL17A,ENSG00000112115,2024-09-24,2024-06-01,True,0.7086026947540508,0.7113919947654309,0.607930797611621,0.7411924490828112,0.949578519643679,0.9490794242863274,OpenTargets,,,,
146582,2247,BCL2,ENSG00000171791,2021-06-28,2021-06-01,True,0.8287698787534654,0.8680843318139029,0.8988286776776293,0.9273254750239552,0.8400484418395608,0.8700027453338744,OpenTargets,,,,
146777,3619,CD38,ENSG00000004468,2021-11-09,2021-06-01,True,0.6290066798944112,0.721007709770771,0.6201660608363064,0.7795101711666197,0.7889977150539664,0.8609402822945892,OpenTargets,,,,
118944,727,INSR,ENSG00000171105,2022-06-03,2022-06-01,True,0.9177843403454912,0.9147837053381724,0.970554549868358,0.9651696173810844,0.9588064179672086,0.9558985973592498,OpenTargets,,,,
118945,727,INSR,ENSG00000171105,2022-03-08,2021-06-01,True,0.9129056892045674,0.9147837053381724,0.9586482540564376,0.9651696173810844,0.9380412192914854,0.9558985973592498,OpenTargets,,,,
150210,5203,CDK4,ENSG00000135446,2022-04-21,2021-06-01,True,0.8909364954268656,0.8983858781748305,0.8643886427348595,0.8669622694838875,0.749825541507044,0.8220277992452887,OpenTargets,,,,
127972,1228,IL17A,ENSG00000112115,2021-07-21,2021-06-01,True,0.6981737315426819,0.7113919947654309,0.607930797611621,0.7411924490828112,0.9600432001456236,0.9490794242863274,OpenTargets,,,,
107083,4612,SLC12A3,ENSG00000070915,2021-11-05,2021-06-01,False,0.887662402334365,0.8895164616587117,0.9472644269282016,0.9497100839895044,0.6153174300604176,0.7191701215659188,OpenTargets,,,,
150294,4281,BPI,ENSG00000101425,2025-12-15,2025-06-01,False,0.5370563363751466,0.5370563363751466,0.882808962186065,0.882808962186065,0.5224758381187481,0.5224758381187481,OpenTargets,,,,
105018,159,ATP4A,ENSG00000105675,2021-08-11,2021-06-01,False,0.6537438288691204,0.6579128531403279,0.2922273694336919,0.6807862878045543,0.7474394168086343,0.7802714566972617,OpenTargets,,,,
107359,81228,A2MP1,ENSG00000291190,2023-04-13,2022-06-01,False,0.0,0.0040653784015317,0.0,,0.0,,OpenTargets,,,,
107360,81228,A2MP1,ENSG00000291190,2023-04-13,2022-06-01,False,0.0,0.0040653784015317,0.0,,0.0,,OpenTargets,,,,
84558,31588,NBEAP1,ENSG00000258590,2021-08-17,2021-06-01,False,0.0040653784015317,0.0102425851186309,,,,,OpenTargets,,,,
98245,31588,NBEAP1,ENSG00000258590,2023-03-15,2022-06-01,False,0.0092908269024904,0.0102425851186309,,,,,OpenTargets,,,,
107394,31588,NBEAP1,ENSG00000258590,2023-02-01,2022-06-01,False,0.0092908269024904,0.0102425851186309,,,,,OpenTargets,,,,
111323,31588,NBEAP1,ENSG00000258590,2022-09-09,2022-06-01,False,0.0092908269024904,0.0102425851186309,,,,,OpenTargets,,,,
141419,2721,FOLH1,ENSG00000086205,2021-09-07,2021-06-01,False,0.4429222962373085,0.6239041553884669,0.7250815734581338,0.9582611450930992,0.7585247643667933,0.9390543869121972,OpenTargets,,,,
144470,2721,FOLH1,ENSG00000086205,2022-02-14,2021-06-01,False,0.4429222962373085,0.6239041553884669,0.7250815734581338,0.9582611450930992,0.7585247643667933,0.9390543869121972,OpenTargets,,,,
132961,2721,FOLH1,ENSG00000086205,2022-05-13,2021-06-01,False,0.4429222962373085,0.6239041553884669,0.7250815734581338,0.9582611450930992,0.7585247643667933,0.9390543869121972,OpenTargets,,,,
145320,2721,FOLH1,ENSG00000086205,2022-01-06,2021-06-01,False,0.4429222962373085,0.6239041553884669,0.7250815734581338,0.9582611450930992,0.7585247643667933,0.9390543869121972,OpenTargets,,,,
110510,2721,FOLH1,ENSG00000086205,2021-10-26,2021-06-01,False,0.4429222962373085,0.6239041553884669,0.7250815734581338,0.9582611450930992,0.7585247643667933,0.9390543869121972,OpenTargets,,,,
139442,2721,FOLH1,ENSG00000086205,2021-10-01,2021-06-01,False,0.4429222962373085,0.6239041553884669,0.7250815734581338,0.9582611450930992,0.7585247643667933,0.9390543869121972,OpenTargets,,,,
123379,358,GABRA4,ENSG00000109158,2021-07-26,2021-06-01,False,0.6615232545822841,0.7389676353627564,0.6037654029680914,0.8810652783006847,,,OpenTargets,,,,
149621,3927,RARA,ENSG00000131759,2021-12-02,2021-06-01,False,0.7899311254632865,0.7835061159547065,0.3647899560190427,0.4863446380892968,0.7204511750054272,0.80294635875913,OpenTargets,,,,
100937,25126,POLR3D,ENSG00000168495,2023-07-20,2023-06-01,False,0.1975234805535213,0.2122964396508159,0.3014884905346648,0.1749277043498582,0.4684527281065888,0.4915299041313817,OpenTargets,,,,
100936,25126,POLR3D,ENSG00000168495,2023-07-20,2023-06-01,False,0.1975234805535213,0.2122964396508159,0.3014884905346648,0.1749277043498582,0.4684527281065888,0.4915299041313817,OpenTargets,,,,
150849,17227,NFE4,ENSG00000230257,2024-09-20,2024-06-01,False,0.0247156984331744,0.0415771714941192,,,,,OpenTargets,,,,
108560,17227,NFE4,ENSG00000230257,2023-05-22,2022-06-01,False,0.0247156984331744,0.0415771714941192,,,,,OpenTargets,,,,
100787,2537,BAAT,ENSG00000136881,2022-09-10,2022-06-01,False,0.7195127105525009,0.7765153704359141,0.8639747465847915,0.8705091078064993,0.5131975381244621,0.5252025788775493,OpenTargets,,,,
141806,3656,NLRC4,ENSG00000091106,2021-06-16,2021-06-01,False,0.8017579675898024,0.795758018448298,0.8817616987346373,0.8771862862342072,0.7714220861178529,0.760949143919907,OpenTargets,,,,
141805,3656,NLRC4,ENSG00000091106,2021-06-16,2021-06-01,False,0.8017579675898024,0.795758018448298,0.8817616987346373,0.8771862862342072,0.7714220861178529,0.760949143919907,OpenTargets,,,,
141809,3656,NLRC4,ENSG00000091106,2021-06-16,2021-06-01,False,0.8017579675898024,0.795758018448298,0.8817616987346373,0.8771862862342072,0.7714220861178529,0.760949143919907,OpenTargets,,,,
141808,3656,NLRC4,ENSG00000091106,2021-06-16,2021-06-01,False,0.8017579675898024,0.795758018448298,0.8817616987346373,0.8771862862342072,0.7714220861178529,0.760949143919907,OpenTargets,,,,
141807,3656,NLRC4,ENSG00000091106,2021-06-16,2021-06-01,False,0.8017579675898024,0.795758018448298,0.8817616987346373,0.8771862862342072,0.7714220861178529,0.760949143919907,OpenTargets,,,,
137667,3656,NLRC4,ENSG00000091106,2022-06-24,2022-06-01,False,0.793109841554154,0.795758018448298,0.8600400618883929,0.8771862862342072,0.781234987068594,0.760949143919907,OpenTargets,,,,
133027,3274,RPSA,ENSG00000168028,2022-07-26,2022-06-01,False,0.810528106599691,0.787611664698058,0.9067019416953728,0.8559162442105891,0.7680669801931874,0.7792356784251983,OpenTargets,,,,
92955,1040,NR3C1,ENSG00000113580,2023-03-06,2022-06-01,False,0.8768152883752014,0.8806897161130463,0.9125414187528218,0.8998962222070886,0.7163723530530297,0.7185176171445338,OpenTargets,,,,
94881,1040,NR3C1,ENSG00000113580,2021-10-07,2021-06-01,False,0.8625625016702195,0.8806897161130463,0.8983815050706397,0.8998962222070886,0.7102183694352027,0.7185176171445338,OpenTargets,,,,
123425,670,ESR1,ENSG00000091831,2022-11-15,2022-06-01,False,0.891449631316087,0.8977553100712937,0.8340612743785629,0.9444054635005368,0.8520480671582874,0.8204829932275618,OpenTargets,,,,
123426,670,ESR1,ENSG00000091831,2022-11-15,2022-06-01,False,0.891449631316087,0.8977553100712937,0.8340612743785629,0.9444054635005368,0.8520480671582874,0.8204829932275618,OpenTargets,,,,
152492,18,PTGS2,ENSG00000073756,2025-09-15,2025-06-01,False,0.7251867740435501,0.7251867740435501,0.9254281373752976,0.9254281373752976,0.7035827300554949,0.7035827300554949,OpenTargets,,,,
152782,23516,DXO,ENSG00000204348,2023-11-30,2023-06-01,False,0.1917626002908276,0.052736992042092,0.2521317799070121,,,,OpenTargets,,,,
115909,4041,NR4A3,ENSG00000119508,2022-07-14,2022-06-01,False,0.6450146608996984,0.7166561785683788,0.677712355276644,0.8582467281483197,0.5022360094449145,0.4210141821000329,OpenTargets,,,,
84466,3541,KCNJ8,ENSG00000121361,2025-07-14,2025-06-01,False,0.7022637555371158,0.7022637555371158,0.759542622571113,0.759542622571113,0.823814229462087,0.823814229462087,OpenTargets,,,,
84467,3541,KCNJ8,ENSG00000121361,2025-07-14,2025-06-01,False,0.7022637555371158,0.7022637555371158,0.759542622571113,0.759542622571113,0.823814229462087,0.823814229462087,OpenTargets,,,,
108559,20,PTGS1,ENSG00000095303,2023-05-22,2022-06-01,False,0.662962010822616,0.6641478785722367,0.5413579338799545,0.7566894506771172,0.8226989061030562,0.7000576406271031,OpenTargets,,,,
101283,31588,NBEAP1,ENSG00000258590,2021-09-16,2021-06-01,False,0.0040653784015317,0.0102425851186309,,,,,OpenTargets,,,,
101284,31588,NBEAP1,ENSG00000258590,2021-09-16,2021-06-01,False,0.0040653784015317,0.0102425851186309,,,,,OpenTargets,,,,
101282,31588,NBEAP1,ENSG00000258590,2021-09-16,2021-06-01,False,0.0040653784015317,0.0102425851186309,,,,,OpenTargets,,,,
101281,31588,NBEAP1,ENSG00000258590,2021-09-16,2021-06-01,False,0.0040653784015317,0.0102425851186309,,,,,OpenTargets,,,,
101280,31588,NBEAP1,ENSG00000258590,2021-09-16,2021-06-01,False,0.0040653784015317,0.0102425851186309,,,,,OpenTargets,,,,
110775,31588,NBEAP1,ENSG00000258590,2021-11-16,2021-06-01,False,0.0040653784015317,0.0102425851186309,,,,,OpenTargets,,,,
110774,31588,NBEAP1,ENSG00000258590,2021-11-16,2021-06-01,False,0.0040653784015317,0.0102425851186309,,,,,OpenTargets,,,,
110773,31588,NBEAP1,ENSG00000258590,2021-11-16,2021-06-01,False,0.0040653784015317,0.0102425851186309,,,,,OpenTargets,,,,
136682,31588,NBEAP1,ENSG00000258590,2023-11-27,2023-06-01,False,0.0089803798245552,0.0102425851186309,,,,,OpenTargets,,,,
101279,31588,NBEAP1,ENSG00000258590,2021-09-16,2021-06-01,False,0.0040653784015317,0.0102425851186309,,,,,OpenTargets,,,,
115549,31588,NBEAP1,ENSG00000258590,2022-03-03,2021-06-01,False,0.0040653784015317,0.0102425851186309,,,,,OpenTargets,,,,
115550,31588,NBEAP1,ENSG00000258590,2022-03-03,2021-06-01,False,0.0040653784015317,0.0102425851186309,,,,,OpenTargets,,,,
101278,31588,NBEAP1,ENSG00000258590,2021-09-16,2021-06-01,False,0.0040653784015317,0.0102425851186309,,,,,OpenTargets,,,,
101277,31588,NBEAP1,ENSG00000258590,2021-09-16,2021-06-01,False,0.0040653784015317,0.0102425851186309,,,,,OpenTargets,,,,
150445,31588,NBEAP1,ENSG00000258590,2022-09-30,2022-06-01,False,0.0092908269024904,0.0102425851186309,,,,,OpenTargets,,,,
101310,2721,FOLH1,ENSG00000086205,2021-09-16,2021-06-01,False,0.4429222962373085,0.6239041553884669,0.7250815734581338,0.9582611450930992,0.7585247643667933,0.9390543869121972,OpenTargets,,,,
90203,2721,FOLH1,ENSG00000086205,2022-07-25,2022-06-01,False,0.4783574042176634,0.6239041553884669,0.7836404178975936,0.9582611450930992,0.4605413868979368,0.9390543869121972,OpenTargets,,,,
106144,2721,FOLH1,ENSG00000086205,2023-09-28,2023-06-01,False,0.5704414636732043,0.6239041553884669,0.8032374225352207,0.9582611450930992,0.8439090155800328,0.9390543869121972,OpenTargets,,,,
106143,2721,FOLH1,ENSG00000086205,2023-09-28,2023-06-01,False,0.5704414636732043,0.6239041553884669,0.8032374225352207,0.9582611450930992,0.8439090155800328,0.9390543869121972,OpenTargets,,,,
101304,2721,FOLH1,ENSG00000086205,2021-09-16,2021-06-01,False,0.4429222962373085,0.6239041553884669,0.7250815734581338,0.9582611450930992,0.7585247643667933,0.9390543869121972,OpenTargets,,,,
90202,2721,FOLH1,ENSG00000086205,2022-07-25,2022-06-01,False,0.4783574042176634,0.6239041553884669,0.7836404178975936,0.9582611450930992,0.4605413868979368,0.9390543869121972,OpenTargets,,,,
101305,2721,FOLH1,ENSG00000086205,2021-09-16,2021-06-01,False,0.4429222962373085,0.6239041553884669,0.7250815734581338,0.9582611450930992,0.7585247643667933,0.9390543869121972,OpenTargets,,,,
101306,2721,FOLH1,ENSG00000086205,2021-09-16,2021-06-01,False,0.4429222962373085,0.6239041553884669,0.7250815734581338,0.9582611450930992,0.7585247643667933,0.9390543869121972,OpenTargets,,,,
101311,2721,FOLH1,ENSG00000086205,2021-09-16,2021-06-01,False,0.4429222962373085,0.6239041553884669,0.7250815734581338,0.9582611450930992,0.7585247643667933,0.9390543869121972,OpenTargets,,,,
101307,2721,FOLH1,ENSG00000086205,2021-09-16,2021-06-01,False,0.4429222962373085,0.6239041553884669,0.7250815734581338,0.9582611450930992,0.7585247643667933,0.9390543869121972,OpenTargets,,,,
101308,2721,FOLH1,ENSG00000086205,2021-09-16,2021-06-01,False,0.4429222962373085,0.6239041553884669,0.7250815734581338,0.9582611450930992,0.7585247643667933,0.9390543869121972,OpenTargets,,,,
142031,2721,FOLH1,ENSG00000086205,2021-12-22,2021-06-01,False,0.4429222962373085,0.6239041553884669,0.7250815734581338,0.9582611450930992,0.7585247643667933,0.9390543869121972,OpenTargets,,,,
101312,2721,FOLH1,ENSG00000086205,2021-09-16,2021-06-01,False,0.4429222962373085,0.6239041553884669,0.7250815734581338,0.9582611450930992,0.7585247643667933,0.9390543869121972,OpenTargets,,,,
150577,2721,FOLH1,ENSG00000086205,2024-06-27,2024-06-01,False,0.5977867633587005,0.6239041553884669,0.803237422551465,0.9582611450930992,0.2654833793169949,0.9390543869121972,OpenTargets,,,,
101313,2721,FOLH1,ENSG00000086205,2021-09-16,2021-06-01,False,0.4429222962373085,0.6239041553884669,0.7250815734581338,0.9582611450930992,0.7585247643667933,0.9390543869121972,OpenTargets,,,,
150578,2721,FOLH1,ENSG00000086205,2024-06-27,2024-06-01,False,0.5977867633587005,0.6239041553884669,0.803237422551465,0.9582611450930992,0.2654833793169949,0.9390543869121972,OpenTargets,,,,
150579,2721,FOLH1,ENSG00000086205,2024-06-27,2024-06-01,False,0.5977867633587005,0.6239041553884669,0.803237422551465,0.9582611450930992,0.2654833793169949,0.9390543869121972,OpenTargets,,,,
142284,2721,FOLH1,ENSG00000086205,2022-10-03,2022-06-01,False,0.4783574042176634,0.6239041553884669,0.7836404178975936,0.9582611450930992,0.4605413868979368,0.9390543869121972,OpenTargets,,,,
101309,2721,FOLH1,ENSG00000086205,2021-09-16,2021-06-01,False,0.4429222962373085,0.6239041553884669,0.7250815734581338,0.9582611450930992,0.7585247643667933,0.9390543869121972,OpenTargets,,,,
106151,2721,FOLH1,ENSG00000086205,2023-09-28,2023-06-01,False,0.5704414636732043,0.6239041553884669,0.8032374225352207,0.9582611450930992,0.8439090155800328,0.9390543869121972,OpenTargets,,,,
106150,2721,FOLH1,ENSG00000086205,2023-09-28,2023-06-01,False,0.5704414636732043,0.6239041553884669,0.8032374225352207,0.9582611450930992,0.8439090155800328,0.9390543869121972,OpenTargets,,,,
106149,2721,FOLH1,ENSG00000086205,2023-09-28,2023-06-01,False,0.5704414636732043,0.6239041553884669,0.8032374225352207,0.9582611450930992,0.8439090155800328,0.9390543869121972,OpenTargets,,,,
106148,2721,FOLH1,ENSG00000086205,2023-09-28,2023-06-01,False,0.5704414636732043,0.6239041553884669,0.8032374225352207,0.9582611450930992,0.8439090155800328,0.9390543869121972,OpenTargets,,,,
106147,2721,FOLH1,ENSG00000086205,2023-09-28,2023-06-01,False,0.5704414636732043,0.6239041553884669,0.8032374225352207,0.9582611450930992,0.8439090155800328,0.9390543869121972,OpenTargets,,,,
106146,2721,FOLH1,ENSG00000086205,2023-09-28,2023-06-01,False,0.5704414636732043,0.6239041553884669,0.8032374225352207,0.9582611450930992,0.8439090155800328,0.9390543869121972,OpenTargets,,,,
106145,2721,FOLH1,ENSG00000086205,2023-09-28,2023-06-01,False,0.5704414636732043,0.6239041553884669,0.8032374225352207,0.9582611450930992,0.8439090155800328,0.9390543869121972,OpenTargets,,,,
103141,358,GABRA4,ENSG00000109158,2022-04-28,2021-06-01,False,0.6615232545822841,0.7389676353627564,0.6037654029680914,0.8810652783006847,,,OpenTargets,,,,
119954,25126,POLR3D,ENSG00000168495,2023-07-21,2023-06-01,False,0.1975234805535213,0.2122964396508159,0.3014884905346648,0.1749277043498582,0.4684527281065888,0.4915299041313817,OpenTargets,,,,
119955,25126,POLR3D,ENSG00000168495,2023-07-21,2023-06-01,False,0.1975234805535213,0.2122964396508159,0.3014884905346648,0.1749277043498582,0.4684527281065888,0.4915299041313817,OpenTargets,,,,
89291,17227,NFE4,ENSG00000230257,2022-11-17,2022-06-01,False,0.0247156984331744,0.0415771714941192,,,,,OpenTargets,,,,
132594,23,ABCA1,ENSG00000165029,2022-09-21,2022-06-01,False,0.876517424332573,0.8756802454454652,0.971510609592325,0.990885636259522,0.7618471807013347,0.9697370439789412,OpenTargets,,,,
138162,363,GABRD,ENSG00000187730,2021-06-30,2021-06-01,False,0.7747902843140588,0.7882447638490383,0.7869337531702477,0.8486879816136894,0.5128810027327705,0.6875825892659618,OpenTargets,,,,
106153,1040,NR3C1,ENSG00000113580,2023-09-28,2023-06-01,False,0.8719799594384686,0.8806897161130463,0.888541319410935,0.8998962222070886,0.7115400025492199,0.7185176171445338,OpenTargets,,,,
106152,1040,NR3C1,ENSG00000113580,2023-09-28,2023-06-01,False,0.8719799594384686,0.8806897161130463,0.888541319410935,0.8998962222070886,0.7115400025492199,0.7185176171445338,OpenTargets,,,,
99641,1040,NR3C1,ENSG00000113580,2022-06-09,2022-06-01,False,0.8768152883752014,0.8806897161130463,0.9125414187528218,0.8998962222070886,0.7163723530530297,0.7185176171445338,OpenTargets,,,,
106154,1040,NR3C1,ENSG00000113580,2023-09-28,2023-06-01,False,0.8719799594384686,0.8806897161130463,0.888541319410935,0.8998962222070886,0.7115400025492199,0.7185176171445338,OpenTargets,,,,
106160,1040,NR3C1,ENSG00000113580,2023-09-28,2023-06-01,False,0.8719799594384686,0.8806897161130463,0.888541319410935,0.8998962222070886,0.7115400025492199,0.7185176171445338,OpenTargets,,,,
106157,1040,NR3C1,ENSG00000113580,2023-09-28,2023-06-01,False,0.8719799594384686,0.8806897161130463,0.888541319410935,0.8998962222070886,0.7115400025492199,0.7185176171445338,OpenTargets,,,,
106156,1040,NR3C1,ENSG00000113580,2023-09-28,2023-06-01,False,0.8719799594384686,0.8806897161130463,0.888541319410935,0.8998962222070886,0.7115400025492199,0.7185176171445338,OpenTargets,,,,
106155,1040,NR3C1,ENSG00000113580,2023-09-28,2023-06-01,False,0.8719799594384686,0.8806897161130463,0.888541319410935,0.8998962222070886,0.7115400025492199,0.7185176171445338,OpenTargets,,,,
150385,1040,NR3C1,ENSG00000113580,2024-03-29,2023-06-01,False,0.8719799594384686,0.8806897161130463,0.888541319410935,0.8998962222070886,0.7115400025492199,0.7185176171445338,OpenTargets,,,,
106159,1040,NR3C1,ENSG00000113580,2023-09-28,2023-06-01,False,0.8719799594384686,0.8806897161130463,0.888541319410935,0.8998962222070886,0.7115400025492199,0.7185176171445338,OpenTargets,,,,
106158,1040,NR3C1,ENSG00000113580,2023-09-28,2023-06-01,False,0.8719799594384686,0.8806897161130463,0.888541319410935,0.8998962222070886,0.7115400025492199,0.7185176171445338,OpenTargets,,,,
85681,6409,AOC1,ENSG00000002726,2021-11-16,2021-06-01,False,0.4154042878685511,0.5995347547809622,0.667021031321694,0.9823905928140642,0.5481007874377973,0.5600303799115147,OpenTargets,,,,
87530,3886,AKR1A1,ENSG00000117448,2023-10-20,2023-06-01,False,0.4655346997865446,0.585986586990612,0.3353037774820403,0.9619439606509496,0.8348941185487121,0.852653482282825,OpenTargets,,,,
87529,3886,AKR1A1,ENSG00000117448,2023-10-20,2023-06-01,False,0.4655346997865446,0.585986586990612,0.3353037774820403,0.9619439606509496,0.8348941185487121,0.852653482282825,OpenTargets,,,,
130854,1808,COMP,ENSG00000105664,2021-07-27,2021-06-01,False,0.8579475598868693,0.8766403386048732,0.9303578175837924,0.9417047512587498,0.6585928660387401,0.7025657180802181,OpenTargets,,,,
78711,3789,SLC6A2,ENSG00000103546,2021-10-26,2021-06-01,False,0.7622077611824366,0.7964501944782989,0.6965585992638361,0.8534160942616578,0.7736883770526404,0.7445986844201898,OpenTargets,,,,
78713,3789,SLC6A2,ENSG00000103546,2021-10-26,2021-06-01,False,0.7622077611824366,0.7964501944782989,0.6965585992638361,0.8534160942616578,0.7736883770526404,0.7445986844201898,OpenTargets,,,,
78712,3789,SLC6A2,ENSG00000103546,2021-10-26,2021-06-01,False,0.7622077611824366,0.7964501944782989,0.6965585992638361,0.8534160942616578,0.7736883770526404,0.7445986844201898,OpenTargets,,,,
85971,3453,THRB,ENSG00000151090,2023-07-21,2023-06-01,False,0.8725844162523674,0.8765812401327377,0.9209076260315264,0.965319484153624,0.8581390802859122,0.8977071952358064,OpenTargets,,,,
85972,3453,THRB,ENSG00000151090,2023-07-21,2023-06-01,False,0.8725844162523674,0.8765812401327377,0.9209076260315264,0.965319484153624,0.8581390802859122,0.8977071952358064,OpenTargets,,,,
139592,3391,VIP,ENSG00000146469,2023-03-06,2022-06-01,False,0.3965845536043845,0.41172204206092,0.6344795622865118,0.6582878304319473,0.6451850898996271,0.70300141990063,OpenTargets,,,,
131425,1657,SLC6A4,ENSG00000108576,2021-10-04,2021-06-01,False,0.6463855133447041,0.7497986959255991,0.6665003132351397,0.9648087968039384,0.8544509577059639,0.9556388571400812,OpenTargets,,,,
82335,24200,GBX2,ENSG00000168505,2021-07-15,2021-06-01,False,0.3582420840052542,0.4803464772053787,0.5892810257560246,0.7901334808049154,0.6564624672937701,0.6389141806760912,OpenTargets,,,,
92963,24200,GBX2,ENSG00000168505,2022-04-18,2021-06-01,False,0.3582420840052542,0.4803464772053787,0.5892810257560246,0.7901334808049154,0.6564624672937701,0.6389141806760912,OpenTargets,,,,
94877,24200,GBX2,ENSG00000168505,2021-10-07,2021-06-01,False,0.3582420840052542,0.4803464772053787,0.5892810257560246,0.7901334808049154,0.6564624672937701,0.6389141806760912,OpenTargets,,,,
151382,792,SLCO1B1,ENSG00000134538,2023-08-31,2023-06-01,False,0.721844909369561,0.7411801997525141,0.949687898019493,0.97569122247741,0.6118458454012453,0.6362317878559267,OpenTargets,,,,
147371,1335,ABCC11,ENSG00000121270,2021-10-28,2021-06-01,False,0.2272778091265153,0.5255727563240048,0.3729428419076926,0.8620660004014039,,,OpenTargets,,,,
152361,17,PLG,ENSG00000122194,2021-10-31,2021-06-01,False,0.8475792518739443,0.8559607869722345,0.8899702025127191,0.9763714710709164,0.558576508253658,0.6442690549559066,OpenTargets,,,,
152362,17,PLG,ENSG00000122194,2021-10-31,2021-06-01,False,0.8475792518739443,0.8559607869722345,0.8899702025127191,0.9763714710709164,0.558576508253658,0.6442690549559066,OpenTargets,,,,
152363,17,PLG,ENSG00000122194,2021-10-31,2021-06-01,False,0.8475792518739443,0.8559607869722345,0.8899702025127191,0.9763714710709164,0.558576508253658,0.6442690549559066,OpenTargets,,,,
104691,4336,DCT,ENSG00000080166,2023-01-31,2022-06-01,False,0.4575858425117889,0.7533364588525672,0.5909527252911586,0.8296966622945602,0.8739617570696997,0.9207418718198952,OpenTargets,,,,
136764,31588,NBEAP1,ENSG00000258590,2022-01-10,2021-06-01,False,0.0040653784015317,0.0102425851186309,,,,,OpenTargets,,,,
136763,31588,NBEAP1,ENSG00000258590,2022-01-10,2021-06-01,False,0.0040653784015317,0.0102425851186309,,,,,OpenTargets,,,,
136762,31588,NBEAP1,ENSG00000258590,2022-01-10,2021-06-01,False,0.0040653784015317,0.0102425851186309,,,,,OpenTargets,,,,
139255,31588,NBEAP1,ENSG00000258590,2021-12-14,2021-06-01,False,0.0040653784015317,0.0102425851186309,,,,,OpenTargets,,,,
152899,31588,NBEAP1,ENSG00000258590,2023-07-28,2023-06-01,False,0.0089803798245552,0.0102425851186309,,,,,OpenTargets,,,,
136494,2721,FOLH1,ENSG00000086205,2021-07-27,2021-06-01,False,0.4429222962373085,0.6239041553884669,0.7250815734581338,0.9582611450930992,0.7585247643667933,0.9390543869121972,OpenTargets,,,,
153221,2721,FOLH1,ENSG00000086205,2022-05-12,2021-06-01,False,0.4429222962373085,0.6239041553884669,0.7250815734581338,0.9582611450930992,0.7585247643667933,0.9390543869121972,OpenTargets,,,,
82839,358,GABRA4,ENSG00000109158,2022-07-26,2022-06-01,False,0.6625596930602903,0.7389676353627564,0.63157600758785,0.8810652783006847,,,OpenTargets,,,,
88438,3274,RPSA,ENSG00000168028,2022-06-20,2022-06-01,False,0.810528106599691,0.787611664698058,0.9067019416953728,0.8559162442105891,0.7680669801931874,0.7792356784251983,OpenTargets,,,,
138917,3274,RPSA,ENSG00000168028,2021-11-16,2021-06-01,False,0.7373280853297136,0.787611664698058,0.8449941602438206,0.8559162442105891,0.75859297892554,0.7792356784251983,OpenTargets,,,,
88439,3274,RPSA,ENSG00000168028,2022-06-20,2022-06-01,False,0.810528106599691,0.787611664698058,0.9067019416953728,0.8559162442105891,0.7680669801931874,0.7792356784251983,OpenTargets,,,,
103800,119,ATP2B1,ENSG00000070961,2023-03-24,2022-06-01,False,0.5923952420199817,0.8196095797461035,0.79993526322532,0.9271537646255484,0.5936094185510228,0.6213134662422539,OpenTargets,,,,
137025,19044,EHHADH,ENSG00000113790,2022-08-03,2022-06-01,False,0.6658536508351891,0.6392001998648182,0.8038609660119378,0.7819347874616066,,0.5681149641503696,OpenTargets,,,,
137024,19044,EHHADH,ENSG00000113790,2022-08-03,2022-06-01,False,0.6658536508351891,0.6392001998648182,0.8038609660119378,0.7819347874616066,,0.5681149641503696,OpenTargets,,,,
151879,7006,NGRN,ENSG00000182768,2022-06-01,2022-06-01,False,0.0576265816519338,0.4778340897566986,0.0915321664984804,0.6088251392212362,,,OpenTargets,,,,
100070,6373,CPT2,ENSG00000157184,2021-12-29,2021-06-01,False,0.8741537205096527,0.8655033352229549,0.9561871560066132,0.952145676919605,0.6029430245649209,0.6038123566379222,OpenTargets,,,,
100069,6373,CPT2,ENSG00000157184,2021-12-29,2021-06-01,False,0.8741537205096527,0.8655033352229549,0.9561871560066132,0.952145676919605,0.6029430245649209,0.6038123566379222,OpenTargets,,,,
100071,6373,CPT2,ENSG00000157184,2021-12-29,2021-06-01,False,0.8741537205096527,0.8655033352229549,0.9561871560066132,0.952145676919605,0.6029430245649209,0.6038123566379222,OpenTargets,,,,
100072,6373,CPT2,ENSG00000157184,2021-12-29,2021-06-01,False,0.8741537205096527,0.8655033352229549,0.9561871560066132,0.952145676919605,0.6029430245649209,0.6038123566379222,OpenTargets,,,,
100073,6373,CPT2,ENSG00000157184,2021-12-29,2021-06-01,False,0.8741537205096527,0.8655033352229549,0.9561871560066132,0.952145676919605,0.6029430245649209,0.6038123566379222,OpenTargets,,,,
100067,6373,CPT2,ENSG00000157184,2021-12-29,2021-06-01,False,0.8741537205096527,0.8655033352229549,0.9561871560066132,0.952145676919605,0.6029430245649209,0.6038123566379222,OpenTargets,,,,
100076,6373,CPT2,ENSG00000157184,2021-12-29,2021-06-01,False,0.8741537205096527,0.8655033352229549,0.9561871560066132,0.952145676919605,0.6029430245649209,0.6038123566379222,OpenTargets,,,,
100077,6373,CPT2,ENSG00000157184,2021-12-29,2021-06-01,False,0.8741537205096527,0.8655033352229549,0.9561871560066132,0.952145676919605,0.6029430245649209,0.6038123566379222,OpenTargets,,,,
100068,6373,CPT2,ENSG00000157184,2021-12-29,2021-06-01,False,0.8741537205096527,0.8655033352229549,0.9561871560066132,0.952145676919605,0.6029430245649209,0.6038123566379222,OpenTargets,,,,
100074,6373,CPT2,ENSG00000157184,2021-12-29,2021-06-01,False,0.8741537205096527,0.8655033352229549,0.9561871560066132,0.952145676919605,0.6029430245649209,0.6038123566379222,OpenTargets,,,,
100075,6373,CPT2,ENSG00000157184,2021-12-29,2021-06-01,False,0.8741537205096527,0.8655033352229549,0.9561871560066132,0.952145676919605,0.6029430245649209,0.6038123566379222,OpenTargets,,,,
153385,17227,NFE4,ENSG00000230257,2025-09-01,2025-06-01,False,0.0415771714941192,0.0415771714941192,,,,,OpenTargets,,,,
153235,361,GABRG1,ENSG00000163285,2021-10-05,2021-06-01,False,0.6454245415244335,0.6751571833213,0.7111810783899734,0.8834769832004753,,0.4457725087500321,OpenTargets,,,,
153234,361,GABRG1,ENSG00000163285,2021-10-05,2021-06-01,False,0.6454245415244335,0.6751571833213,0.7111810783899734,0.8834769832004753,,0.4457725087500321,OpenTargets,,,,
153233,361,GABRG1,ENSG00000163285,2021-10-05,2021-06-01,False,0.6454245415244335,0.6751571833213,0.7111810783899734,0.8834769832004753,,0.4457725087500321,OpenTargets,,,,
153232,361,GABRG1,ENSG00000163285,2021-10-05,2021-06-01,False,0.6454245415244335,0.6751571833213,0.7111810783899734,0.8834769832004753,,0.4457725087500321,OpenTargets,,,,
153231,361,GABRG1,ENSG00000163285,2021-10-05,2021-06-01,False,0.6454245415244335,0.6751571833213,0.7111810783899734,0.8834769832004753,,0.4457725087500321,OpenTargets,,,,
85181,639,GCK,ENSG00000106633,2022-06-15,2022-06-01,False,0.9190651905349704,0.9225386011463638,0.9777895518361316,0.9805136464876776,0.9937241552992614,0.972644924023952,OpenTargets,,,,
153228,3612,GRIN1,ENSG00000176884,2021-10-05,2021-06-01,False,0.891842195865669,0.9136459329783936,0.9415195613151504,0.9539925204876112,0.8924603584720202,0.8613448063112241,OpenTargets,,,,
153227,3612,GRIN1,ENSG00000176884,2021-10-05,2021-06-01,False,0.891842195865669,0.9136459329783936,0.9415195613151504,0.9539925204876112,0.8924603584720202,0.8613448063112241,OpenTargets,,,,
153226,3612,GRIN1,ENSG00000176884,2021-10-05,2021-06-01,False,0.891842195865669,0.9136459329783936,0.9415195613151504,0.9539925204876112,0.8924603584720202,0.8613448063112241,OpenTargets,,,,
153230,3612,GRIN1,ENSG00000176884,2021-10-05,2021-06-01,False,0.891842195865669,0.9136459329783936,0.9415195613151504,0.9539925204876112,0.8924603584720202,0.8613448063112241,OpenTargets,,,,
153229,3612,GRIN1,ENSG00000176884,2021-10-05,2021-06-01,False,0.891842195865669,0.9136459329783936,0.9415195613151504,0.9539925204876112,0.8924603584720202,0.8613448063112241,OpenTargets,,,,
92639,20,PTGS1,ENSG00000095303,2021-09-29,2021-06-01,False,0.7033249416157714,0.6641478785722367,0.5437601270469236,0.7566894506771172,0.7147623855790289,0.7000576406271031,OpenTargets,,,,
92640,20,PTGS1,ENSG00000095303,2021-09-29,2021-06-01,False,0.7033249416157714,0.6641478785722367,0.5437601270469236,0.7566894506771172,0.7147623855790289,0.7000576406271031,OpenTargets,,,,
146585,18778,POLA1,ENSG00000101868,2021-06-28,2021-06-01,False,0.8640415318117527,0.8786648800847285,0.8495741741498054,0.9090794654193086,,,OpenTargets,,,,
141190,18778,POLA1,ENSG00000101868,2021-11-24,2021-06-01,False,0.8640415318117527,0.8786648800847285,0.8495741741498054,0.9090794654193086,,,OpenTargets,,,,
146778,17763,CUL4A,ENSG00000139842,2021-11-09,2021-06-01,False,0.6618179622641991,0.6640440089077507,0.6323379453451584,0.9184189206179124,0.787204609944862,0.792680180969949,OpenTargets,,,,
142744,3391,VIP,ENSG00000146469,2022-04-15,2021-06-01,False,0.3957375027520065,0.41172204206092,0.6397246078098724,0.6582878304319473,0.6493674158671401,0.70300141990063,OpenTargets,,,,
105014,7001,PIP4P2,ENSG00000155099,2021-11-09,2021-06-01,False,0.1483633280103888,0.3856131415090723,0.2440464088894066,0.6343043369805107,,,OpenTargets,,,,
146584,24200,GBX2,ENSG00000168505,2021-06-28,2021-06-01,False,0.3582420840052542,0.4803464772053787,0.5892810257560246,0.7901334808049154,0.6564624672937701,0.6389141806760912,OpenTargets,,,,
124385,24200,GBX2,ENSG00000168505,2021-07-15,2021-06-01,False,0.3582420840052542,0.4803464772053787,0.5892810257560246,0.7901334808049154,0.6564624672937701,0.6389141806760912,OpenTargets,,,,
113321,24200,GBX2,ENSG00000168505,2021-11-11,2021-06-01,False,0.3582420840052542,0.4803464772053787,0.5892810257560246,0.7901334808049154,0.6564624672937701,0.6389141806760912,OpenTargets,,,,
120826,792,SLCO1B1,ENSG00000134538,2023-03-23,2022-06-01,False,0.7208563685768036,0.7411801997525141,0.947147159772211,0.97569122247741,0.5491199396351981,0.6362317878559267,OpenTargets,,,,
144870,17,PLG,ENSG00000122194,2022-06-28,2022-06-01,False,0.8685552981022214,0.8559607869722345,0.927100454063684,0.9763714710709164,0.6474829579474788,0.6442690549559066,OpenTargets,,,,
100066,6910,NDST1,ENSG00000070614,2021-12-29,2021-06-01,False,0.7040558875757441,0.6528192998841102,0.8074997228395177,0.8716101199514094,0.6411271055529375,0.6320953944215489,OpenTargets,,,,
100062,6910,NDST1,ENSG00000070614,2021-12-29,2021-06-01,False,0.7040558875757441,0.6528192998841102,0.8074997228395177,0.8716101199514094,0.6411271055529375,0.6320953944215489,OpenTargets,,,,
100063,6910,NDST1,ENSG00000070614,2021-12-29,2021-06-01,False,0.7040558875757441,0.6528192998841102,0.8074997228395177,0.8716101199514094,0.6411271055529375,0.6320953944215489,OpenTargets,,,,
100064,6910,NDST1,ENSG00000070614,2021-12-29,2021-06-01,False,0.7040558875757441,0.6528192998841102,0.8074997228395177,0.8716101199514094,0.6411271055529375,0.6320953944215489,OpenTargets,,,,
100065,6910,NDST1,ENSG00000070614,2021-12-29,2021-06-01,False,0.7040558875757441,0.6528192998841102,0.8074997228395177,0.8716101199514094,0.6411271055529375,0.6320953944215489,OpenTargets,,,,
100056,6910,NDST1,ENSG00000070614,2021-12-29,2021-06-01,False,0.7040558875757441,0.6528192998841102,0.8074997228395177,0.8716101199514094,0.6411271055529375,0.6320953944215489,OpenTargets,,,,
100057,6910,NDST1,ENSG00000070614,2021-12-29,2021-06-01,False,0.7040558875757441,0.6528192998841102,0.8074997228395177,0.8716101199514094,0.6411271055529375,0.6320953944215489,OpenTargets,,,,
100058,6910,NDST1,ENSG00000070614,2021-12-29,2021-06-01,False,0.7040558875757441,0.6528192998841102,0.8074997228395177,0.8716101199514094,0.6411271055529375,0.6320953944215489,OpenTargets,,,,
100059,6910,NDST1,ENSG00000070614,2021-12-29,2021-06-01,False,0.7040558875757441,0.6528192998841102,0.8074997228395177,0.8716101199514094,0.6411271055529375,0.6320953944215489,OpenTargets,,,,
100060,6910,NDST1,ENSG00000070614,2021-12-29,2021-06-01,False,0.7040558875757441,0.6528192998841102,0.8074997228395177,0.8716101199514094,0.6411271055529375,0.6320953944215489,OpenTargets,,,,
100061,6910,NDST1,ENSG00000070614,2021-12-29,2021-06-01,False,0.7040558875757441,0.6528192998841102,0.8074997228395177,0.8716101199514094,0.6411271055529375,0.6320953944215489,OpenTargets,,,,
153374,102,PRKCE,ENSG00000171132,2025-01-01,2024-06-01,False,0.7089713956725514,0.7148624597913833,0.8091999155542863,0.9562410754158658,0.5077378453476796,0.5066291434021846,OpenTargets,,,,
152051,2578,CYP3A4,ENSG00000160868,2022-12-13,2022-06-01,False,0.680224046010853,0.6910028321730817,0.547137717850459,0.8766512720213698,0.8423770825149547,,OpenTargets,,,,
147475,515,NDUFB8,ENSG00000166136,2022-11-10,2022-06-01,False,0.8333296359574649,0.8123958087078005,0.7947919256469053,0.7782978206043406,,,OpenTargets,,,,
147479,515,NDUFB8,ENSG00000166136,2022-11-10,2022-06-01,False,0.8333296359574649,0.8123958087078005,0.7947919256469053,0.7782978206043406,,,OpenTargets,,,,
147477,515,NDUFB8,ENSG00000166136,2022-11-10,2022-06-01,False,0.8333296359574649,0.8123958087078005,0.7947919256469053,0.7782978206043406,,,OpenTargets,,,,
147478,515,NDUFB8,ENSG00000166136,2022-11-10,2022-06-01,False,0.8333296359574649,0.8123958087078005,0.7947919256469053,0.7782978206043406,,,OpenTargets,,,,
147476,515,NDUFB8,ENSG00000166136,2022-11-10,2022-06-01,False,0.8333296359574649,0.8123958087078005,0.7947919256469053,0.7782978206043406,,,OpenTargets,,,,
84243,1181,VDR,ENSG00000111424,2022-03-16,2021-06-01,False,0.8761524204089398,0.8807018763172716,0.8952420853102259,0.911621530340306,0.8530795787221361,0.8462493211761625,OpenTargets,,,,
114126,448,SLC22A4,ENSG00000197208,2021-06-10,2021-06-01,False,0.5442163415647373,0.5687798864651284,0.7241846222107706,0.926221298977631,0.6854289244248362,0.7644460018448879,OpenTargets,,,,
139385,448,SLC22A4,ENSG00000197208,2021-09-30,2021-06-01,False,0.5442163415647373,0.5687798864651284,0.7241846222107706,0.926221298977631,0.6854289244248362,0.7644460018448879,OpenTargets,,,,
139384,448,SLC22A4,ENSG00000197208,2021-09-30,2021-06-01,False,0.5442163415647373,0.5687798864651284,0.7241846222107706,0.926221298977631,0.6854289244248362,0.7644460018448879,OpenTargets,,,,
78406,1040,NR3C1,ENSG00000113580,2022-05-24,2021-06-01,False,0.8625625016702195,0.8806897161130463,0.8983815050706397,0.8998962222070886,0.7102183694352027,0.7185176171445338,OpenTargets,,,,
127509,320,SCN4A,ENSG00000007314,2022-01-18,2021-06-01,False,0.9137061312835608,0.9119074662200742,0.9758620904501778,0.9714393531684424,0.7586557823448998,0.7582957538135182,OpenTargets,,,,
81939,1520,HTR1A,ENSG00000178394,2024-05-23,2023-06-01,False,0.7311822792615096,0.7558960237251532,0.7372711213501211,0.8743263925030014,0.9134514203805308,0.8723048846635605,OpenTargets,,,,
78340,3265,GBA1,ENSG00000177628,2023-03-15,2022-06-01,False,0.8735720467033872,0.8994284925133397,0.983581306794278,0.9648560082515903,0.9089728824937836,0.8836664261875417,OpenTargets,,,,
88273,3265,GBA1,ENSG00000177628,2024-07-08,2024-06-01,False,0.8964367842815844,0.8994284925133397,0.9677274681935156,0.9648560082515903,0.8837424621402746,0.8836664261875417,OpenTargets,,,,
150872,1040,NR3C1,ENSG00000113580,2022-08-01,2022-06-01,False,0.8768152883752014,0.8806897161130463,0.9125414187528218,0.8998962222070886,0.7163723530530297,0.7185176171445338,OpenTargets,,,,
102405,2033,CTNND1,ENSG00000198561,2023-05-01,2022-06-01,False,0.6965356941169364,0.7799606008745514,0.8240738889776555,0.8348700319859891,,,OpenTargets,,,,
152494,6305,CACNA1B,ENSG00000148408,2024-12-03,2024-06-01,False,0.8172474717969087,0.7922965691131204,0.8272641568819074,0.9421515329208274,0.4784633374635644,0.4853340680443107,OpenTargets,,,,
152493,6305,CACNA1B,ENSG00000148408,2024-12-03,2024-06-01,False,0.8172474717969087,0.7922965691131204,0.8272641568819074,0.9421515329208274,0.4784633374635644,0.4853340680443107,OpenTargets,,,,
100678,729,ESR2,ENSG00000140009,2023-11-16,2023-06-01,False,0.796543481377828,0.7835228631744859,0.8820564250749147,0.906240628415342,0.8256490962631314,0.7793186816382908,OpenTargets,,,,
100676,729,ESR2,ENSG00000140009,2023-11-16,2023-06-01,False,0.796543481377828,0.7835228631744859,0.8820564250749147,0.906240628415342,0.8256490962631314,0.7793186816382908,OpenTargets,,,,
100677,729,ESR2,ENSG00000140009,2023-11-16,2023-06-01,False,0.796543481377828,0.7835228631744859,0.8820564250749147,0.906240628415342,0.8256490962631314,0.7793186816382908,OpenTargets,,,,
151333,3654,ADRA2A,ENSG00000150594,2022-04-19,2021-06-01,False,0.679016077687363,0.7092207372685022,0.6135842665399697,0.8079112908915261,0.932484458820543,0.9281874718700504,OpenTargets,,,,
151332,3654,ADRA2A,ENSG00000150594,2022-04-19,2021-06-01,False,0.679016077687363,0.7092207372685022,0.6135842665399697,0.8079112908915261,0.932484458820543,0.9281874718700504,OpenTargets,,,,
150827,670,ESR1,ENSG00000091831,2021-06-05,2021-06-01,False,0.8877412986539267,0.8977553100712937,0.8145611709141717,0.9444054635005368,0.8065115024156558,0.8204829932275618,OpenTargets,,,,
96808,7006,NGRN,ENSG00000182768,2022-10-12,2022-06-01,False,0.0576265816519338,0.4778340897566986,0.0915321664984804,0.6088251392212362,,,OpenTargets,,,,
89718,7006,NGRN,ENSG00000182768,2022-06-10,2022-06-01,False,0.0576265816519338,0.4778340897566986,0.0915321664984804,0.6088251392212362,,,OpenTargets,,,,
133169,3697,IRAK1,ENSG00000184216,2023-02-15,2022-06-01,False,0.470519176934989,0.580638779391058,0.547137717850459,0.6856867256378183,0.8722665661353374,0.8718609955931701,OpenTargets,,,,
133024,17379,DPYSL5,ENSG00000157851,2022-07-26,2022-06-01,False,0.4176677537331159,0.6344926221418102,0.607930797611621,0.8096195645824912,,,OpenTargets,,,,
96976,2793,NR3C2,ENSG00000151623,2021-10-12,2021-06-01,False,0.8624590845054871,0.8748708915930852,0.9144017888081688,0.952937590082964,0.5856238834178975,0.5974399632073681,OpenTargets,,,,
152803,2793,NR3C2,ENSG00000151623,2022-03-04,2021-06-01,False,0.8624590845054871,0.8748708915930852,0.9144017888081688,0.952937590082964,0.5856238834178975,0.5974399632073681,OpenTargets,,,,
149542,1040,NR3C1,ENSG00000113580,2022-09-01,2022-06-01,False,0.8768152883752014,0.8806897161130463,0.9125414187528218,0.8998962222070886,0.7163723530530297,0.7185176171445338,OpenTargets,,,,
91796,21224,GRIK3,ENSG00000163873,2023-10-07,2023-06-01,False,0.7257024549920124,0.7695882268398028,0.5804851809055329,0.926134767380412,,,OpenTargets,,,,
135064,1402,TYMS,ENSG00000176890,2022-07-08,2022-06-01,False,0.7250780078502629,0.8492268345065775,0.5610206142694448,0.900731682444979,,,OpenTargets,,,,
141420,1402,TYMS,ENSG00000176890,2021-09-07,2021-06-01,False,0.7246786213886335,0.8492268345065775,0.5398366510955935,0.900731682444979,,,OpenTargets,,,,
123227,1402,TYMS,ENSG00000176890,2021-07-28,2021-06-01,False,0.7246786213886335,0.8492268345065775,0.5398366510955935,0.900731682444979,,,OpenTargets,,,,
147387,1402,TYMS,ENSG00000176890,2024-07-19,2024-06-01,False,0.8224272870272153,0.8492268345065775,0.8001785496979474,0.900731682444979,,,OpenTargets,,,,
149286,1402,TYMS,ENSG00000176890,2021-09-22,2021-06-01,False,0.7246786213886335,0.8492268345065775,0.5398366510955935,0.900731682444979,,,OpenTargets,,,,
108686,1402,TYMS,ENSG00000176890,2022-03-24,2021-06-01,False,0.7246786213886335,0.8492268345065775,0.5398366510955935,0.900731682444979,,,OpenTargets,,,,
94713,4466,SLC22A12,ENSG00000197891,2022-09-28,2022-06-01,False,0.8326797316030072,0.8058144351935235,0.9195728432724688,0.9732655938668022,0.8068188286967143,0.8233224662695533,OpenTargets,,,,
92957,1040,NR3C1,ENSG00000113580,2023-03-06,2022-06-01,False,0.8768152883752014,0.8806897161130463,0.9125414187528218,0.8998962222070886,0.7163723530530297,0.7185176171445338,OpenTargets,,,,
100464,5764,OXTR,ENSG00000180914,2022-12-06,2022-06-01,False,0.6698682300436015,0.6875659107160149,0.513962692649489,0.8673764895435703,0.7413959874717415,0.6616875797284677,OpenTargets,,,,
100467,5764,OXTR,ENSG00000180914,2022-12-06,2022-06-01,False,0.6698682300436015,0.6875659107160149,0.513962692649489,0.8673764895435703,0.7413959874717415,0.6616875797284677,OpenTargets,,,,
100465,5764,OXTR,ENSG00000180914,2022-12-06,2022-06-01,False,0.6698682300436015,0.6875659107160149,0.513962692649489,0.8673764895435703,0.7413959874717415,0.6616875797284677,OpenTargets,,,,
100466,5764,OXTR,ENSG00000180914,2022-12-06,2022-06-01,False,0.6698682300436015,0.6875659107160149,0.513962692649489,0.8673764895435703,0.7413959874717415,0.6616875797284677,OpenTargets,,,,
152259,3571,NR1H4,ENSG00000012504,2024-05-27,2023-06-01,False,0.7830985124296577,0.8165658137952422,0.9028022208906122,0.967847976310324,0.6905275554764964,0.7667955752600345,OpenTargets,,,,
152048,2578,CYP3A4,ENSG00000160868,2022-12-13,2022-06-01,False,0.680224046010853,0.6910028321730817,0.547137717850459,0.8766512720213698,0.8423770825149547,,OpenTargets,,,,
152049,2578,CYP3A4,ENSG00000160868,2022-12-13,2022-06-01,False,0.680224046010853,0.6910028321730817,0.547137717850459,0.8766512720213698,0.8423770825149547,,OpenTargets,,,,
152050,2578,CYP3A4,ENSG00000160868,2022-12-13,2022-06-01,False,0.680224046010853,0.6910028321730817,0.547137717850459,0.8766512720213698,0.8423770825149547,,OpenTargets,,,,
152052,2578,CYP3A4,ENSG00000160868,2022-12-13,2022-06-01,False,0.680224046010853,0.6910028321730817,0.547137717850459,0.8766512720213698,0.8423770825149547,,OpenTargets,,,,
129001,14,CACNA1C,ENSG00000151067,2022-10-27,2022-06-01,False,0.8917478537298669,0.903758817571329,0.9171659792573178,0.9354778370600204,0.7683009368930407,0.7796848481835057,OpenTargets,,,,
98161,20,PTGS1,ENSG00000095303,2021-11-23,2021-06-01,False,0.7033249416157714,0.6641478785722367,0.5437601270469236,0.7566894506771172,0.7147623855790289,0.7000576406271031,OpenTargets,,,,
94633,320,SCN4A,ENSG00000007314,2025-02-03,2024-06-01,False,0.9112562582982534,0.9119074662200742,0.9707738654053594,0.9714393531684424,0.7579704237921623,0.7582957538135182,OpenTargets,,,,
146780,18463,PSMD1,ENSG00000173692,2021-11-09,2021-06-01,False,0.5386522836442373,0.5389824291250289,0.1673613680026323,0.6040129604500688,,,OpenTargets,,,,
103798,6142,AREL1,ENSG00000119682,2023-03-24,2022-06-01,False,0.432425275734235,0.4860482976441024,0.7043155390178181,0.6888310742406202,0.6133928869584956,0.6723380421622868,OpenTargets,,,,
147913,24216,CRYBB3,ENSG00000100053,2021-06-30,2021-06-01,False,0.7784487630304054,0.7973087635205955,0.8713521931763375,0.8787610591495009,0.4349592874211746,0.6176323599235065,OpenTargets,,,,
147914,24216,CRYBB3,ENSG00000100053,2021-06-30,2021-06-01,False,0.7784487630304054,0.7973087635205955,0.8713521931763375,0.8787610591495009,0.4349592874211746,0.6176323599235065,OpenTargets,,,,
77130,1142,BDNF,ENSG00000176697,2023-05-16,2022-06-01,False,0.6389699313453411,0.6256239089211937,0.8993415235466025,0.9591595290708568,0.7388377316345485,0.735351784793733,OpenTargets,,,,
109625,20,PTGS1,ENSG00000095303,2022-06-03,2022-06-01,False,0.662962010822616,0.6641478785722367,0.5413579338799545,0.7566894506771172,0.8226989061030562,0.7000576406271031,OpenTargets,,,,
109626,20,PTGS1,ENSG00000095303,2022-06-03,2022-06-01,False,0.662962010822616,0.6641478785722367,0.5413579338799545,0.7566894506771172,0.8226989061030562,0.7000576406271031,OpenTargets,,,,
109627,20,PTGS1,ENSG00000095303,2022-06-03,2022-06-01,False,0.662962010822616,0.6641478785722367,0.5413579338799545,0.7566894506771172,0.8226989061030562,0.7000576406271031,OpenTargets,,,,
149733,3323,CXCR2,ENSG00000180871,2021-09-30,2021-06-01,False,0.4386899625273134,0.74942926336675,0.5145491973638864,0.9725751052727004,0.760237902105476,0.7180151076969336,OpenTargets,,,,
137022,3323,CXCR2,ENSG00000180871,2022-09-14,2022-06-01,False,0.6695987284104714,0.74942926336675,0.8769333630368934,0.9725751052727004,0.7770927639282229,0.7180151076969336,OpenTargets,,,,
139233,1142,BDNF,ENSG00000176697,2025-11-24,2025-06-01,False,0.6256239089211937,0.6256239089211937,0.9591595290708568,0.9591595290708568,0.735351784793733,0.735351784793733,OpenTargets,,,,
86817,2793,NR3C2,ENSG00000151623,2022-08-09,2022-06-01,False,0.8821897903605671,0.8748708915930852,0.927776293098145,0.952937590082964,0.6102107758110897,0.5974399632073681,OpenTargets,,,,
142888,2793,NR3C2,ENSG00000151623,2021-08-23,2021-06-01,False,0.8624590845054871,0.8748708915930852,0.9144017888081688,0.952937590082964,0.5856238834178975,0.5974399632073681,OpenTargets,,,,
146779,2793,NR3C2,ENSG00000151623,2021-11-09,2021-06-01,False,0.8624590845054871,0.8748708915930852,0.9144017888081688,0.952937590082964,0.5856238834178975,0.5974399632073681,OpenTargets,,,,
84504,1040,NR3C1,ENSG00000113580,2022-08-22,2022-06-01,False,0.8768152883752014,0.8806897161130463,0.9125414187528218,0.8998962222070886,0.7163723530530297,0.7185176171445338,OpenTargets,,,,
84505,1040,NR3C1,ENSG00000113580,2022-08-22,2022-06-01,False,0.8768152883752014,0.8806897161130463,0.9125414187528218,0.8998962222070886,0.7163723530530297,0.7185176171445338,OpenTargets,,,,
84560,1402,TYMS,ENSG00000176890,2021-08-17,2021-06-01,False,0.7246786213886335,0.8492268345065775,0.5398366510955935,0.900731682444979,,,OpenTargets,,,,
131729,3871,XK,ENSG00000047597,2022-11-21,2022-06-01,False,0.7529739814452165,0.8107592510001068,0.8372035591741505,0.9010588438884182,0.836568997870926,0.869990437506999,OpenTargets,,,,
111326,1402,TYMS,ENSG00000176890,2022-09-09,2022-06-01,False,0.7250780078502629,0.8492268345065775,0.5610206142694448,0.900731682444979,,,OpenTargets,,,,
152898,1402,TYMS,ENSG00000176890,2023-07-28,2023-06-01,False,0.8074585219546547,0.8492268345065775,0.7911419626508291,0.900731682444979,,,OpenTargets,,,,
149746,1402,TYMS,ENSG00000176890,2021-08-02,2021-06-01,False,0.7246786213886335,0.8492268345065775,0.5398366510955935,0.900731682444979,,,OpenTargets,,,,
149745,1402,TYMS,ENSG00000176890,2021-08-02,2021-06-01,False,0.7246786213886335,0.8492268345065775,0.5398366510955935,0.900731682444979,,,OpenTargets,,,,
84512,1040,NR3C1,ENSG00000113580,2021-11-23,2021-06-01,False,0.8625625016702195,0.8806897161130463,0.8983815050706397,0.8998962222070886,0.7102183694352027,0.7185176171445338,OpenTargets,,,,
92439,2308,CPD,ENSG00000108582,2024-07-11,2024-06-01,False,0.425783147257929,0.5619777313519296,0.5742146720793739,0.7395285562893312,0.5002063446866385,0.500977387064743,OpenTargets,,,,
142678,20252,KCNT1,ENSG00000107147,2021-09-03,2021-06-01,False,0.8451434280982042,0.8673525880303731,0.9334132112495238,0.937891985725029,0.9539737636312022,0.9682205398914218,OpenTargets,,,,
105269,614,GCKR,ENSG00000084734,2023-04-17,2022-06-01,False,0.6304944880778198,0.6692099870681346,0.829152063057504,0.8789374845963163,0.8344513426555829,0.8184962277299442,OpenTargets,,,,
139246,5017,MYO18B,ENSG00000133454,2022-05-05,2021-06-01,False,0.6776699894442125,0.7995344895422141,0.8563855587507345,0.9375960470266138,0.5183179959912789,0.6071499547779423,OpenTargets,,,,
139245,5017,MYO18B,ENSG00000133454,2022-05-05,2021-06-01,False,0.6776699894442125,0.7995344895422141,0.8563855587507345,0.9375960470266138,0.5183179959912789,0.6071499547779423,OpenTargets,,,,
139247,5017,MYO18B,ENSG00000133454,2022-05-05,2021-06-01,False,0.6776699894442125,0.7995344895422141,0.8563855587507345,0.9375960470266138,0.5183179959912789,0.6071499547779423,OpenTargets,,,,
150032,4303,NRP1,ENSG00000099250,2021-12-01,2021-06-01,False,0.5333742576314525,0.5933905741422534,0.8417981715539453,0.9596169064964531,0.759098685005703,0.7508666001384794,OpenTargets,,,,
146581,2616,DNMT1,ENSG00000130816,2021-06-28,2021-06-01,False,0.8693499732720372,0.8871534586235317,0.8986313572452984,0.9277936935378668,0.5421211837077466,0.7481436459673457,OpenTargets,,,,
141092,1040,NR3C1,ENSG00000113580,2025-07-25,2025-06-01,False,0.8806897161130463,0.8806897161130463,0.8998962222070886,0.8998962222070886,0.7185176171445338,0.7185176171445338,OpenTargets,,,,
139387,448,SLC22A4,ENSG00000197208,2021-09-30,2021-06-01,False,0.5442163415647373,0.5687798864651284,0.7241846222107706,0.926221298977631,0.6854289244248362,0.7644460018448879,OpenTargets,,,,
150387,3391,VIP,ENSG00000146469,2024-03-29,2023-06-01,False,0.41207643184307,0.41172204206092,0.6590637899523218,0.6582878304319473,0.6579438847760763,0.70300141990063,OpenTargets,,,,
86423,3391,VIP,ENSG00000146469,2022-12-06,2022-06-01,False,0.3965845536043845,0.41172204206092,0.6344795622865118,0.6582878304319473,0.6451850898996271,0.70300141990063,OpenTargets,,,,
89153,2578,CYP3A4,ENSG00000160868,2021-07-16,2021-06-01,False,0.6440261710286896,0.6910028321730817,0.1794144740358881,0.8766512720213698,0.7207179855002851,,OpenTargets,,,,
110728,17559,CACNA1I,ENSG00000100346,2022-12-20,2022-06-01,False,0.7816668512554671,0.7909535719390922,0.8305742159089006,0.8916632245438854,0.920422113531988,0.7567477725157334,OpenTargets,,,,
99526,4564,CA9,ENSG00000107159,2021-11-23,2021-06-01,False,0.3756894166920947,0.549664077934683,0.0781861899681213,0.3351844351276108,0.6881492478570017,0.7396848025408634,OpenTargets,,,,
86425,18463,PSMD1,ENSG00000173692,2022-12-06,2022-06-01,False,0.5495378425145115,0.5389824291250289,0.2524565698664348,0.6040129604500688,,,OpenTargets,,,,
106957,5116,AMD1,ENSG00000123505,2024-07-08,2024-06-01,False,0.3645108080618927,0.4726094420651984,0.4796740806604266,0.6219253163971163,,,OpenTargets,,,,
146006,3654,ADRA2A,ENSG00000150594,2022-04-27,2021-06-01,False,0.679016077687363,0.7092207372685022,0.6135842665399697,0.8079112908915261,0.932484458820543,0.9281874718700504,OpenTargets,,,,
146005,3654,ADRA2A,ENSG00000150594,2022-04-27,2021-06-01,False,0.679016077687363,0.7092207372685022,0.6135842665399697,0.8079112908915261,0.932484458820543,0.9281874718700504,OpenTargets,,,,
107826,20,PTGS1,ENSG00000095303,2022-08-05,2022-06-01,False,0.662962010822616,0.6641478785722367,0.5413579338799545,0.7566894506771172,0.8226989061030562,0.7000576406271031,OpenTargets,,,,
142203,33,PDE4B,ENSG00000184588,2021-07-12,2021-06-01,False,0.7289452656610691,0.738948709624749,0.8569750524554495,0.9753436552258734,0.5277843158449809,0.524676903795558,OpenTargets,,,,
87185,33,PDE4B,ENSG00000184588,2023-02-07,2022-06-01,False,0.7313954762698696,0.738948709624749,0.8721829550870128,0.9753436552258734,0.5363754468778349,0.524676903795558,OpenTargets,,,,
152200,7006,NGRN,ENSG00000182768,2023-01-01,2022-06-01,False,0.0576265816519338,0.4778340897566986,0.0915321664984804,0.6088251392212362,,,OpenTargets,,,,
152201,7006,NGRN,ENSG00000182768,2023-01-01,2022-06-01,False,0.0576265816519338,0.4778340897566986,0.0915321664984804,0.6088251392212362,,,OpenTargets,,,,
152202,7006,NGRN,ENSG00000182768,2023-01-01,2022-06-01,False,0.0576265816519338,0.4778340897566986,0.0915321664984804,0.6088251392212362,,,OpenTargets,,,,
152203,7006,NGRN,ENSG00000182768,2023-01-01,2022-06-01,False,0.0576265816519338,0.4778340897566986,0.0915321664984804,0.6088251392212362,,,OpenTargets,,,,
152204,7006,NGRN,ENSG00000182768,2023-01-01,2022-06-01,False,0.0576265816519338,0.4778340897566986,0.0915321664984804,0.6088251392212362,,,OpenTargets,,,,
85746,792,SLCO1B1,ENSG00000134538,2022-04-12,2021-06-01,False,0.6555828765007704,0.7411801997525141,0.8755143306169909,0.97569122247741,0.5431013580540118,0.6362317878559267,OpenTargets,,,,
85743,17379,DPYSL5,ENSG00000157851,2022-04-12,2021-06-01,False,0.3052006672918147,0.6344926221418102,0.5020319228617093,0.8096195645824912,,,OpenTargets,,,,
139943,2793,NR3C2,ENSG00000151623,2021-06-04,2021-06-01,False,0.8624590845054871,0.8748708915930852,0.9144017888081688,0.952937590082964,0.5856238834178975,0.5974399632073681,OpenTargets,,,,
113620,1917,FASLG,ENSG00000117560,2021-12-20,2021-06-01,False,0.6443357026608615,0.7080829908454743,0.7362431739234447,0.8964242725939195,0.8214407572820702,0.8645114227477528,OpenTargets,,,,
113619,1917,FASLG,ENSG00000117560,2021-12-20,2021-06-01,False,0.6443357026608615,0.7080829908454743,0.7362431739234447,0.8964242725939195,0.8214407572820702,0.8645114227477528,OpenTargets,,,,
101256,1402,TYMS,ENSG00000176890,2021-09-16,2021-06-01,False,0.7246786213886335,0.8492268345065775,0.5398366510955935,0.900731682444979,,,OpenTargets,,,,
101257,1402,TYMS,ENSG00000176890,2021-09-16,2021-06-01,False,0.7246786213886335,0.8492268345065775,0.5398366510955935,0.900731682444979,,,OpenTargets,,,,
101258,1402,TYMS,ENSG00000176890,2021-09-16,2021-06-01,False,0.7246786213886335,0.8492268345065775,0.5398366510955935,0.900731682444979,,,OpenTargets,,,,
101259,1402,TYMS,ENSG00000176890,2021-09-16,2021-06-01,False,0.7246786213886335,0.8492268345065775,0.5398366510955935,0.900731682444979,,,OpenTargets,,,,
101260,1402,TYMS,ENSG00000176890,2021-09-16,2021-06-01,False,0.7246786213886335,0.8492268345065775,0.5398366510955935,0.900731682444979,,,OpenTargets,,,,
101262,1402,TYMS,ENSG00000176890,2021-09-16,2021-06-01,False,0.7246786213886335,0.8492268345065775,0.5398366510955935,0.900731682444979,,,OpenTargets,,,,
101263,1402,TYMS,ENSG00000176890,2021-09-16,2021-06-01,False,0.7246786213886335,0.8492268345065775,0.5398366510955935,0.900731682444979,,,OpenTargets,,,,
101264,1402,TYMS,ENSG00000176890,2021-09-16,2021-06-01,False,0.7246786213886335,0.8492268345065775,0.5398366510955935,0.900731682444979,,,OpenTargets,,,,
101265,1402,TYMS,ENSG00000176890,2021-09-16,2021-06-01,False,0.7246786213886335,0.8492268345065775,0.5398366510955935,0.900731682444979,,,OpenTargets,,,,
147156,1402,TYMS,ENSG00000176890,2021-09-01,2021-06-01,False,0.7246786213886335,0.8492268345065775,0.5398366510955935,0.900731682444979,,,OpenTargets,,,,
147155,1402,TYMS,ENSG00000176890,2021-09-01,2021-06-01,False,0.7246786213886335,0.8492268345065775,0.5398366510955935,0.900731682444979,,,OpenTargets,,,,
147154,1402,TYMS,ENSG00000176890,2021-09-01,2021-06-01,False,0.7246786213886335,0.8492268345065775,0.5398366510955935,0.900731682444979,,,OpenTargets,,,,
147153,1402,TYMS,ENSG00000176890,2021-09-01,2021-06-01,False,0.7246786213886335,0.8492268345065775,0.5398366510955935,0.900731682444979,,,OpenTargets,,,,
152161,27993,TRGV4,ENSG00000211698,2023-02-10,2022-06-01,False,0.0021045519502878,0.0046197481835587,,,,,OpenTargets,,,,
152160,27993,TRGV4,ENSG00000211698,2023-02-10,2022-06-01,False,0.0021045519502878,0.0046197481835587,,,,,OpenTargets,,,,
145932,5559,BLOC1S6,ENSG00000104164,2022-03-14,2021-06-01,False,0.6549416062432997,0.7946467678756919,0.7323879511274267,0.8571814612096207,0.776776948412323,0.7796077220541386,OpenTargets,,,,
139945,5559,BLOC1S6,ENSG00000104164,2021-06-04,2021-06-01,False,0.6549416062432997,0.7946467678756919,0.7323879511274267,0.8571814612096207,0.776776948412323,0.7796077220541386,OpenTargets,,,,
144003,1402,TYMS,ENSG00000176890,2022-12-14,2022-06-01,False,0.7250780078502629,0.8492268345065775,0.5610206142694448,0.900731682444979,,,OpenTargets,,,,
82446,1402,TYMS,ENSG00000176890,2022-08-13,2022-06-01,False,0.7250780078502629,0.8492268345065775,0.5610206142694448,0.900731682444979,,,OpenTargets,,,,
110784,1402,TYMS,ENSG00000176890,2021-11-16,2021-06-01,False,0.7246786213886335,0.8492268345065775,0.5398366510955935,0.900731682444979,,,OpenTargets,,,,
148914,1402,TYMS,ENSG00000176890,2021-12-08,2021-06-01,False,0.7246786213886335,0.8492268345065775,0.5398366510955935,0.900731682444979,,,OpenTargets,,,,
136679,1402,TYMS,ENSG00000176890,2023-11-27,2023-06-01,False,0.8074585219546547,0.8492268345065775,0.7911419626508291,0.900731682444979,,,OpenTargets,,,,
110782,1402,TYMS,ENSG00000176890,2021-11-16,2021-06-01,False,0.7246786213886335,0.8492268345065775,0.5398366510955935,0.900731682444979,,,OpenTargets,,,,
110783,1402,TYMS,ENSG00000176890,2021-11-16,2021-06-01,False,0.7246786213886335,0.8492268345065775,0.5398366510955935,0.900731682444979,,,OpenTargets,,,,
105708,1402,TYMS,ENSG00000176890,2022-01-25,2021-06-01,False,0.7246786213886335,0.8492268345065775,0.5398366510955935,0.900731682444979,,,OpenTargets,,,,
109704,1402,TYMS,ENSG00000176890,2021-10-06,2021-06-01,False,0.7246786213886335,0.8492268345065775,0.5398366510955935,0.900731682444979,,,OpenTargets,,,,
109703,1402,TYMS,ENSG00000176890,2021-10-06,2021-06-01,False,0.7246786213886335,0.8492268345065775,0.5398366510955935,0.900731682444979,,,OpenTargets,,,,
114990,614,GCKR,ENSG00000084734,2023-03-30,2022-06-01,False,0.6304944880778198,0.6692099870681346,0.829152063057504,0.8789374845963163,0.8344513426555829,0.8184962277299442,OpenTargets,,,,
106899,614,GCKR,ENSG00000084734,2021-06-15,2021-06-01,False,0.4131616726025658,0.6692099870681346,0.6428919886752574,0.8789374845963163,0.8176459352629916,0.8184962277299442,OpenTargets,,,,
114991,614,GCKR,ENSG00000084734,2023-03-30,2022-06-01,False,0.6304944880778198,0.6692099870681346,0.829152063057504,0.8789374845963163,0.8344513426555829,0.8184962277299442,OpenTargets,,,,
114989,614,GCKR,ENSG00000084734,2023-03-30,2022-06-01,False,0.6304944880778198,0.6692099870681346,0.829152063057504,0.8789374845963163,0.8344513426555829,0.8184962277299442,OpenTargets,,,,
114988,614,GCKR,ENSG00000084734,2023-03-30,2022-06-01,False,0.6304944880778198,0.6692099870681346,0.829152063057504,0.8789374845963163,0.8344513426555829,0.8184962277299442,OpenTargets,,,,
139915,5017,MYO18B,ENSG00000133454,2022-12-05,2022-06-01,False,0.7544484888497499,0.7995344895422141,0.8727585397535486,0.9375960470266138,0.5727248928676207,0.6071499547779423,OpenTargets,,,,
139916,5017,MYO18B,ENSG00000133454,2022-12-05,2022-06-01,False,0.7544484888497499,0.7995344895422141,0.8727585397535486,0.9375960470266138,0.5727248928676207,0.6071499547779423,OpenTargets,,,,
130778,1443,APEX1,ENSG00000100823,2022-03-25,2021-06-01,False,0.2388994857707349,0.5780205313810611,0.0812782677165457,0.9185520309637716,0.3966767874427417,0.3858331426927099,OpenTargets,,,,
130779,1443,APEX1,ENSG00000100823,2022-03-25,2021-06-01,False,0.2388994857707349,0.5780205313810611,0.0812782677165457,0.9185520309637716,0.3966767874427417,0.3858331426927099,OpenTargets,,,,
79542,1040,NR3C1,ENSG00000113580,2022-08-31,2022-06-01,False,0.8768152883752014,0.8806897161130463,0.9125414187528218,0.8998962222070886,0.7163723530530297,0.7185176171445338,OpenTargets,,,,
130428,4146,PGR,ENSG00000082175,2022-08-02,2022-06-01,False,0.6872255706576132,0.7639885681906088,0.7037543248664558,0.9249270210962398,0.9618011968426816,0.9569471858936752,OpenTargets,,,,
130429,4146,PGR,ENSG00000082175,2022-08-02,2022-06-01,False,0.6872255706576132,0.7639885681906088,0.7037543248664558,0.9249270210962398,0.9618011968426816,0.9569471858936752,OpenTargets,,,,
139386,448,SLC22A4,ENSG00000197208,2021-09-30,2021-06-01,False,0.5442163415647373,0.5687798864651284,0.7241846222107706,0.926221298977631,0.6854289244248362,0.7644460018448879,OpenTargets,,,,
141340,22640,SRD5A1,ENSG00000145545,2023-06-13,2023-06-01,False,0.6507804915096651,0.6572835265620124,0.5431882287049447,0.6276035222625318,0.3516271733385616,0.6017363711841904,OpenTargets,,,,
141341,22640,SRD5A1,ENSG00000145545,2023-06-13,2023-06-01,False,0.6507804915096651,0.6572835265620124,0.5431882287049447,0.6276035222625318,0.3516271733385616,0.6017363711841904,OpenTargets,,,,
141339,22640,SRD5A1,ENSG00000145545,2023-06-13,2023-06-01,False,0.6507804915096651,0.6572835265620124,0.5431882287049447,0.6276035222625318,0.3516271733385616,0.6017363711841904,OpenTargets,,,,
141342,22640,SRD5A1,ENSG00000145545,2023-06-13,2023-06-01,False,0.6507804915096651,0.6572835265620124,0.5431882287049447,0.6276035222625318,0.3516271733385616,0.6017363711841904,OpenTargets,,,,
141338,22640,SRD5A1,ENSG00000145545,2023-06-13,2023-06-01,False,0.6507804915096651,0.6572835265620124,0.5431882287049447,0.6276035222625318,0.3516271733385616,0.6017363711841904,OpenTargets,,,,
141343,22640,SRD5A1,ENSG00000145545,2023-06-13,2023-06-01,False,0.6507804915096651,0.6572835265620124,0.5431882287049447,0.6276035222625318,0.3516271733385616,0.6017363711841904,OpenTargets,,,,
141346,22640,SRD5A1,ENSG00000145545,2023-06-13,2023-06-01,False,0.6507804915096651,0.6572835265620124,0.5431882287049447,0.6276035222625318,0.3516271733385616,0.6017363711841904,OpenTargets,,,,
141344,22640,SRD5A1,ENSG00000145545,2023-06-13,2023-06-01,False,0.6507804915096651,0.6572835265620124,0.5431882287049447,0.6276035222625318,0.3516271733385616,0.6017363711841904,OpenTargets,,,,
141345,22640,SRD5A1,ENSG00000145545,2023-06-13,2023-06-01,False,0.6507804915096651,0.6572835265620124,0.5431882287049447,0.6276035222625318,0.3516271733385616,0.6017363711841904,OpenTargets,,,,
141347,22640,SRD5A1,ENSG00000145545,2023-06-13,2023-06-01,False,0.6507804915096651,0.6572835265620124,0.5431882287049447,0.6276035222625318,0.3516271733385616,0.6017363711841904,OpenTargets,,,,
119630,28078,RPL28,ENSG00000108107,2021-12-29,2021-06-01,False,0.5136492683157508,0.5635734498158309,0.3065705165270793,0.5370938224687142,,,OpenTargets,,,,
85151,33,PDE4B,ENSG00000184588,2025-04-18,2024-06-01,False,0.7472666680695341,0.738948709624749,0.8451252744958769,0.9753436552258734,0.5284074710214902,0.524676903795558,OpenTargets,,,,
97106,27748,PNLIPRP3,ENSG00000203837,2021-10-05,2021-06-01,False,0.1602997038927844,0.3875900203697447,,0.6375561525957731,,,OpenTargets,,,,
145266,19833,PARP3,ENSG00000041880,2021-07-22,2021-06-01,False,0.6121160929124323,0.6194593942948807,0.0686609877220593,0.4747186241730013,,,OpenTargets,,,,
150902,22353,AADAC,ENSG00000114771,2023-02-01,2022-06-01,False,0.1953296650430558,0.5283301814901424,0.3213024670084948,0.8690630308018515,0.4283294665739956,0.4465015290924952,OpenTargets,,,,
145747,19782,GCGR,ENSG00000215644,2023-10-17,2023-06-01,False,0.7524553323801484,0.7900053534638549,0.7509404384417788,0.787353901980677,0.6648358359054957,0.6650172887446364,OpenTargets,,,,
150646,19782,GCGR,ENSG00000215644,2025-03-26,2024-06-01,False,0.7766880860115805,0.7900053534638549,0.7392661820474802,0.787353901980677,0.6631094117600158,0.6650172887446364,OpenTargets,,,,
123097,27882,ALG1L2,ENSG00000251287,2022-03-07,2021-06-01,False,0.2846696114925074,0.5213877750533088,0.4682598950585979,0.8576432993717146,0.8486415124445238,0.578628511772573,OpenTargets,,,,
141349,903,INO80,ENSG00000128908,2023-06-13,2023-06-01,False,0.6090376691148733,0.5395235751727168,0.634662865739932,0.8235851791282108,0.4488376701086424,0.452137144319549,OpenTargets,,,,
129303,903,INO80,ENSG00000128908,2022-12-19,2022-06-01,False,0.4807428522085194,0.5395235751727168,0.649996834518975,0.8235851791282108,0.4354359248105245,0.452137144319549,OpenTargets,,,,
141348,903,INO80,ENSG00000128908,2023-06-13,2023-06-01,False,0.6090376691148733,0.5395235751727168,0.634662865739932,0.8235851791282108,0.4488376701086424,0.452137144319549,OpenTargets,,,,
141350,903,INO80,ENSG00000128908,2023-06-13,2023-06-01,False,0.6090376691148733,0.5395235751727168,0.634662865739932,0.8235851791282108,0.4488376701086424,0.452137144319549,OpenTargets,,,,
141351,903,INO80,ENSG00000128908,2023-06-13,2023-06-01,False,0.6090376691148733,0.5395235751727168,0.634662865739932,0.8235851791282108,0.4488376701086424,0.452137144319549,OpenTargets,,,,
141352,903,INO80,ENSG00000128908,2023-06-13,2023-06-01,False,0.6090376691148733,0.5395235751727168,0.634662865739932,0.8235851791282108,0.4488376701086424,0.452137144319549,OpenTargets,,,,
141353,903,INO80,ENSG00000128908,2023-06-13,2023-06-01,False,0.6090376691148733,0.5395235751727168,0.634662865739932,0.8235851791282108,0.4488376701086424,0.452137144319549,OpenTargets,,,,
141354,903,INO80,ENSG00000128908,2023-06-13,2023-06-01,False,0.6090376691148733,0.5395235751727168,0.634662865739932,0.8235851791282108,0.4488376701086424,0.452137144319549,OpenTargets,,,,
141355,903,INO80,ENSG00000128908,2023-06-13,2023-06-01,False,0.6090376691148733,0.5395235751727168,0.634662865739932,0.8235851791282108,0.4488376701086424,0.452137144319549,OpenTargets,,,,
141356,903,INO80,ENSG00000128908,2023-06-13,2023-06-01,False,0.6090376691148733,0.5395235751727168,0.634662865739932,0.8235851791282108,0.4488376701086424,0.452137144319549,OpenTargets,,,,
141357,903,INO80,ENSG00000128908,2023-06-13,2023-06-01,False,0.6090376691148733,0.5395235751727168,0.634662865739932,0.8235851791282108,0.4488376701086424,0.452137144319549,OpenTargets,,,,
141303,7006,NGRN,ENSG00000182768,2021-11-03,2021-06-01,False,0.019217125832897,0.4778340897566986,,0.6088251392212362,,,OpenTargets,,,,
129339,1040,NR3C1,ENSG00000113580,2022-12-07,2022-06-01,False,0.8768152883752014,0.8806897161130463,0.9125414187528218,0.8998962222070886,0.7163723530530297,0.7185176171445338,OpenTargets,,,,
102636,614,GCKR,ENSG00000084734,2021-12-21,2021-06-01,False,0.4131616726025658,0.6692099870681346,0.6428919886752574,0.8789374845963163,0.8176459352629916,0.8184962277299442,OpenTargets,,,,
145402,3697,IRAK1,ENSG00000184216,2021-10-12,2021-06-01,False,0.4082012467676502,0.580638779391058,,0.6856867256378183,0.8601255844967064,0.8718609955931701,OpenTargets,,,,
106339,1040,NR3C1,ENSG00000113580,2023-01-11,2022-06-01,False,0.8768152883752014,0.8806897161130463,0.9125414187528218,0.8998962222070886,0.7163723530530297,0.7185176171445338,OpenTargets,,,,
152775,2616,DNMT1,ENSG00000130816,2021-10-01,2021-06-01,False,0.8693499732720372,0.8871534586235317,0.8986313572452984,0.9277936935378668,0.5421211837077466,0.7481436459673457,OpenTargets,,,,
139693,2616,DNMT1,ENSG00000130816,2022-03-17,2021-06-01,False,0.8693499732720372,0.8871534586235317,0.8986313572452984,0.9277936935378668,0.5421211837077466,0.7481436459673457,OpenTargets,,,,
104318,1822,SNAP25,ENSG00000132639,2022-07-29,2022-06-01,False,0.8173601768815895,0.7576891104643566,0.8232089089700306,0.8158786229599959,0.8863136779993633,0.8875300789913242,OpenTargets,,,,
97114,727,INSR,ENSG00000171105,2023-04-03,2022-06-01,False,0.9177843403454912,0.9147837053381724,0.970554549868358,0.9651696173810844,0.9588064179672086,0.9558985973592498,OpenTargets,,,,
89774,727,INSR,ENSG00000171105,2023-03-31,2022-06-01,False,0.9177843403454912,0.9147837053381724,0.970554549868358,0.9651696173810844,0.9588064179672086,0.9558985973592498,OpenTargets,,,,
97115,727,INSR,ENSG00000171105,2023-04-03,2022-06-01,False,0.9177843403454912,0.9147837053381724,0.970554549868358,0.9651696173810844,0.9588064179672086,0.9558985973592498,OpenTargets,,,,
97113,727,INSR,ENSG00000171105,2023-04-03,2022-06-01,False,0.9177843403454912,0.9147837053381724,0.970554549868358,0.9651696173810844,0.9588064179672086,0.9558985973592498,OpenTargets,,,,
116144,727,INSR,ENSG00000171105,2024-04-30,2023-06-01,False,0.9170593798081806,0.9147837053381724,0.9664997429751562,0.9651696173810844,0.9562425121612912,0.9558985973592498,OpenTargets,,,,
108492,727,INSR,ENSG00000171105,2023-03-31,2022-06-01,False,0.9177843403454912,0.9147837053381724,0.970554549868358,0.9651696173810844,0.9588064179672086,0.9558985973592498,OpenTargets,,,,
97116,727,INSR,ENSG00000171105,2023-04-03,2022-06-01,False,0.9177843403454912,0.9147837053381724,0.970554549868358,0.9651696173810844,0.9588064179672086,0.9558985973592498,OpenTargets,,,,
97112,727,INSR,ENSG00000171105,2023-04-03,2022-06-01,False,0.9177843403454912,0.9147837053381724,0.970554549868358,0.9651696173810844,0.9588064179672086,0.9558985973592498,OpenTargets,,,,
78471,1193,ALB,ENSG00000163631,2023-06-16,2023-06-01,False,0.7224657675599964,0.7595980774837868,0.9362155211181976,0.9852892950679148,0.5582998182265944,0.7935879845285969,OpenTargets,,,,
100714,17,PLG,ENSG00000122194,2023-01-29,2022-06-01,False,0.8685552981022214,0.8559607869722345,0.927100454063684,0.9763714710709164,0.6474829579474788,0.6442690549559066,OpenTargets,,,,
129389,16756,CLDN2,ENSG00000165376,2022-11-07,2022-06-01,False,0.405530872399776,0.4623504256205998,0.547137717850459,0.7555452200049454,0.7482862893864021,0.737122071452902,OpenTargets,,,,
127255,16756,CLDN2,ENSG00000165376,2022-04-25,2021-06-01,False,0.4038812954215798,0.4623504256205998,0.547137717850459,0.7555452200049454,0.7478725267780824,0.737122071452902,OpenTargets,,,,
113774,16756,CLDN2,ENSG00000165376,2022-12-13,2022-06-01,False,0.405530872399776,0.4623504256205998,0.547137717850459,0.7555452200049454,0.7482862893864021,0.737122071452902,OpenTargets,,,,
152359,17836,INSC,ENSG00000188487,2022-11-15,2022-06-01,False,0.721471863076653,0.7364531601860914,0.94941314493176,0.967938779418032,,,OpenTargets,,,,
114266,17836,INSC,ENSG00000188487,2022-08-30,2022-06-01,False,0.721471863076653,0.7364531601860914,0.94941314493176,0.967938779418032,,,OpenTargets,,,,
114265,17836,INSC,ENSG00000188487,2022-08-30,2022-06-01,False,0.721471863076653,0.7364531601860914,0.94941314493176,0.967938779418032,,,OpenTargets,,,,
114264,17836,INSC,ENSG00000188487,2022-08-30,2022-06-01,False,0.721471863076653,0.7364531601860914,0.94941314493176,0.967938779418032,,,OpenTargets,,,,
133017,17836,INSC,ENSG00000188487,2023-03-17,2022-06-01,False,0.721471863076653,0.7364531601860914,0.94941314493176,0.967938779418032,,,OpenTargets,,,,
145748,17836,INSC,ENSG00000188487,2023-10-17,2023-06-01,False,0.7266326560748593,0.7364531601860914,0.9562044350173836,0.967938779418032,,,OpenTargets,,,,
135062,17836,INSC,ENSG00000188487,2022-07-08,2022-06-01,False,0.721471863076653,0.7364531601860914,0.94941314493176,0.967938779418032,,,OpenTargets,,,,
93054,442,GLRA1,ENSG00000145888,2024-06-19,2024-06-01,False,0.8285966294380831,0.8396711451022445,0.8933033041453342,0.9237299506908132,0.7160894646163514,0.716646417042408,OpenTargets,,,,
100803,727,INSR,ENSG00000171105,2021-09-29,2021-06-01,False,0.9129056892045674,0.9147837053381724,0.9586482540564376,0.9651696173810844,0.9380412192914854,0.9558985973592498,OpenTargets,,,,
100804,727,INSR,ENSG00000171105,2021-09-29,2021-06-01,False,0.9129056892045674,0.9147837053381724,0.9586482540564376,0.9651696173810844,0.9380412192914854,0.9558985973592498,OpenTargets,,,,
125514,5269,IFNAR2,ENSG00000159110,2022-08-23,2022-06-01,False,0.7406334961035838,0.8334704859488857,0.8363898332066222,0.8695076741447485,0.6931907929649987,0.6917820923132726,OpenTargets,,,,
137820,110,SERPINC1,ENSG00000117601,2022-09-27,2022-06-01,False,0.8751922628017281,0.8632778858487252,0.9318519603691868,0.9519533713646784,0.5889418579117212,0.5930844617726031,OpenTargets,,,,
137819,110,SERPINC1,ENSG00000117601,2022-09-27,2022-06-01,False,0.8751922628017281,0.8632778858487252,0.9318519603691868,0.9519533713646784,0.5889418579117212,0.5930844617726031,OpenTargets,,,,
137818,110,SERPINC1,ENSG00000117601,2022-09-27,2022-06-01,False,0.8751922628017281,0.8632778858487252,0.9318519603691868,0.9519533713646784,0.5889418579117212,0.5930844617726031,OpenTargets,,,,
141819,1350,ERBB2,ENSG00000141736,2021-08-13,2021-06-01,False,0.910474574951699,0.9255452080541824,0.9360722249447112,0.97182053652517,0.6514452833116375,0.6327447961397467,OpenTargets,,,,
152794,1350,ERBB2,ENSG00000141736,2022-12-30,2022-06-01,False,0.9207886343698578,0.9255452080541824,0.9017798143868084,0.97182053652517,0.8954261725491288,0.6327447961397467,OpenTargets,,,,
152795,1350,ERBB2,ENSG00000141736,2022-12-30,2022-06-01,False,0.9207886343698578,0.9255452080541824,0.9017798143868084,0.97182053652517,0.8954261725491288,0.6327447961397467,OpenTargets,,,,
141538,1350,ERBB2,ENSG00000141736,2022-02-01,2021-06-01,False,0.910474574951699,0.9255452080541824,0.9360722249447112,0.97182053652517,0.6514452833116375,0.6327447961397467,OpenTargets,,,,
141820,1350,ERBB2,ENSG00000141736,2021-08-13,2021-06-01,False,0.910474574951699,0.9255452080541824,0.9360722249447112,0.97182053652517,0.6514452833116375,0.6327447961397467,OpenTargets,,,,
149357,23516,DXO,ENSG00000204348,2021-10-08,2021-06-01,False,0.1082073674730725,0.052736992042092,0.177992902972159,,,,OpenTargets,,,,
131515,23516,DXO,ENSG00000204348,2021-12-09,2021-06-01,False,0.1082073674730725,0.052736992042092,0.177992902972159,,,,OpenTargets,,,,
131514,23516,DXO,ENSG00000204348,2021-12-09,2021-06-01,False,0.1082073674730725,0.052736992042092,0.177992902972159,,,,OpenTargets,,,,
131516,23516,DXO,ENSG00000204348,2021-12-09,2021-06-01,False,0.1082073674730725,0.052736992042092,0.177992902972159,,,,OpenTargets,,,,
131512,23516,DXO,ENSG00000204348,2021-12-09,2021-06-01,False,0.1082073674730725,0.052736992042092,0.177992902972159,,,,OpenTargets,,,,
83974,23516,DXO,ENSG00000204348,2022-12-13,2022-06-01,False,0.1343240172969033,0.052736992042092,0.2209528088141321,,,,OpenTargets,,,,
131513,23516,DXO,ENSG00000204348,2021-12-09,2021-06-01,False,0.1082073674730725,0.052736992042092,0.177992902972159,,,,OpenTargets,,,,
83976,23516,DXO,ENSG00000204348,2022-12-13,2022-06-01,False,0.1343240172969033,0.052736992042092,0.2209528088141321,,,,OpenTargets,,,,
83973,23516,DXO,ENSG00000204348,2022-12-13,2022-06-01,False,0.1343240172969033,0.052736992042092,0.2209528088141321,,,,OpenTargets,,,,
83972,23516,DXO,ENSG00000204348,2022-12-13,2022-06-01,False,0.1343240172969033,0.052736992042092,0.2209528088141321,,,,OpenTargets,,,,
146437,23516,DXO,ENSG00000204348,2022-12-22,2022-06-01,False,0.1343240172969033,0.052736992042092,0.2209528088141321,,,,OpenTargets,,,,
83975,23516,DXO,ENSG00000204348,2022-12-13,2022-06-01,False,0.1343240172969033,0.052736992042092,0.2209528088141321,,,,OpenTargets,,,,
107811,654,SLC5A2,ENSG00000140675,2021-06-17,2021-06-01,False,0.8360352848275587,0.8761206382311837,0.8363485489029083,0.8981779502800944,0.6687944804149054,0.6744546297766205,OpenTargets,,,,
107812,654,SLC5A2,ENSG00000140675,2021-06-17,2021-06-01,False,0.8360352848275587,0.8761206382311837,0.8363485489029083,0.8981779502800944,0.6687944804149054,0.6744546297766205,OpenTargets,,,,
107813,654,SLC5A2,ENSG00000140675,2021-06-17,2021-06-01,False,0.8360352848275587,0.8761206382311837,0.8363485489029083,0.8981779502800944,0.6687944804149054,0.6744546297766205,OpenTargets,,,,
126754,654,SLC5A2,ENSG00000140675,2024-06-04,2024-06-01,False,0.8751715722655996,0.8761206382311837,0.911518444575252,0.8981779502800944,0.6756850655451502,0.6744546297766205,OpenTargets,,,,
107810,654,SLC5A2,ENSG00000140675,2021-06-17,2021-06-01,False,0.8360352848275587,0.8761206382311837,0.8363485489029083,0.8981779502800944,0.6687944804149054,0.6744546297766205,OpenTargets,,,,
115365,22620,NUDT2,ENSG00000164978,2024-09-17,2024-06-01,False,0.6081664958818119,0.599709427955489,0.7963217970048223,0.8428984314784905,,,OpenTargets,,,,
138061,3440,RRM1,ENSG00000167325,2023-10-10,2023-06-01,False,0.6583478607191611,0.6436730971849531,0.6065979196915138,0.8897781100380779,,,OpenTargets,,,,
138060,3440,RRM1,ENSG00000167325,2023-10-10,2023-06-01,False,0.6583478607191611,0.6436730971849531,0.6065979196915138,0.8897781100380779,,,OpenTargets,,,,
151619,3440,RRM1,ENSG00000167325,2024-01-16,2023-06-01,False,0.6583478607191611,0.6436730971849531,0.6065979196915138,0.8897781100380779,,,OpenTargets,,,,
148611,3440,RRM1,ENSG00000167325,2022-11-01,2022-06-01,False,0.6326337366594185,0.6436730971849531,0.5621356673332968,0.8897781100380779,,,OpenTargets,,,,
150388,3440,RRM1,ENSG00000167325,2024-03-29,2023-06-01,False,0.6583478607191611,0.6436730971849531,0.6065979196915138,0.8897781100380779,,,OpenTargets,,,,
148612,3440,RRM1,ENSG00000167325,2022-11-01,2022-06-01,False,0.6326337366594185,0.6436730971849531,0.5621356673332968,0.8897781100380779,,,OpenTargets,,,,
148610,3440,RRM1,ENSG00000167325,2022-11-01,2022-06-01,False,0.6326337366594185,0.6436730971849531,0.5621356673332968,0.8897781100380779,,,OpenTargets,,,,
148609,3440,RRM1,ENSG00000167325,2022-11-01,2022-06-01,False,0.6326337366594185,0.6436730971849531,0.5621356673332968,0.8897781100380779,,,OpenTargets,,,,
108929,33,PDE4B,ENSG00000184588,2022-03-08,2021-06-01,False,0.7289452656610691,0.738948709624749,0.8569750524554495,0.9753436552258734,0.5277843158449809,0.524676903795558,OpenTargets,,,,
139942,4525,LRRC4,ENSG00000128594,2021-06-04,2021-06-01,False,0.3787970065258439,0.5635259044657002,0.6150878110590673,0.923917668588172,0.5412764848678694,0.5325866409051258,OpenTargets,,,,
116311,2876,GZMB,ENSG00000100453,2024-05-28,2023-06-01,False,0.4211442787584369,0.4794266114903835,0.6661630232777312,0.768135090916206,0.812590872254295,0.8926227911563543,OpenTargets,,,,
106972,2876,GZMB,ENSG00000100453,2022-07-13,2022-06-01,False,0.4046497157626511,0.4794266114903835,0.6060792572088475,0.768135090916206,0.8201195409283469,0.8926227911563543,OpenTargets,,,,
106973,2876,GZMB,ENSG00000100453,2022-07-13,2022-06-01,False,0.4046497157626511,0.4794266114903835,0.6060792572088475,0.768135090916206,0.8201195409283469,0.8926227911563543,OpenTargets,,,,
101330,19782,GCGR,ENSG00000215644,2021-09-16,2021-06-01,False,0.5829905424068094,0.7900053534638549,0.4920357249191482,0.787353901980677,0.6095236353944236,0.6650172887446364,OpenTargets,,,,
149027,19782,GCGR,ENSG00000215644,2022-02-28,2021-06-01,False,0.5829905424068094,0.7900053534638549,0.4920357249191482,0.787353901980677,0.6095236353944236,0.6650172887446364,OpenTargets,,,,
142045,19782,GCGR,ENSG00000215644,2021-08-06,2021-06-01,False,0.5829905424068094,0.7900053534638549,0.4920357249191482,0.787353901980677,0.6095236353944236,0.6650172887446364,OpenTargets,,,,
101329,19782,GCGR,ENSG00000215644,2021-09-16,2021-06-01,False,0.5829905424068094,0.7900053534638549,0.4920357249191482,0.787353901980677,0.6095236353944236,0.6650172887446364,OpenTargets,,,,
101328,19782,GCGR,ENSG00000215644,2021-09-16,2021-06-01,False,0.5829905424068094,0.7900053534638549,0.4920357249191482,0.787353901980677,0.6095236353944236,0.6650172887446364,OpenTargets,,,,
101327,19782,GCGR,ENSG00000215644,2021-09-16,2021-06-01,False,0.5829905424068094,0.7900053534638549,0.4920357249191482,0.787353901980677,0.6095236353944236,0.6650172887446364,OpenTargets,,,,
101326,19782,GCGR,ENSG00000215644,2021-09-16,2021-06-01,False,0.5829905424068094,0.7900053534638549,0.4920357249191482,0.787353901980677,0.6095236353944236,0.6650172887446364,OpenTargets,,,,
101325,19782,GCGR,ENSG00000215644,2021-09-16,2021-06-01,False,0.5829905424068094,0.7900053534638549,0.4920357249191482,0.787353901980677,0.6095236353944236,0.6650172887446364,OpenTargets,,,,
142046,19782,GCGR,ENSG00000215644,2021-08-06,2021-06-01,False,0.5829905424068094,0.7900053534638549,0.4920357249191482,0.787353901980677,0.6095236353944236,0.6650172887446364,OpenTargets,,,,
142047,19782,GCGR,ENSG00000215644,2021-08-06,2021-06-01,False,0.5829905424068094,0.7900053534638549,0.4920357249191482,0.787353901980677,0.6095236353944236,0.6650172887446364,OpenTargets,,,,
101331,19782,GCGR,ENSG00000215644,2021-09-16,2021-06-01,False,0.5829905424068094,0.7900053534638549,0.4920357249191482,0.787353901980677,0.6095236353944236,0.6650172887446364,OpenTargets,,,,
101332,19782,GCGR,ENSG00000215644,2021-09-16,2021-06-01,False,0.5829905424068094,0.7900053534638549,0.4920357249191482,0.787353901980677,0.6095236353944236,0.6650172887446364,OpenTargets,,,,
101333,19782,GCGR,ENSG00000215644,2021-09-16,2021-06-01,False,0.5829905424068094,0.7900053534638549,0.4920357249191482,0.787353901980677,0.6095236353944236,0.6650172887446364,OpenTargets,,,,
114439,614,GCKR,ENSG00000084734,2024-07-10,2024-06-01,False,0.63182597928523,0.6692099870681346,0.8314446075342602,0.8789374845963163,0.826751103121929,0.8184962277299442,OpenTargets,,,,
99566,1040,NR3C1,ENSG00000113580,2022-04-28,2021-06-01,False,0.8625625016702195,0.8806897161130463,0.8983815050706397,0.8998962222070886,0.7102183694352027,0.7185176171445338,OpenTargets,,,,
99565,1040,NR3C1,ENSG00000113580,2022-04-28,2021-06-01,False,0.8625625016702195,0.8806897161130463,0.8983815050706397,0.8998962222070886,0.7102183694352027,0.7185176171445338,OpenTargets,,,,
85734,1040,NR3C1,ENSG00000113580,2022-08-31,2022-06-01,False,0.8768152883752014,0.8806897161130463,0.9125414187528218,0.8998962222070886,0.7163723530530297,0.7185176171445338,OpenTargets,,,,
120113,3,GUCY1A1,ENSG00000164116,2023-08-02,2023-06-01,False,0.8201116213130956,0.8284182295505612,0.8447770749532274,0.8624564398518483,0.6236167825337744,0.6423531786074687,OpenTargets,,,,
130853,22579,SRD5A2,ENSG00000277893,2021-07-27,2021-06-01,False,0.874649090032055,0.8870043278374611,0.9281214636378218,0.9729905591090222,0.4731867690593176,0.4992206317108207,OpenTargets,,,,
89292,1911,ACAT1,ENSG00000075239,2022-11-17,2022-06-01,False,0.8247984378681807,0.830395254907895,0.8952227916533538,0.9202229500934768,0.7649811295058524,0.8868784340761536,OpenTargets,,,,
132262,1822,SNAP25,ENSG00000132639,2023-10-01,2023-06-01,False,0.8355859895151105,0.7576891104643566,0.8164314232238572,0.8158786229599959,0.8299745393069601,0.8875300789913242,OpenTargets,,,,
89019,1822,SNAP25,ENSG00000132639,2022-03-22,2021-06-01,False,0.8203972952440549,0.7576891104643566,0.7239526672729959,0.8158786229599959,0.8239833583721151,0.8875300789913242,OpenTargets,,,,
85470,1822,SNAP25,ENSG00000132639,2021-07-08,2021-06-01,False,0.8203972952440549,0.7576891104643566,0.7239526672729959,0.8158786229599959,0.8239833583721151,0.8875300789913242,OpenTargets,,,,
142200,727,INSR,ENSG00000171105,2025-12-19,2025-06-01,False,0.9147837053381724,0.9147837053381724,0.9651696173810844,0.9651696173810844,0.9558985973592498,0.9558985973592498,OpenTargets,,,,
141992,6933,GBE1,ENSG00000114480,2022-03-07,2021-06-01,False,0.8898995691540431,0.8805808678556383,0.979523307783184,0.949998252357138,0.5083896293227006,0.5271767179799122,OpenTargets,,,,
87602,6933,GBE1,ENSG00000114480,2023-05-24,2022-06-01,False,0.9086544375321978,0.8805808678556383,0.9881477898404974,0.949998252357138,0.5220754745913915,0.5271767179799122,OpenTargets,,,,
138062,1706,IL2RA,ENSG00000134460,2023-10-10,2023-06-01,False,0.8673811949272533,0.8625334294459215,0.8982630811197909,0.9363650439544904,0.7263946283054044,0.7330444719536086,OpenTargets,,,,
138063,1706,IL2RA,ENSG00000134460,2023-10-10,2023-06-01,False,0.8673811949272533,0.8625334294459215,0.8982630811197909,0.9363650439544904,0.7263946283054044,0.7330444719536086,OpenTargets,,,,
153001,16756,CLDN2,ENSG00000165376,2021-06-01,2021-06-01,False,0.4038812954215798,0.4623504256205998,0.547137717850459,0.7555452200049454,0.7478725267780824,0.737122071452902,OpenTargets,,,,
87316,17836,INSC,ENSG00000188487,2022-04-12,2021-06-01,False,0.5364775593548254,0.7364531601860914,0.8824648487335827,0.967938779418032,,,OpenTargets,,,,
101324,17836,INSC,ENSG00000188487,2021-09-16,2021-06-01,False,0.5364775593548254,0.7364531601860914,0.8824648487335827,0.967938779418032,,,OpenTargets,,,,
101323,17836,INSC,ENSG00000188487,2021-09-16,2021-06-01,False,0.5364775593548254,0.7364531601860914,0.8824648487335827,0.967938779418032,,,OpenTargets,,,,
101322,17836,INSC,ENSG00000188487,2021-09-16,2021-06-01,False,0.5364775593548254,0.7364531601860914,0.8824648487335827,0.967938779418032,,,OpenTargets,,,,
90199,17836,INSC,ENSG00000188487,2022-07-25,2022-06-01,False,0.721471863076653,0.7364531601860914,0.94941314493176,0.967938779418032,,,OpenTargets,,,,
90198,17836,INSC,ENSG00000188487,2022-07-25,2022-06-01,False,0.721471863076653,0.7364531601860914,0.94941314493176,0.967938779418032,,,OpenTargets,,,,
101321,17836,INSC,ENSG00000188487,2021-09-16,2021-06-01,False,0.5364775593548254,0.7364531601860914,0.8824648487335827,0.967938779418032,,,OpenTargets,,,,
101320,17836,INSC,ENSG00000188487,2021-09-16,2021-06-01,False,0.5364775593548254,0.7364531601860914,0.8824648487335827,0.967938779418032,,,OpenTargets,,,,
101319,17836,INSC,ENSG00000188487,2021-09-16,2021-06-01,False,0.5364775593548254,0.7364531601860914,0.8824648487335827,0.967938779418032,,,OpenTargets,,,,
101318,17836,INSC,ENSG00000188487,2021-09-16,2021-06-01,False,0.5364775593548254,0.7364531601860914,0.8824648487335827,0.967938779418032,,,OpenTargets,,,,
101317,17836,INSC,ENSG00000188487,2021-09-16,2021-06-01,False,0.5364775593548254,0.7364531601860914,0.8824648487335827,0.967938779418032,,,OpenTargets,,,,
101316,17836,INSC,ENSG00000188487,2021-09-16,2021-06-01,False,0.5364775593548254,0.7364531601860914,0.8824648487335827,0.967938779418032,,,OpenTargets,,,,
101315,17836,INSC,ENSG00000188487,2021-09-16,2021-06-01,False,0.5364775593548254,0.7364531601860914,0.8824648487335827,0.967938779418032,,,OpenTargets,,,,
101314,17836,INSC,ENSG00000188487,2021-09-16,2021-06-01,False,0.5364775593548254,0.7364531601860914,0.8824648487335827,0.967938779418032,,,OpenTargets,,,,
85332,17836,INSC,ENSG00000188487,2021-07-01,2021-06-01,False,0.5364775593548254,0.7364531601860914,0.8824648487335827,0.967938779418032,,,OpenTargets,,,,
134065,17836,INSC,ENSG00000188487,2021-08-20,2021-06-01,False,0.5364775593548254,0.7364531601860914,0.8824648487335827,0.967938779418032,,,OpenTargets,,,,
140953,17836,INSC,ENSG00000188487,2023-06-29,2023-06-01,False,0.7266326560748593,0.7364531601860914,0.9562044350173836,0.967938779418032,,,OpenTargets,,,,
140952,17836,INSC,ENSG00000188487,2023-06-29,2023-06-01,False,0.7266326560748593,0.7364531601860914,0.9562044350173836,0.967938779418032,,,OpenTargets,,,,
140951,17836,INSC,ENSG00000188487,2023-06-29,2023-06-01,False,0.7266326560748593,0.7364531601860914,0.9562044350173836,0.967938779418032,,,OpenTargets,,,,
87203,442,GLRA1,ENSG00000145888,2024-01-26,2023-06-01,False,0.8259091193521706,0.8396711451022445,0.8925158955113127,0.9237299506908132,0.7349370028705233,0.716646417042408,OpenTargets,,,,
146028,786,LHCGR,ENSG00000138039,2022-10-04,2022-06-01,False,0.8861062019968352,0.8754656885304816,0.9501614703264946,0.9377131845637464,0.8044009438953462,0.7882603161172461,OpenTargets,,,,
149024,3428,CSF2RB,ENSG00000100368,2022-02-28,2021-06-01,False,0.6148923366140174,0.7625902105900606,0.7599134970145264,0.9398748382696752,0.6961046649993116,0.6759315737091592,OpenTargets,,,,
86424,1350,ERBB2,ENSG00000141736,2022-12-06,2022-06-01,False,0.9207886343698578,0.9255452080541824,0.9017798143868084,0.97182053652517,0.8954261725491288,0.6327447961397467,OpenTargets,,,,
152236,1350,ERBB2,ENSG00000141736,2022-11-22,2022-06-01,False,0.9207886343698578,0.9255452080541824,0.9017798143868084,0.97182053652517,0.8954261725491288,0.6327447961397467,OpenTargets,,,,
122553,448,SLC22A4,ENSG00000197208,2022-07-05,2022-06-01,False,0.5759649790846472,0.5687798864651284,0.7568055462276966,0.926221298977631,0.8031956701700509,0.7644460018448879,OpenTargets,,,,
107085,620,AGTR1,ENSG00000144891,2021-11-05,2021-06-01,False,0.8378966336953336,0.8576013426289645,0.8362076397962758,0.8809196451892513,0.6082293257583448,0.7575234986009861,OpenTargets,,,,
153311,22640,SRD5A1,ENSG00000145545,2025-09-01,2025-06-01,False,0.6572835265620124,0.6572835265620124,0.6276035222625318,0.6276035222625318,0.6017363711841904,0.6017363711841904,OpenTargets,,,,
153312,22640,SRD5A1,ENSG00000145545,2025-09-01,2025-06-01,False,0.6572835265620124,0.6572835265620124,0.6276035222625318,0.6276035222625318,0.6017363711841904,0.6017363711841904,OpenTargets,,,,
142918,654,SLC5A2,ENSG00000140675,2022-04-06,2021-06-01,False,0.8360352848275587,0.8761206382311837,0.8363485489029083,0.8981779502800944,0.6687944804149054,0.6744546297766205,OpenTargets,,,,
100362,654,SLC5A2,ENSG00000140675,2024-01-10,2023-06-01,False,0.8729233570227984,0.8761206382311837,0.906279766418772,0.8981779502800944,0.6750343254543526,0.6744546297766205,OpenTargets,,,,
86816,3440,RRM1,ENSG00000167325,2022-08-09,2022-06-01,False,0.6326337366594185,0.6436730971849531,0.5621356673332968,0.8897781100380779,,,OpenTargets,,,,
105058,33,PDE4B,ENSG00000184588,2024-07-25,2024-06-01,False,0.7472666680695341,0.738948709624749,0.8451252744958769,0.9753436552258734,0.5284074710214902,0.524676903795558,OpenTargets,,,,
116576,33,PDE4B,ENSG00000184588,2023-11-06,2023-06-01,False,0.744811099806039,0.738948709624749,0.8451252744964723,0.9753436552258734,0.5283356091672643,0.524676903795558,OpenTargets,,,,
136831,4525,LRRC4,ENSG00000128594,2023-04-19,2022-06-01,False,0.3646933249089524,0.5635259044657002,0.5979930434373397,0.923917668588172,0.5326005551624985,0.5325866409051258,OpenTargets,,,,
146781,25285,PSMB11,ENSG00000222028,2021-11-09,2021-06-01,False,0.540836301388618,0.3866527310887128,0.3038604168993022,0.3620029560833097,0.6263651115008615,0.6809707059868233,OpenTargets,,,,
145169,19782,GCGR,ENSG00000215644,2021-11-05,2021-06-01,False,0.5829905424068094,0.7900053534638549,0.4920357249191482,0.787353901980677,0.6095236353944236,0.6650172887446364,OpenTargets,,,,
103879,27882,ALG1L2,ENSG00000251287,2024-01-23,2023-06-01,False,0.2016485698679203,0.5213877750533088,0.3018073880249722,0.8576432993717146,0.5761686348792187,0.578628511772573,OpenTargets,,,,
114438,614,GCKR,ENSG00000084734,2024-07-10,2024-06-01,False,0.63182597928523,0.6692099870681346,0.8314446075342602,0.8789374845963163,0.826751103121929,0.8184962277299442,OpenTargets,,,,
99968,6393,SLC6A9,ENSG00000196517,2022-10-31,2022-06-01,False,0.7745435159007396,0.8129052010963753,0.8633731805305189,0.8748006472602986,0.6670515178803953,0.6645255216113315,OpenTargets,,,,
126143,3,GUCY1A1,ENSG00000164116,2021-11-01,2021-06-01,False,0.7993535975224345,0.8284182295505612,0.8179613109553571,0.8624564398518483,0.565013076486235,0.6423531786074687,OpenTargets,,,,
126016,1822,SNAP25,ENSG00000132639,2025-01-22,2024-06-01,False,0.8265788275168742,0.7576891104643566,0.8164314232238572,0.8158786229599959,0.8897968081572291,0.8875300789913242,OpenTargets,,,,
94334,1822,SNAP25,ENSG00000132639,2022-03-30,2021-06-01,False,0.8203972952440549,0.7576891104643566,0.7239526672729959,0.8158786229599959,0.8239833583721151,0.8875300789913242,OpenTargets,,,,
125985,727,INSR,ENSG00000171105,2022-04-13,2021-06-01,False,0.9129056892045674,0.9147837053381724,0.9586482540564376,0.9651696173810844,0.9380412192914854,0.9558985973592498,OpenTargets,,,,
125986,727,INSR,ENSG00000171105,2022-04-13,2021-06-01,False,0.9129056892045674,0.9147837053381724,0.9586482540564376,0.9651696173810844,0.9380412192914854,0.9558985973592498,OpenTargets,,,,
88399,727,INSR,ENSG00000171105,2024-04-19,2023-06-01,False,0.9170593798081806,0.9147837053381724,0.9664997429751562,0.9651696173810844,0.9562425121612912,0.9558985973592498,OpenTargets,,,,
105429,727,INSR,ENSG00000171105,2023-01-14,2022-06-01,False,0.9177843403454912,0.9147837053381724,0.970554549868358,0.9651696173810844,0.9588064179672086,0.9558985973592498,OpenTargets,,,,
120332,727,INSR,ENSG00000171105,2024-05-08,2023-06-01,False,0.9170593798081806,0.9147837053381724,0.9664997429751562,0.9651696173810844,0.9562425121612912,0.9558985973592498,OpenTargets,,,,
94030,727,INSR,ENSG00000171105,2024-02-15,2023-06-01,False,0.9170593798081806,0.9147837053381724,0.9664997429751562,0.9651696173810844,0.9562425121612912,0.9558985973592498,OpenTargets,,,,
150110,1193,ALB,ENSG00000163631,2024-02-01,2023-06-01,False,0.7224657675599964,0.7595980774837868,0.9362155211181976,0.9852892950679148,0.5582998182265944,0.7935879845285969,OpenTargets,,,,
151877,16756,CLDN2,ENSG00000165376,2021-09-01,2021-06-01,False,0.4038812954215798,0.4623504256205998,0.547137717850459,0.7555452200049454,0.7478725267780824,0.737122071452902,OpenTargets,,,,
81167,16756,CLDN2,ENSG00000165376,2021-10-04,2021-06-01,False,0.4038812954215798,0.4623504256205998,0.547137717850459,0.7555452200049454,0.7478725267780824,0.737122071452902,OpenTargets,,,,
136227,16756,CLDN2,ENSG00000165376,2021-10-12,2021-06-01,False,0.4038812954215798,0.4623504256205998,0.547137717850459,0.7555452200049454,0.7478725267780824,0.737122071452902,OpenTargets,,,,
140666,17836,INSC,ENSG00000188487,2023-10-10,2023-06-01,False,0.7266326560748593,0.7364531601860914,0.9562044350173836,0.967938779418032,,,OpenTargets,,,,
142878,17836,INSC,ENSG00000188487,2021-11-02,2021-06-01,False,0.5364775593548254,0.7364531601860914,0.8824648487335827,0.967938779418032,,,OpenTargets,,,,
142877,17836,INSC,ENSG00000188487,2021-11-02,2021-06-01,False,0.5364775593548254,0.7364531601860914,0.8824648487335827,0.967938779418032,,,OpenTargets,,,,
142876,17836,INSC,ENSG00000188487,2021-11-02,2021-06-01,False,0.5364775593548254,0.7364531601860914,0.8824648487335827,0.967938779418032,,,OpenTargets,,,,
142879,17836,INSC,ENSG00000188487,2021-11-02,2021-06-01,False,0.5364775593548254,0.7364531601860914,0.8824648487335827,0.967938779418032,,,OpenTargets,,,,
150063,3428,CSF2RB,ENSG00000100368,2024-01-01,2023-06-01,False,0.7435946208540317,0.7625902105900606,0.9065631205247522,0.9398748382696752,0.6448686406744112,0.6759315737091592,OpenTargets,,,,
150062,3428,CSF2RB,ENSG00000100368,2024-01-01,2023-06-01,False,0.7435946208540317,0.7625902105900606,0.9065631205247522,0.9398748382696752,0.6448686406744112,0.6759315737091592,OpenTargets,,,,
150166,1350,ERBB2,ENSG00000141736,2023-08-03,2023-06-01,False,0.9209086101666144,0.9255452080541824,0.9190679877429972,0.97182053652517,0.6386548862756048,0.6327447961397467,OpenTargets,,,,
100773,17836,INSC,ENSG00000188487,2022-07-07,2022-06-01,False,0.721471863076653,0.7364531601860914,0.94941314493176,0.967938779418032,,,OpenTargets,,,,
152983,17836,INSC,ENSG00000188487,2023-12-29,2023-06-01,False,0.7266326560748593,0.7364531601860914,0.9562044350173836,0.967938779418032,,,OpenTargets,,,,
101088,23516,DXO,ENSG00000204348,2022-04-19,2021-06-01,False,0.1082073674730725,0.052736992042092,0.177992902972159,,,,OpenTargets,,,,
140499,1867,HES6,ENSG00000144485,2022-10-06,2022-06-01,False,0.2063064580896848,0.3425492871256402,0.336318804080198,0.551232959189868,,,OpenTargets,,,,
151380,7096,MPL,ENSG00000117400,2023-08-31,2023-06-01,False,0.9060895214667936,0.8958713636094713,0.961692563572666,0.9721612870792274,0.8587079913732945,0.8721294292390546,OpenTargets,,,,
117965,7096,MPL,ENSG00000117400,2021-09-09,2021-06-01,False,0.8969325809124225,0.8958713636094713,0.9434150784214932,0.9721612870792274,0.755958747404538,0.8721294292390546,OpenTargets,,,,
95119,1377,IL1B,ENSG00000125538,2023-12-12,2023-06-01,False,0.7471124834098642,0.7613890326556445,0.7447152270742359,0.810825702198387,0.80367621934554,0.676314827554702,OpenTargets,,,,
141300,1377,IL1B,ENSG00000125538,2021-08-27,2021-06-01,False,0.7404208527074966,0.7613890326556445,0.7447152270742359,0.810825702198387,0.7923800026915258,0.676314827554702,OpenTargets,,,,
78425,1155,IL23A,ENSG00000110944,2021-06-03,2021-06-01,False,0.6648011603609365,0.6672556608937575,0.1835169148021473,0.4088823506744731,0.812614575410797,0.9061722540985108,OpenTargets,,,,
92823,1155,IL23A,ENSG00000110944,2022-06-28,2022-06-01,False,0.6545462725833202,0.6672556608937575,0.2810275077901077,0.4088823506744731,0.9070585522914334,0.9061722540985108,OpenTargets,,,,
141828,1155,IL23A,ENSG00000110944,2021-12-02,2021-06-01,False,0.6648011603609365,0.6672556608937575,0.1835169148021473,0.4088823506744731,0.812614575410797,0.9061722540985108,OpenTargets,,,,
121359,2077,GATM,ENSG00000171766,2021-07-23,2021-06-01,False,0.8403615421729416,0.8663903333665914,0.9126344206319076,0.9383318260435908,0.7213261283594007,0.7001996784078174,OpenTargets,,,,
104349,7060,XCL1,ENSG00000143184,2023-01-03,2022-06-01,False,0.3167658097653399,0.5011945712608057,0.4530392572717528,0.8181486915881444,0.624059049631572,0.6252637277742418,OpenTargets,,,,
152774,17474,RHOBTB2,ENSG00000008853,2021-10-01,2021-06-01,False,0.7553689516446734,0.7397996541980743,0.88853561750085,0.9059233198081272,,,OpenTargets,,,,
80450,16787,STBD1,ENSG00000118804,2021-06-17,2021-06-01,False,0.2508271895925307,0.4217953235842892,0.3996537045860707,0.6938212790689291,0.6346136765580942,,OpenTargets,,,,
100664,16787,STBD1,ENSG00000118804,2022-07-04,2022-06-01,False,0.2662960482806868,0.4217953235842892,0.438036778736798,0.6938212790689291,,,OpenTargets,,,,
131526,16787,STBD1,ENSG00000118804,2022-06-17,2022-06-01,False,0.2662960482806868,0.4217953235842892,0.438036778736798,0.6938212790689291,,,OpenTargets,,,,
145319,23257,DPP6,ENSG00000130226,2022-01-06,2021-06-01,False,0.6726893691646945,0.6648319924508819,0.810853403638348,0.8996463795781101,,,OpenTargets,,,,
102893,5499,ABHD14B,ENSG00000114779,2023-07-06,2023-06-01,False,0.185082828356016,0.4514385969633719,0.3044471987324073,0.7425822128718264,,,OpenTargets,,,,
102894,5499,ABHD14B,ENSG00000114779,2023-07-06,2023-06-01,False,0.185082828356016,0.4514385969633719,0.3044471987324073,0.7425822128718264,,,OpenTargets,,,,
133380,2729,ATP6V0A1,ENSG00000033627,2022-12-01,2022-06-01,False,0.5311845388074103,0.766615435044032,0.8508701071511381,0.8759424665786327,,,OpenTargets,,,,
133379,2729,ATP6V0A1,ENSG00000033627,2022-12-01,2022-06-01,False,0.5311845388074103,0.766615435044032,0.8508701071511381,0.8759424665786327,,,OpenTargets,,,,
78809,2729,ATP6V0A1,ENSG00000033627,2021-12-06,2021-06-01,False,0.3018967810884977,0.766615435044032,0.3626166350221835,0.8759424665786327,0.4483943469252317,,OpenTargets,,,,
133015,1522,FABP3,ENSG00000121769,2023-03-17,2022-06-01,False,0.2801542849054756,0.4896156888744158,0.4514039167010388,0.7955134171900113,0.9741272688440868,0.9520904875027416,OpenTargets,,,,
145401,903,INO80,ENSG00000128908,2021-10-12,2021-06-01,False,0.4027026421990177,0.5395235751727168,0.634662865739932,0.8235851791282108,,0.452137144319549,OpenTargets,,,,
152984,4567,PIGF,ENSG00000151665,2023-12-29,2023-06-01,False,0.4149551086064899,0.5754309605653904,0.6825696448291891,0.774590351767068,,,OpenTargets,,,,
117170,4567,PIGF,ENSG00000151665,2023-01-23,2022-06-01,False,0.4122139687866635,0.5754309605653904,0.6780606779688236,0.774590351767068,,,OpenTargets,,,,
100655,4567,PIGF,ENSG00000151665,2023-05-31,2022-06-01,False,0.4122139687866635,0.5754309605653904,0.6780606779688236,0.774590351767068,,,OpenTargets,,,,
149534,4082,TNFSF13,ENSG00000161955,2022-11-02,2022-06-01,False,0.5928870343784121,0.7212404165316676,0.7802033214407805,0.9725149287853349,0.7881829812731151,0.7846715575941862,OpenTargets,,,,
152546,16738,CD3G,ENSG00000160654,2022-04-30,2021-06-01,False,0.7870141402833406,0.8451237927943179,0.8597587864053295,0.8729450459089316,0.7545547651798458,0.7666270489627286,OpenTargets,,,,
152545,16738,CD3G,ENSG00000160654,2022-04-30,2021-06-01,False,0.7870141402833406,0.8451237927943179,0.8597587864053295,0.8729450459089316,0.7545547651798458,0.7666270489627286,OpenTargets,,,,
152544,16738,CD3G,ENSG00000160654,2022-04-30,2021-06-01,False,0.7870141402833406,0.8451237927943179,0.8597587864053295,0.8729450459089316,0.7545547651798458,0.7666270489627286,OpenTargets,,,,
145569,16954,GRM7,ENSG00000196277,2022-04-29,2021-06-01,False,0.6042426320146844,0.8014311046708275,0.8271611889686975,0.8965105321131316,0.6886647097804363,0.6467494598071402,OpenTargets,,,,
145571,16954,GRM7,ENSG00000196277,2022-04-29,2021-06-01,False,0.6042426320146844,0.8014311046708275,0.8271611889686975,0.8965105321131316,0.6886647097804363,0.6467494598071402,OpenTargets,,,,
145568,16954,GRM7,ENSG00000196277,2022-04-29,2021-06-01,False,0.6042426320146844,0.8014311046708275,0.8271611889686975,0.8965105321131316,0.6886647097804363,0.6467494598071402,OpenTargets,,,,
145570,16954,GRM7,ENSG00000196277,2022-04-29,2021-06-01,False,0.6042426320146844,0.8014311046708275,0.8271611889686975,0.8965105321131316,0.6886647097804363,0.6467494598071402,OpenTargets,,,,
145572,16954,GRM7,ENSG00000196277,2022-04-29,2021-06-01,False,0.6042426320146844,0.8014311046708275,0.8271611889686975,0.8965105321131316,0.6886647097804363,0.6467494598071402,OpenTargets,,,,
152797,2077,GATM,ENSG00000171766,2022-12-30,2022-06-01,False,0.8699803595261897,0.8663903333665914,0.9447594505036444,0.9383318260435908,0.7475520654178537,0.7001996784078174,OpenTargets,,,,
110511,2077,GATM,ENSG00000171766,2021-10-26,2021-06-01,False,0.8403615421729416,0.8663903333665914,0.9126344206319076,0.9383318260435908,0.7213261283594007,0.7001996784078174,OpenTargets,,,,
152796,2077,GATM,ENSG00000171766,2022-12-30,2022-06-01,False,0.8699803595261897,0.8663903333665914,0.9447594505036444,0.9383318260435908,0.7475520654178537,0.7001996784078174,OpenTargets,,,,
112075,1350,ERBB2,ENSG00000141736,2022-07-05,2022-06-01,False,0.9207886343698578,0.9255452080541824,0.9017798143868084,0.97182053652517,0.8954261725491288,0.6327447961397467,OpenTargets,,,,
112074,1350,ERBB2,ENSG00000141736,2022-07-05,2022-06-01,False,0.9207886343698578,0.9255452080541824,0.9017798143868084,0.97182053652517,0.8954261725491288,0.6327447961397467,OpenTargets,,,,
112076,1350,ERBB2,ENSG00000141736,2022-07-05,2022-06-01,False,0.9207886343698578,0.9255452080541824,0.9017798143868084,0.97182053652517,0.8954261725491288,0.6327447961397467,OpenTargets,,,,
137651,443,GLRB,ENSG00000109738,2021-09-03,2021-06-01,False,0.7544747014768067,0.7995913944261748,0.8425630296096374,0.8935192439944333,0.7722352874631332,0.7025386868441444,OpenTargets,,,,
151264,443,GLRB,ENSG00000109738,2022-05-19,2021-06-01,False,0.7544747014768067,0.7995913944261748,0.8425630296096374,0.8935192439944333,0.7722352874631332,0.7025386868441444,OpenTargets,,,,
151265,443,GLRB,ENSG00000109738,2022-05-19,2021-06-01,False,0.7544747014768067,0.7995913944261748,0.8425630296096374,0.8935192439944333,0.7722352874631332,0.7025386868441444,OpenTargets,,,,
149497,23516,DXO,ENSG00000204348,2023-03-01,2022-06-01,False,0.1343240172969033,0.052736992042092,0.2209528088141321,,,,OpenTargets,,,,
149496,23516,DXO,ENSG00000204348,2023-03-01,2022-06-01,False,0.1343240172969033,0.052736992042092,0.2209528088141321,,,,OpenTargets,,,,
149498,23516,DXO,ENSG00000204348,2023-03-01,2022-06-01,False,0.1343240172969033,0.052736992042092,0.2209528088141321,,,,OpenTargets,,,,
149500,23516,DXO,ENSG00000204348,2023-03-01,2022-06-01,False,0.1343240172969033,0.052736992042092,0.2209528088141321,,,,OpenTargets,,,,
149501,23516,DXO,ENSG00000204348,2023-03-01,2022-06-01,False,0.1343240172969033,0.052736992042092,0.2209528088141321,,,,OpenTargets,,,,
149502,23516,DXO,ENSG00000204348,2023-03-01,2022-06-01,False,0.1343240172969033,0.052736992042092,0.2209528088141321,,,,OpenTargets,,,,
149503,23516,DXO,ENSG00000204348,2023-03-01,2022-06-01,False,0.1343240172969033,0.052736992042092,0.2209528088141321,,,,OpenTargets,,,,
149499,23516,DXO,ENSG00000204348,2023-03-01,2022-06-01,False,0.1343240172969033,0.052736992042092,0.2209528088141321,,,,OpenTargets,,,,
101090,104,FLT1,ENSG00000102755,2022-04-19,2021-06-01,False,0.7456855133596364,0.7592166414311848,0.8492090840959025,0.920524902366302,0.7298378826934809,0.7133006908918866,OpenTargets,,,,
150745,1350,ERBB2,ENSG00000141736,2025-05-01,2024-06-01,False,0.9206829606183078,0.9255452080541824,0.865457038266544,0.97182053652517,0.6362897478836502,0.6327447961397467,OpenTargets,,,,
143352,1350,ERBB2,ENSG00000141736,2023-11-30,2023-06-01,False,0.9209086101666144,0.9255452080541824,0.9190679877429972,0.97182053652517,0.6386548862756048,0.6327447961397467,OpenTargets,,,,
143353,1350,ERBB2,ENSG00000141736,2023-11-30,2023-06-01,False,0.9209086101666144,0.9255452080541824,0.9190679877429972,0.97182053652517,0.6386548862756048,0.6327447961397467,OpenTargets,,,,
150384,1350,ERBB2,ENSG00000141736,2024-03-29,2023-06-01,False,0.9209086101666144,0.9255452080541824,0.9190679877429972,0.97182053652517,0.6386548862756048,0.6327447961397467,OpenTargets,,,,
152225,1350,ERBB2,ENSG00000141736,2022-03-11,2021-06-01,False,0.910474574951699,0.9255452080541824,0.9360722249447112,0.97182053652517,0.6514452833116375,0.6327447961397467,OpenTargets,,,,
151617,1350,ERBB2,ENSG00000141736,2024-01-16,2023-06-01,False,0.9209086101666144,0.9255452080541824,0.9190679877429972,0.97182053652517,0.6386548862756048,0.6327447961397467,OpenTargets,,,,
85591,23516,DXO,ENSG00000204348,2021-09-14,2021-06-01,False,0.1082073674730725,0.052736992042092,0.177992902972159,,,,OpenTargets,,,,
85590,23516,DXO,ENSG00000204348,2021-09-14,2021-06-01,False,0.1082073674730725,0.052736992042092,0.177992902972159,,,,OpenTargets,,,,
112509,5961,HTRA3,ENSG00000170801,2022-02-15,2021-06-01,False,0.2463066316875892,0.5175959867735159,0.3990410438338121,0.8479949283204355,,,OpenTargets,,,,
112508,5961,HTRA3,ENSG00000170801,2022-02-15,2021-06-01,False,0.2463066316875892,0.5175959867735159,0.3990410438338121,0.8479949283204355,,,OpenTargets,,,,
112507,5961,HTRA3,ENSG00000170801,2022-02-15,2021-06-01,False,0.2463066316875892,0.5175959867735159,0.3990410438338121,0.8479949283204355,,,OpenTargets,,,,
101555,17836,INSC,ENSG00000188487,2024-03-06,2023-06-01,False,0.7266326560748593,0.7364531601860914,0.9562044350173836,0.967938779418032,,,OpenTargets,,,,
85333,17836,INSC,ENSG00000188487,2021-07-01,2021-06-01,False,0.5364775593548254,0.7364531601860914,0.8824648487335827,0.967938779418032,,,OpenTargets,,,,
134315,1867,HES6,ENSG00000144485,2025-01-06,2024-06-01,False,0.2258133149889373,0.3425492871256402,0.3592111491494427,0.551232959189868,,,OpenTargets,,,,
134581,1867,HES6,ENSG00000144485,2023-07-14,2023-06-01,False,0.2183755204225914,0.3425492871256402,0.3592111491645492,0.551232959189868,,,OpenTargets,,,,
134314,1867,HES6,ENSG00000144485,2025-01-06,2024-06-01,False,0.2258133149889373,0.3425492871256402,0.3592111491494427,0.551232959189868,,,OpenTargets,,,,
153000,16756,CLDN2,ENSG00000165376,2021-06-01,2021-06-01,False,0.4038812954215798,0.4623504256205998,0.547137717850459,0.7555452200049454,0.7478725267780824,0.737122071452902,OpenTargets,,,,
144229,1377,IL1B,ENSG00000125538,2021-10-28,2021-06-01,False,0.7404208527074966,0.7613890326556445,0.7447152270742359,0.810825702198387,0.7923800026915258,0.676314827554702,OpenTargets,,,,
144230,1377,IL1B,ENSG00000125538,2021-10-28,2021-06-01,False,0.7404208527074966,0.7613890326556445,0.7447152270742359,0.810825702198387,0.7923800026915258,0.676314827554702,OpenTargets,,,,
148872,1155,IL23A,ENSG00000110944,2021-09-15,2021-06-01,False,0.6648011603609365,0.6672556608937575,0.1835169148021473,0.4088823506744731,0.812614575410797,0.9061722540985108,OpenTargets,,,,
142255,1155,IL23A,ENSG00000110944,2022-12-07,2022-06-01,False,0.6545462725833202,0.6672556608937575,0.2810275077901077,0.4088823506744731,0.9070585522914334,0.9061722540985108,OpenTargets,,,,
79473,16787,STBD1,ENSG00000118804,2022-08-23,2022-06-01,False,0.2662960482806868,0.4217953235842892,0.438036778736798,0.6938212790689291,,,OpenTargets,,,,
85610,16787,STBD1,ENSG00000118804,2022-05-24,2021-06-01,False,0.2508271895925307,0.4217953235842892,0.3996537045860707,0.6938212790689291,0.6346136765580942,,OpenTargets,,,,
109764,16787,STBD1,ENSG00000118804,2021-11-08,2021-06-01,False,0.2508271895925307,0.4217953235842892,0.3996537045860707,0.6938212790689291,0.6346136765580942,,OpenTargets,,,,
153017,16787,STBD1,ENSG00000118804,2025-10-01,2025-06-01,False,0.4217953235842892,0.4217953235842892,0.6938212790689291,0.6938212790689291,,,OpenTargets,,,,
132429,16787,STBD1,ENSG00000118804,2021-12-10,2021-06-01,False,0.2508271895925307,0.4217953235842892,0.3996537045860707,0.6938212790689291,0.6346136765580942,,OpenTargets,,,,
97870,5499,ABHD14B,ENSG00000114779,2022-07-26,2022-06-01,False,0.0892477958780159,0.4514385969633719,0.1468058473573701,0.7425822128718264,,,OpenTargets,,,,
121133,1040,NR3C1,ENSG00000113580,2023-09-29,2023-06-01,False,0.8719799594384686,0.8806897161130463,0.888541319410935,0.8998962222070886,0.7115400025492199,0.7185176171445338,OpenTargets,,,,
81383,903,INO80,ENSG00000128908,2024-04-29,2023-06-01,False,0.6090376691148733,0.5395235751727168,0.634662865739932,0.8235851791282108,0.4488376701086424,0.452137144319549,OpenTargets,,,,
81384,903,INO80,ENSG00000128908,2024-04-29,2023-06-01,False,0.6090376691148733,0.5395235751727168,0.634662865739932,0.8235851791282108,0.4488376701086424,0.452137144319549,OpenTargets,,,,
91076,4567,PIGF,ENSG00000151665,2023-08-23,2023-06-01,False,0.4149551086064899,0.5754309605653904,0.6825696448291891,0.774590351767068,,,OpenTargets,,,,
91077,4567,PIGF,ENSG00000151665,2023-08-23,2023-06-01,False,0.4149551086064899,0.5754309605653904,0.6825696448291891,0.774590351767068,,,OpenTargets,,,,
91078,4567,PIGF,ENSG00000151665,2023-08-23,2023-06-01,False,0.4149551086064899,0.5754309605653904,0.6825696448291891,0.774590351767068,,,OpenTargets,,,,
130764,4567,PIGF,ENSG00000151665,2021-06-23,2021-06-01,False,0.3922638236333661,0.5754309605653904,0.6400599053217524,0.774590351767068,,,OpenTargets,,,,
140269,4567,PIGF,ENSG00000151665,2021-08-27,2021-06-01,False,0.3922638236333661,0.5754309605653904,0.6400599053217524,0.774590351767068,,,OpenTargets,,,,
91079,4567,PIGF,ENSG00000151665,2023-08-23,2023-06-01,False,0.4149551086064899,0.5754309605653904,0.6825696448291891,0.774590351767068,,,OpenTargets,,,,
91080,4567,PIGF,ENSG00000151665,2023-08-23,2023-06-01,False,0.4149551086064899,0.5754309605653904,0.6825696448291891,0.774590351767068,,,OpenTargets,,,,
91081,4567,PIGF,ENSG00000151665,2023-08-23,2023-06-01,False,0.4149551086064899,0.5754309605653904,0.6825696448291891,0.774590351767068,,,OpenTargets,,,,
140267,4567,PIGF,ENSG00000151665,2021-08-27,2021-06-01,False,0.3922638236333661,0.5754309605653904,0.6400599053217524,0.774590351767068,,,OpenTargets,,,,
140268,4567,PIGF,ENSG00000151665,2021-08-27,2021-06-01,False,0.3922638236333661,0.5754309605653904,0.6400599053217524,0.774590351767068,,,OpenTargets,,,,
91073,4567,PIGF,ENSG00000151665,2023-08-23,2023-06-01,False,0.4149551086064899,0.5754309605653904,0.6825696448291891,0.774590351767068,,,OpenTargets,,,,
91074,4567,PIGF,ENSG00000151665,2023-08-23,2023-06-01,False,0.4149551086064899,0.5754309605653904,0.6825696448291891,0.774590351767068,,,OpenTargets,,,,
91075,4567,PIGF,ENSG00000151665,2023-08-23,2023-06-01,False,0.4149551086064899,0.5754309605653904,0.6825696448291891,0.774590351767068,,,OpenTargets,,,,
113543,3770,CD80,ENSG00000121594,2023-12-28,2023-06-01,False,0.7128234734899832,0.7330146359759118,0.6197659857569887,0.7535356972145841,0.6695509804102341,0.6860626891068132,OpenTargets,,,,
142067,3476,GSR,ENSG00000104687,2022-08-31,2022-06-01,False,0.7877354620277731,0.8166326029293359,0.758862369961942,0.779431094073387,0.7714346203015426,0.7575270192288077,OpenTargets,,,,
77802,1274,IL13,ENSG00000169194,2023-08-28,2023-06-01,False,0.6738075036193549,0.7287973168756399,0.7430212880041143,0.9599197396113002,0.7376289706421525,0.7372788046638076,OpenTargets,,,,
148871,1527,ITGB7,ENSG00000139626,2024-09-23,2024-06-01,False,0.6620636457328252,0.6321520050287579,0.3100857965364331,0.8735020466887979,0.6725979719881631,0.672645030916651,OpenTargets,,,,
105707,443,GLRB,ENSG00000109738,2022-01-25,2021-06-01,False,0.7544747014768067,0.7995913944261748,0.8425630296096374,0.8935192439944333,0.7722352874631332,0.7025386868441444,OpenTargets,,,,
119169,23516,DXO,ENSG00000204348,2021-11-08,2021-06-01,False,0.1082073674730725,0.052736992042092,0.177992902972159,,,,OpenTargets,,,,
119170,23516,DXO,ENSG00000204348,2021-11-08,2021-06-01,False,0.1082073674730725,0.052736992042092,0.177992902972159,,,,OpenTargets,,,,
101143,104,FLT1,ENSG00000102755,2021-11-10,2021-06-01,False,0.7456855133596364,0.7592166414311848,0.8492090840959025,0.920524902366302,0.7298378826934809,0.7133006908918866,OpenTargets,,,,
144035,104,FLT1,ENSG00000102755,2021-09-26,2021-06-01,False,0.7456855133596364,0.7592166414311848,0.8492090840959025,0.920524902366302,0.7298378826934809,0.7133006908918866,OpenTargets,,,,
77721,448,SLC22A4,ENSG00000197208,2023-07-13,2023-06-01,False,0.5252643639261396,0.5687798864651284,0.7818094550936283,0.926221298977631,0.7889835609065641,0.7644460018448879,OpenTargets,,,,
77722,448,SLC22A4,ENSG00000197208,2023-07-13,2023-06-01,False,0.5252643639261396,0.5687798864651284,0.7818094550936283,0.926221298977631,0.7889835609065641,0.7644460018448879,OpenTargets,,,,
78590,2053,KCNA3,ENSG00000177272,2023-11-20,2023-06-01,False,0.6270699097694006,0.7576300891835943,0.5716366548499178,0.7643437719131385,0.5341019748827744,0.5154859860263367,OpenTargets,,,,
78597,2053,KCNA3,ENSG00000177272,2023-11-20,2023-06-01,False,0.6270699097694006,0.7576300891835943,0.5716366548499178,0.7643437719131385,0.5341019748827744,0.5154859860263367,OpenTargets,,,,
78589,2053,KCNA3,ENSG00000177272,2023-11-20,2023-06-01,False,0.6270699097694006,0.7576300891835943,0.5716366548499178,0.7643437719131385,0.5341019748827744,0.5154859860263367,OpenTargets,,,,
78593,2053,KCNA3,ENSG00000177272,2023-11-20,2023-06-01,False,0.6270699097694006,0.7576300891835943,0.5716366548499178,0.7643437719131385,0.5341019748827744,0.5154859860263367,OpenTargets,,,,
78594,2053,KCNA3,ENSG00000177272,2023-11-20,2023-06-01,False,0.6270699097694006,0.7576300891835943,0.5716366548499178,0.7643437719131385,0.5341019748827744,0.5154859860263367,OpenTargets,,,,
78598,2053,KCNA3,ENSG00000177272,2023-11-20,2023-06-01,False,0.6270699097694006,0.7576300891835943,0.5716366548499178,0.7643437719131385,0.5341019748827744,0.5154859860263367,OpenTargets,,,,
78599,2053,KCNA3,ENSG00000177272,2023-05-19,2022-06-01,False,0.6212117181222525,0.7576300891835943,0.5530907610065856,0.7643437719131385,0.5426725191324165,0.5154859860263367,OpenTargets,,,,
78595,2053,KCNA3,ENSG00000177272,2023-11-20,2023-06-01,False,0.6270699097694006,0.7576300891835943,0.5716366548499178,0.7643437719131385,0.5341019748827744,0.5154859860263367,OpenTargets,,,,
78596,2053,KCNA3,ENSG00000177272,2023-11-20,2023-06-01,False,0.6270699097694006,0.7576300891835943,0.5716366548499178,0.7643437719131385,0.5341019748827744,0.5154859860263367,OpenTargets,,,,
78600,2053,KCNA3,ENSG00000177272,2023-11-20,2023-06-01,False,0.6270699097694006,0.7576300891835943,0.5716366548499178,0.7643437719131385,0.5341019748827744,0.5154859860263367,OpenTargets,,,,
78592,2053,KCNA3,ENSG00000177272,2023-11-20,2023-06-01,False,0.6270699097694006,0.7576300891835943,0.5716366548499178,0.7643437719131385,0.5341019748827744,0.5154859860263367,OpenTargets,,,,
78591,2053,KCNA3,ENSG00000177272,2023-11-20,2023-06-01,False,0.6270699097694006,0.7576300891835943,0.5716366548499178,0.7643437719131385,0.5341019748827744,0.5154859860263367,OpenTargets,,,,
78601,2053,KCNA3,ENSG00000177272,2023-11-20,2023-06-01,False,0.6270699097694006,0.7576300891835943,0.5716366548499178,0.7643437719131385,0.5341019748827744,0.5154859860263367,OpenTargets,,,,
78602,2053,KCNA3,ENSG00000177272,2023-11-20,2023-06-01,False,0.6270699097694006,0.7576300891835943,0.5716366548499178,0.7643437719131385,0.5341019748827744,0.5154859860263367,OpenTargets,,,,
93750,59,EDNRA,ENSG00000151617,2022-11-14,2022-06-01,False,0.8422540704069306,0.8421126434277834,0.9011595693270074,0.9263637396741646,0.6873873843557202,0.9624025723226836,OpenTargets,,,,
102472,5715,CD3E,ENSG00000198851,2022-06-29,2022-06-01,False,0.8243932816190213,0.8473313537431872,0.881105102927535,0.8688138183652909,0.7844068887552362,0.7771773412859012,OpenTargets,,,,
102473,5715,CD3E,ENSG00000198851,2022-06-29,2022-06-01,False,0.8243932816190213,0.8473313537431872,0.881105102927535,0.8688138183652909,0.7844068887552362,0.7771773412859012,OpenTargets,,,,
143706,5715,CD3E,ENSG00000198851,2022-06-28,2022-06-01,False,0.8243932816190213,0.8473313537431872,0.881105102927535,0.8688138183652909,0.7844068887552362,0.7771773412859012,OpenTargets,,,,
143705,5715,CD3E,ENSG00000198851,2022-06-28,2022-06-01,False,0.8243932816190213,0.8473313537431872,0.881105102927535,0.8688138183652909,0.7844068887552362,0.7771773412859012,OpenTargets,,,,
117189,5715,CD3E,ENSG00000198851,2024-08-27,2024-06-01,False,0.8441452762679602,0.8473313537431872,0.8607260723871772,0.8688138183652909,0.7770097892974136,0.7771773412859012,OpenTargets,,,,
121683,5715,CD3E,ENSG00000198851,2022-01-11,2021-06-01,False,0.8028868362105668,0.8473313537431872,0.8110680184180495,0.8688138183652909,0.7744167970863992,0.7771773412859012,OpenTargets,,,,
128375,2949,TLR3,ENSG00000164342,2023-06-30,2023-06-01,False,0.7205425117570889,0.724938158268268,0.87099734515361,0.9467194736745732,0.7040204764330168,0.7010509675552061,OpenTargets,,,,
128376,2949,TLR3,ENSG00000164342,2023-06-30,2023-06-01,False,0.7205425117570889,0.724938158268268,0.87099734515361,0.9467194736745732,0.7040204764330168,0.7010509675552061,OpenTargets,,,,
149620,3480,CCL26,ENSG00000006606,2021-12-02,2021-06-01,False,0.0735776606613714,0.426609467736924,0.0944271668151646,0.7000683709536836,,0.553435285426458,OpenTargets,,,,
106528,211,GLP1R,ENSG00000112164,2024-02-06,2023-06-01,False,0.7515334416386521,0.766293002024608,0.8244672691086181,0.9621805353741036,0.935423776622918,0.9226156270360436,OpenTargets,,,,
134952,211,GLP1R,ENSG00000112164,2024-04-08,2023-06-01,False,0.7515334416386521,0.766293002024608,0.8244672691086181,0.9621805353741036,0.935423776622918,0.9226156270360436,OpenTargets,,,,
365075,1822,SNAP25,ENSG00000132639,2023-11-22,2023-06-01,False,0.8355859895151105,0.7576891104643566,0.8164314232238572,0.8158786229599959,0.8299745393069601,0.8875300789913242,OpenTargets,,,,
150295,16756,CLDN2,ENSG00000165376,2025-12-15,2025-06-01,False,0.4623504256205998,0.4623504256205998,0.7555452200049454,0.7555452200049454,0.737122071452902,0.737122071452902,OpenTargets,,,,
90372,5650,H4C2,ENSG00000278705,2024-03-29,2023-06-01,False,0.5535843376347327,0.5550708179339374,0.2187531235414871,0.607930797611621,0.5615805734545489,0.5757052875736105,OpenTargets,,,,
86658,1867,HES6,ENSG00000144485,2021-10-14,2021-06-01,False,0.2065614113505578,0.3425492871256402,0.3397778368230004,0.551232959189868,,,OpenTargets,,,,
138694,1867,HES6,ENSG00000144485,2021-12-06,2021-06-01,False,0.2065614113505578,0.3425492871256402,0.3397778368230004,0.551232959189868,,,OpenTargets,,,,
107158,1867,HES6,ENSG00000144485,2023-07-05,2023-06-01,False,0.2183755204225914,0.3425492871256402,0.3592111491645492,0.551232959189868,,,OpenTargets,,,,
87110,16756,CLDN2,ENSG00000165376,2021-10-25,2021-06-01,False,0.4038812954215798,0.4623504256205998,0.547137717850459,0.7555452200049454,0.7478725267780824,0.737122071452902,OpenTargets,,,,
115254,77,IL6R,ENSG00000160712,2023-02-13,2022-06-01,False,0.7935384874669241,0.8672708550425018,0.8127883457524938,0.984803366097745,0.88114002542751,0.8949354099939519,OpenTargets,,,,
101983,16787,STBD1,ENSG00000118804,2021-09-21,2021-06-01,False,0.2508271895925307,0.4217953235842892,0.3996537045860707,0.6938212790689291,0.6346136765580942,,OpenTargets,,,,
141125,5499,ABHD14B,ENSG00000114779,2022-04-29,2021-06-01,False,0.0763369267739432,0.4514385969633719,0.1237446556506732,0.7425822128718264,,,OpenTargets,,,,
141124,5499,ABHD14B,ENSG00000114779,2022-04-29,2021-06-01,False,0.0763369267739432,0.4514385969633719,0.1237446556506732,0.7425822128718264,,,OpenTargets,,,,
142913,5314,MAP2K2,ENSG00000126934,2024-01-15,2023-06-01,False,0.8832501332991044,0.8903193062803078,0.9288563579477008,0.9296300060462692,,0.4873407925809885,OpenTargets,,,,
142914,5314,MAP2K2,ENSG00000126934,2024-01-15,2023-06-01,False,0.8832501332991044,0.8903193062803078,0.9288563579477008,0.9296300060462692,,0.4873407925809885,OpenTargets,,,,
142915,5314,MAP2K2,ENSG00000126934,2024-01-15,2023-06-01,False,0.8832501332991044,0.8903193062803078,0.9288563579477008,0.9296300060462692,,0.4873407925809885,OpenTargets,,,,
113138,3274,RPSA,ENSG00000168028,2021-10-28,2021-06-01,False,0.7373280853297136,0.787611664698058,0.8449941602438206,0.8559162442105891,0.75859297892554,0.7792356784251983,OpenTargets,,,,
116892,3274,RPSA,ENSG00000168028,2024-01-16,2023-06-01,False,0.7613289049455176,0.787611664698058,0.8454697478739734,0.8559162442105891,0.775494638278071,0.7792356784251983,OpenTargets,,,,
116891,3274,RPSA,ENSG00000168028,2024-01-16,2023-06-01,False,0.7613289049455176,0.787611664698058,0.8454697478739734,0.8559162442105891,0.775494638278071,0.7792356784251983,OpenTargets,,,,
136222,3274,RPSA,ENSG00000168028,2022-04-26,2021-06-01,False,0.7373280853297136,0.787611664698058,0.8449941602438206,0.8559162442105891,0.75859297892554,0.7792356784251983,OpenTargets,,,,
113137,3274,RPSA,ENSG00000168028,2021-10-28,2021-06-01,False,0.7373280853297136,0.787611664698058,0.8449941602438206,0.8559162442105891,0.75859297892554,0.7792356784251983,OpenTargets,,,,
77089,4567,PIGF,ENSG00000151665,2021-07-22,2021-06-01,False,0.3922638236333661,0.5754309605653904,0.6400599053217524,0.774590351767068,,,OpenTargets,,,,
76975,4567,PIGF,ENSG00000151665,2022-05-16,2021-06-01,False,0.3922638236333661,0.5754309605653904,0.6400599053217524,0.774590351767068,,,OpenTargets,,,,
145076,3754,APP,ENSG00000142192,2022-04-19,2021-06-01,False,0.8891655535310058,0.887682674116763,0.9666314383032116,0.9509551959277251,0.7352330842510291,0.8106777432904124,OpenTargets,,,,
140994,3476,GSR,ENSG00000104687,2022-08-23,2022-06-01,False,0.7877354620277731,0.8166326029293359,0.758862369961942,0.779431094073387,0.7714346203015426,0.7575270192288077,OpenTargets,,,,
150296,1527,ITGB7,ENSG00000139626,2025-12-15,2025-06-01,False,0.6321520050287579,0.6321520050287579,0.8735020466887979,0.8735020466887979,0.672645030916651,0.672645030916651,OpenTargets,,,,
144840,443,GLRB,ENSG00000109738,2023-06-13,2023-06-01,False,0.7506488439594787,0.7995913944261748,0.8955696337194191,0.8935192439944333,0.7001649588231644,0.7025386868441444,OpenTargets,,,,
82713,933,NQO1,ENSG00000181019,2022-06-22,2022-06-01,False,0.339846874593673,0.6311009997572524,0.3509135132749171,0.8924163429790135,0.5275087100726282,0.5316502190782502,OpenTargets,,,,
118695,22620,NUDT2,ENSG00000164978,2022-06-22,2022-06-01,False,0.4838441929514906,0.599709427955489,0.6336834216771133,0.8428984314784905,,,OpenTargets,,,,
118696,22620,NUDT2,ENSG00000164978,2022-06-22,2022-06-01,False,0.4838441929514906,0.599709427955489,0.6336834216771133,0.8428984314784905,,,OpenTargets,,,,
142682,104,FLT1,ENSG00000102755,2022-04-28,2021-06-01,False,0.7456855133596364,0.7592166414311848,0.8492090840959025,0.920524902366302,0.7298378826934809,0.7133006908918866,OpenTargets,,,,
109058,7014,STYK1,ENSG00000060140,2023-01-03,2022-06-01,False,0.187577192305421,0.2853793051611159,0.3085502380243868,0.4694272872542174,,,OpenTargets,,,,
86598,956,PLA2G10,ENSG00000069764,2021-08-15,2021-06-01,False,0.3083976548514811,0.5459642948653519,0.0835567948262831,0.8300768914426948,0.7931654135460919,0.7205940690759215,OpenTargets,,,,
86600,956,PLA2G10,ENSG00000069764,2021-08-15,2021-06-01,False,0.3083976548514811,0.5459642948653519,0.0835567948262831,0.8300768914426948,0.7931654135460919,0.7205940690759215,OpenTargets,,,,
86599,956,PLA2G10,ENSG00000069764,2021-08-15,2021-06-01,False,0.3083976548514811,0.5459642948653519,0.0835567948262831,0.8300768914426948,0.7931654135460919,0.7205940690759215,OpenTargets,,,,
86597,956,PLA2G10,ENSG00000069764,2021-08-15,2021-06-01,False,0.3083976548514811,0.5459642948653519,0.0835567948262831,0.8300768914426948,0.7931654135460919,0.7205940690759215,OpenTargets,,,,
97253,6284,TACR1,ENSG00000115353,2022-08-01,2022-06-01,False,0.67923258901789,0.6738868323477306,0.6341940247531576,0.8556589833793722,0.6237252787947026,0.6036773928991648,OpenTargets,,,,
97252,6284,TACR1,ENSG00000115353,2022-08-01,2022-06-01,False,0.67923258901789,0.6738868323477306,0.6341940247531576,0.8556589833793722,0.6237252787947026,0.6036773928991648,OpenTargets,,,,
85196,5715,CD3E,ENSG00000198851,2022-06-23,2022-06-01,False,0.8243932816190213,0.8473313537431872,0.881105102927535,0.8688138183652909,0.7844068887552362,0.7771773412859012,OpenTargets,,,,
85197,5715,CD3E,ENSG00000198851,2022-06-23,2022-06-01,False,0.8243932816190213,0.8473313537431872,0.881105102927535,0.8688138183652909,0.7844068887552362,0.7771773412859012,OpenTargets,,,,
288101,1822,SNAP25,ENSG00000132639,2023-11-22,2023-06-01,False,0.8355859895151105,0.7576891104643566,0.8164314232238572,0.8158786229599959,0.8299745393069601,0.8875300789913242,OpenTargets,,,,
211127,1822,SNAP25,ENSG00000132639,2023-11-22,2023-06-01,False,0.8355859895151105,0.7576891104643566,0.8164314232238572,0.8158786229599959,0.8299745393069601,0.8875300789913242,OpenTargets,,,,
134153,1822,SNAP25,ENSG00000132639,2023-11-22,2023-06-01,False,0.8355859895151105,0.7576891104643566,0.8164314232238572,0.8158786229599959,0.8299745393069601,0.8875300789913242,OpenTargets,,,,
136843,7060,XCL1,ENSG00000143184,2021-12-28,2021-06-01,False,0.3146076775455758,0.5011945712608057,0.4441606857766168,0.8181486915881444,0.5324588743446639,0.6252637277742418,OpenTargets,,,,
83284,7060,XCL1,ENSG00000143184,2022-05-01,2021-06-01,False,0.3146076775455758,0.5011945712608057,0.4441606857766168,0.8181486915881444,0.5324588743446639,0.6252637277742418,OpenTargets,,,,
151466,17670,GM2A,ENSG00000196743,2023-05-31,2022-06-01,False,0.8270311108973804,0.8675902102468058,0.910420590032374,0.9219116529108036,0.4568699696252034,0.5635144470906931,OpenTargets,,,,
125676,17670,GM2A,ENSG00000196743,2021-09-09,2021-06-01,False,0.7889874278480804,0.8675902102468058,0.8681464141415796,0.9219116529108036,0.4520496310645483,0.5635144470906931,OpenTargets,,,,
150835,17670,GM2A,ENSG00000196743,2021-08-25,2021-06-01,False,0.7889874278480804,0.8675902102468058,0.8681464141415796,0.9219116529108036,0.4520496310645483,0.5635144470906931,OpenTargets,,,,
151709,17670,GM2A,ENSG00000196743,2024-01-30,2023-06-01,False,0.8637406216930016,0.8675902102468058,0.914557862848065,0.9219116529108036,0.596756689945431,0.5635144470906931,OpenTargets,,,,
151710,17670,GM2A,ENSG00000196743,2024-01-30,2023-06-01,False,0.8637406216930016,0.8675902102468058,0.914557862848065,0.9219116529108036,0.596756689945431,0.5635144470906931,OpenTargets,,,,
151711,17670,GM2A,ENSG00000196743,2024-01-30,2023-06-01,False,0.8637406216930016,0.8675902102468058,0.914557862848065,0.9219116529108036,0.596756689945431,0.5635144470906931,OpenTargets,,,,
144471,17670,GM2A,ENSG00000196743,2022-02-14,2021-06-01,False,0.7889874278480804,0.8675902102468058,0.8681464141415796,0.9219116529108036,0.4520496310645483,0.5635144470906931,OpenTargets,,,,
150753,1719,FCGR3A,ENSG00000203747,2021-12-16,2021-06-01,False,0.6644324867490344,0.7222251649651645,0.7490893633009535,0.8241762282657145,0.4070794290600062,0.5267245162064563,OpenTargets,,,,
86312,1242,IL18,ENSG00000150782,2021-11-18,2021-06-01,False,0.2599299795761574,0.5864811678499664,0.3882923435946454,0.9354248190711526,0.7060187464587913,0.7101869713212895,OpenTargets,,,,
139468,68,PDE9A,ENSG00000160191,2022-05-26,2021-06-01,False,0.647285637911071,0.7243382088346835,0.7161417671624465,0.8461716651471237,,,OpenTargets,,,,
139469,68,PDE9A,ENSG00000160191,2022-05-26,2021-06-01,False,0.647285637911071,0.7243382088346835,0.7161417671624465,0.8461716651471237,,,OpenTargets,,,,
139467,68,PDE9A,ENSG00000160191,2022-05-26,2021-06-01,False,0.647285637911071,0.7243382088346835,0.7161417671624465,0.8461716651471237,,,OpenTargets,,,,
152778,4188,EGLN1,ENSG00000135766,2022-05-23,2021-06-01,False,0.732464088083304,0.7524295671347999,0.8330921847941684,0.9109085879779272,0.7566006433969545,0.8264099075901362,OpenTargets,,,,
106224,6084,SLC6A3,ENSG00000142319,2022-06-29,2022-06-01,False,0.8806869207850058,0.9068809948542762,0.9002528364273091,0.9711301832662652,0.960342574963848,0.9781004078270136,OpenTargets,,,,
80104,33,PDE4B,ENSG00000184588,2025-03-28,2024-06-01,False,0.7472666680695341,0.738948709624749,0.8451252744958769,0.9753436552258734,0.5284074710214902,0.524676903795558,OpenTargets,,,,
135112,16874,PLOD3,ENSG00000106397,2021-12-06,2021-06-01,False,0.6345101215707408,0.7694297843020944,0.7090917919304391,0.8449352801660504,0.4065566761219267,0.4146392005110061,OpenTargets,,,,
135110,16874,PLOD3,ENSG00000106397,2021-12-06,2021-06-01,False,0.6345101215707408,0.7694297843020944,0.7090917919304391,0.8449352801660504,0.4065566761219267,0.4146392005110061,OpenTargets,,,,
135111,16874,PLOD3,ENSG00000106397,2021-12-06,2021-06-01,False,0.6345101215707408,0.7694297843020944,0.7090917919304391,0.8449352801660504,0.4065566761219267,0.4146392005110061,OpenTargets,,,,
135109,16874,PLOD3,ENSG00000106397,2021-12-06,2021-06-01,False,0.6345101215707408,0.7694297843020944,0.7090917919304391,0.8449352801660504,0.4065566761219267,0.4146392005110061,OpenTargets,,,,
143540,17670,GM2A,ENSG00000196743,2024-10-14,2024-06-01,False,0.8644776867311295,0.8675902102468058,0.91497474531884,0.9219116529108036,0.6062575602797813,0.5635144470906931,OpenTargets,,,,
139808,17670,GM2A,ENSG00000196743,2022-08-17,2022-06-01,False,0.8270311108973804,0.8675902102468058,0.910420590032374,0.9219116529108036,0.4568699696252034,0.5635144470906931,OpenTargets,,,,
139809,17670,GM2A,ENSG00000196743,2022-08-17,2022-06-01,False,0.8270311108973804,0.8675902102468058,0.910420590032374,0.9219116529108036,0.4568699696252034,0.5635144470906931,OpenTargets,,,,
139810,17670,GM2A,ENSG00000196743,2022-08-17,2022-06-01,False,0.8270311108973804,0.8675902102468058,0.910420590032374,0.9219116529108036,0.4568699696252034,0.5635144470906931,OpenTargets,,,,
139811,17670,GM2A,ENSG00000196743,2022-08-17,2022-06-01,False,0.8270311108973804,0.8675902102468058,0.910420590032374,0.9219116529108036,0.4568699696252034,0.5635144470906931,OpenTargets,,,,
139812,17670,GM2A,ENSG00000196743,2022-08-17,2022-06-01,False,0.8270311108973804,0.8675902102468058,0.910420590032374,0.9219116529108036,0.4568699696252034,0.5635144470906931,OpenTargets,,,,
139813,17670,GM2A,ENSG00000196743,2022-08-17,2022-06-01,False,0.8270311108973804,0.8675902102468058,0.910420590032374,0.9219116529108036,0.4568699696252034,0.5635144470906931,OpenTargets,,,,
82331,17670,GM2A,ENSG00000196743,2021-07-15,2021-06-01,False,0.7889874278480804,0.8675902102468058,0.8681464141415796,0.9219116529108036,0.4520496310645483,0.5635144470906931,OpenTargets,,,,
123224,17670,GM2A,ENSG00000196743,2021-07-28,2021-06-01,False,0.7889874278480804,0.8675902102468058,0.8681464141415796,0.9219116529108036,0.4520496310645483,0.5635144470906931,OpenTargets,,,,
131507,17670,GM2A,ENSG00000196743,2021-12-09,2021-06-01,False,0.7889874278480804,0.8675902102468058,0.8681464141415796,0.9219116529108036,0.4520496310645483,0.5635144470906931,OpenTargets,,,,
131508,17670,GM2A,ENSG00000196743,2021-12-09,2021-06-01,False,0.7889874278480804,0.8675902102468058,0.8681464141415796,0.9219116529108036,0.4520496310645483,0.5635144470906931,OpenTargets,,,,
131509,17670,GM2A,ENSG00000196743,2021-12-09,2021-06-01,False,0.7889874278480804,0.8675902102468058,0.8681464141415796,0.9219116529108036,0.4520496310645483,0.5635144470906931,OpenTargets,,,,
141418,17670,GM2A,ENSG00000196743,2021-09-07,2021-06-01,False,0.7889874278480804,0.8675902102468058,0.8681464141415796,0.9219116529108036,0.4520496310645483,0.5635144470906931,OpenTargets,,,,
131510,17670,GM2A,ENSG00000196743,2021-12-09,2021-06-01,False,0.7889874278480804,0.8675902102468058,0.8681464141415796,0.9219116529108036,0.4520496310645483,0.5635144470906931,OpenTargets,,,,
123506,17670,GM2A,ENSG00000196743,2022-06-13,2022-06-01,False,0.8270311108973804,0.8675902102468058,0.910420590032374,0.9219116529108036,0.4568699696252034,0.5635144470906931,OpenTargets,,,,
94872,17670,GM2A,ENSG00000196743,2021-10-07,2021-06-01,False,0.7889874278480804,0.8675902102468058,0.8681464141415796,0.9219116529108036,0.4520496310645483,0.5635144470906931,OpenTargets,,,,
141540,17670,GM2A,ENSG00000196743,2023-09-29,2023-06-01,False,0.8637406216930016,0.8675902102468058,0.914557862848065,0.9219116529108036,0.596756689945431,0.5635144470906931,OpenTargets,,,,
139738,17670,GM2A,ENSG00000196743,2021-09-23,2021-06-01,False,0.7889874278480804,0.8675902102468058,0.8681464141415796,0.9219116529108036,0.4520496310645483,0.5635144470906931,OpenTargets,,,,
139737,17670,GM2A,ENSG00000196743,2021-09-23,2021-06-01,False,0.7889874278480804,0.8675902102468058,0.8681464141415796,0.9219116529108036,0.4520496310645483,0.5635144470906931,OpenTargets,,,,
121431,17670,GM2A,ENSG00000196743,2021-11-09,2021-06-01,False,0.7889874278480804,0.8675902102468058,0.8681464141415796,0.9219116529108036,0.4520496310645483,0.5635144470906931,OpenTargets,,,,
91632,17670,GM2A,ENSG00000196743,2022-04-06,2021-06-01,False,0.7889874278480804,0.8675902102468058,0.8681464141415796,0.9219116529108036,0.4520496310645483,0.5635144470906931,OpenTargets,,,,
83962,17670,GM2A,ENSG00000196743,2022-12-13,2022-06-01,False,0.8270311108973804,0.8675902102468058,0.910420590032374,0.9219116529108036,0.4568699696252034,0.5635144470906931,OpenTargets,,,,
149355,17670,GM2A,ENSG00000196743,2021-10-08,2021-06-01,False,0.7889874278480804,0.8675902102468058,0.8681464141415796,0.9219116529108036,0.4520496310645483,0.5635144470906931,OpenTargets,,,,
83963,17670,GM2A,ENSG00000196743,2022-12-13,2022-06-01,False,0.8270311108973804,0.8675902102468058,0.910420590032374,0.9219116529108036,0.4568699696252034,0.5635144470906931,OpenTargets,,,,
83964,17670,GM2A,ENSG00000196743,2022-12-13,2022-06-01,False,0.8270311108973804,0.8675902102468058,0.910420590032374,0.9219116529108036,0.4568699696252034,0.5635144470906931,OpenTargets,,,,
83965,17670,GM2A,ENSG00000196743,2022-12-13,2022-06-01,False,0.8270311108973804,0.8675902102468058,0.910420590032374,0.9219116529108036,0.4568699696252034,0.5635144470906931,OpenTargets,,,,
131511,17670,GM2A,ENSG00000196743,2021-12-09,2021-06-01,False,0.7889874278480804,0.8675902102468058,0.8681464141415796,0.9219116529108036,0.4520496310645483,0.5635144470906931,OpenTargets,,,,
150639,17670,GM2A,ENSG00000196743,2025-03-26,2024-06-01,False,0.8644776867311295,0.8675902102468058,0.91497474531884,0.9219116529108036,0.6062575602797813,0.5635144470906931,OpenTargets,,,,
151199,17670,GM2A,ENSG00000196743,2023-09-15,2023-06-01,False,0.8637406216930016,0.8675902102468058,0.914557862848065,0.9219116529108036,0.596756689945431,0.5635144470906931,OpenTargets,,,,
83966,17670,GM2A,ENSG00000196743,2022-12-13,2022-06-01,False,0.8270311108973804,0.8675902102468058,0.910420590032374,0.9219116529108036,0.4568699696252034,0.5635144470906931,OpenTargets,,,,
150870,17670,GM2A,ENSG00000196743,2021-08-15,2021-06-01,False,0.7889874278480804,0.8675902102468058,0.8681464141415796,0.9219116529108036,0.4520496310645483,0.5635144470906931,OpenTargets,,,,
112150,5383,DNTT,ENSG00000107447,2022-11-16,2022-06-01,False,0.2033697148941632,0.4023187661639839,0.3262693858289873,0.6348513759708735,0.7998153400265322,0.7623016463315029,OpenTargets,,,,
112148,5383,DNTT,ENSG00000107447,2022-11-16,2022-06-01,False,0.2033697148941632,0.4023187661639839,0.3262693858289873,0.6348513759708735,0.7998153400265322,0.7623016463315029,OpenTargets,,,,
112149,5383,DNTT,ENSG00000107447,2022-11-16,2022-06-01,False,0.2033697148941632,0.4023187661639839,0.3262693858289873,0.6348513759708735,0.7998153400265322,0.7623016463315029,OpenTargets,,,,
149672,5383,DNTT,ENSG00000107447,2025-05-23,2024-06-01,False,0.2206519421245605,0.4023187661639839,0.3082574479020085,0.6348513759708735,0.7614971762421752,0.7623016463315029,OpenTargets,,,,
152776,2467,MALT1,ENSG00000172175,2021-10-01,2021-06-01,False,0.7662689915735613,0.8057939737261878,0.8501670559893215,0.863555299991876,0.6416015753801821,0.7076732749325197,OpenTargets,,,,
150301,23032,TRDMT1,ENSG00000107614,2021-06-01,2021-06-01,False,0.4543050006144004,0.570478346077886,0.7472972292228479,0.935201924420358,0.7635339605767861,0.5215572714038027,OpenTargets,,,,
150781,1170,TFPI,ENSG00000003436,2024-08-02,2024-06-01,False,0.5820040688042898,0.5913274945779708,0.6773872466159852,0.9564397518282168,0.4080313304802997,0.4175126867477171,OpenTargets,,,,
132443,211,GLP1R,ENSG00000112164,2023-01-10,2022-06-01,False,0.7493611887672467,0.766293002024608,0.8067088062469737,0.9621805353741036,0.9487154078870248,0.9226156270360436,OpenTargets,,,,
132442,211,GLP1R,ENSG00000112164,2023-01-10,2022-06-01,False,0.7493611887672467,0.766293002024608,0.8067088062469737,0.9621805353741036,0.9487154078870248,0.9226156270360436,OpenTargets,,,,
519023,1822,SNAP25,ENSG00000132639,2023-11-22,2023-06-01,False,0.8355859895151105,0.7576891104643566,0.8164314232238572,0.8158786229599959,0.8299745393069601,0.8875300789913242,OpenTargets,,,,
442049,1822,SNAP25,ENSG00000132639,2023-11-22,2023-06-01,False,0.8355859895151105,0.7576891104643566,0.8164314232238572,0.8158786229599959,0.8299745393069601,0.8875300789913242,OpenTargets,,,,
111740,349,F9,ENSG00000101981,2022-05-18,2021-06-01,False,0.8893015831195868,0.90499196010767,0.942156784467815,0.9601806222366952,0.7837768625690514,0.9296242425125896,OpenTargets,,,,
105706,17670,GM2A,ENSG00000196743,2022-01-25,2021-06-01,False,0.7889874278480804,0.8675902102468058,0.8681464141415796,0.9219116529108036,0.4520496310645483,0.5635144470906931,OpenTargets,,,,
109763,17670,GM2A,ENSG00000196743,2021-11-08,2021-06-01,False,0.7889874278480804,0.8675902102468058,0.8681464141415796,0.9219116529108036,0.4520496310645483,0.5635144470906931,OpenTargets,,,,
136678,17670,GM2A,ENSG00000196743,2023-11-27,2023-06-01,False,0.8637406216930016,0.8675902102468058,0.914557862848065,0.9219116529108036,0.596756689945431,0.5635144470906931,OpenTargets,,,,
102989,6372,DHFR,ENSG00000228716,2023-02-13,2022-06-01,False,0.8818810904223476,0.874896646230756,0.9071555771992896,0.9262054432922312,0.6502206386887691,0.6284585202080156,OpenTargets,,,,
144045,7171,GLUD1,ENSG00000148672,2021-11-16,2021-06-01,False,0.8048125371985354,0.8475066821087256,0.8814441564665972,0.9251487146635536,,,OpenTargets,,,,
122107,1242,IL18,ENSG00000150782,2024-05-01,2023-06-01,False,0.3619641629191716,0.5864811678499664,0.5661275495630111,0.9354248190711526,0.7314098992425845,0.7101869713212895,OpenTargets,,,,
122106,1242,IL18,ENSG00000150782,2024-05-01,2023-06-01,False,0.3619641629191716,0.5864811678499664,0.5661275495630111,0.9354248190711526,0.7314098992425845,0.7101869713212895,OpenTargets,,,,
122108,1242,IL18,ENSG00000150782,2024-05-01,2023-06-01,False,0.3619641629191716,0.5864811678499664,0.5661275495630111,0.9354248190711526,0.7314098992425845,0.7101869713212895,OpenTargets,,,,
122109,1242,IL18,ENSG00000150782,2024-05-01,2023-06-01,False,0.3619641629191716,0.5864811678499664,0.5661275495630111,0.9354248190711526,0.7314098992425845,0.7101869713212895,OpenTargets,,,,
122110,1242,IL18,ENSG00000150782,2024-05-01,2023-06-01,False,0.3619641629191716,0.5864811678499664,0.5661275495630111,0.9354248190711526,0.7314098992425845,0.7101869713212895,OpenTargets,,,,
122111,1242,IL18,ENSG00000150782,2024-05-01,2023-06-01,False,0.3619641629191716,0.5864811678499664,0.5661275495630111,0.9354248190711526,0.7314098992425845,0.7101869713212895,OpenTargets,,,,
122112,1242,IL18,ENSG00000150782,2024-05-01,2023-06-01,False,0.3619641629191716,0.5864811678499664,0.5661275495630111,0.9354248190711526,0.7314098992425845,0.7101869713212895,OpenTargets,,,,
108850,1197,ALOX12,ENSG00000108839,2021-08-26,2021-06-01,False,0.5901211799175785,0.3958353975316515,0.8897742701710087,0.4858092281511662,0.5399132966459155,0.65747378353833,OpenTargets,,,,
99547,68,PDE9A,ENSG00000160191,2022-05-26,2021-06-01,False,0.647285637911071,0.7243382088346835,0.7161417671624465,0.8461716651471237,,,OpenTargets,,,,
99546,68,PDE9A,ENSG00000160191,2022-05-26,2021-06-01,False,0.647285637911071,0.7243382088346835,0.7161417671624465,0.8461716651471237,,,OpenTargets,,,,
142229,2626,F5,ENSG00000198734,2021-11-04,2021-06-01,False,0.8360211720513826,0.8592668118103673,0.9082027610997234,0.9407777744595116,0.5714447033564438,0.6860064570855557,OpenTargets,,,,
151616,2626,F5,ENSG00000198734,2024-01-16,2023-06-01,False,0.8516198900674777,0.8592668118103673,0.924596216853031,0.9407777744595116,0.6925313443451547,0.6860064570855557,OpenTargets,,,,
142230,2626,F5,ENSG00000198734,2021-11-04,2021-06-01,False,0.8360211720513826,0.8592668118103673,0.9082027610997234,0.9407777744595116,0.5714447033564438,0.6860064570855557,OpenTargets,,,,
130728,6406,NUPR1,ENSG00000176046,2021-10-06,2021-06-01,False,0.1410055900980659,0.5312177653904931,0.1811333729053583,0.872749008158906,0.512824568305203,0.6006472620703875,OpenTargets,,,,
130729,6406,NUPR1,ENSG00000176046,2021-10-06,2021-06-01,False,0.1410055900980659,0.5312177653904931,0.1811333729053583,0.872749008158906,0.512824568305203,0.6006472620703875,OpenTargets,,,,
122139,22620,NUDT2,ENSG00000164978,2024-07-18,2024-06-01,False,0.6081664958818119,0.599709427955489,0.7963217970048223,0.8428984314784905,,,OpenTargets,,,,
89030,2273,SLC10A2,ENSG00000125255,2021-08-27,2021-06-01,False,0.6332763100903904,0.80349616342602,0.787916327577004,0.9799674248258696,0.6163380804112168,0.6540912724208692,OpenTargets,,,,
136190,17670,GM2A,ENSG00000196743,2022-06-21,2022-06-01,False,0.8270311108973804,0.8675902102468058,0.910420590032374,0.9219116529108036,0.4568699696252034,0.5635144470906931,OpenTargets,,,,
132430,17670,GM2A,ENSG00000196743,2021-12-10,2021-06-01,False,0.7889874278480804,0.8675902102468058,0.8681464141415796,0.9219116529108036,0.4520496310645483,0.5635144470906931,OpenTargets,,,,
149026,17670,GM2A,ENSG00000196743,2022-02-28,2021-06-01,False,0.7889874278480804,0.8675902102468058,0.8681464141415796,0.9219116529108036,0.4520496310645483,0.5635144470906931,OpenTargets,,,,
144247,17670,GM2A,ENSG00000196743,2021-09-27,2021-06-01,False,0.7889874278480804,0.8675902102468058,0.8681464141415796,0.9219116529108036,0.4520496310645483,0.5635144470906931,OpenTargets,,,,
136191,17670,GM2A,ENSG00000196743,2022-06-21,2022-06-01,False,0.8270311108973804,0.8675902102468058,0.910420590032374,0.9219116529108036,0.4568699696252034,0.5635144470906931,OpenTargets,,,,
90193,17670,GM2A,ENSG00000196743,2022-07-25,2022-06-01,False,0.8270311108973804,0.8675902102468058,0.910420590032374,0.9219116529108036,0.4568699696252034,0.5635144470906931,OpenTargets,,,,
90192,17670,GM2A,ENSG00000196743,2022-07-25,2022-06-01,False,0.8270311108973804,0.8675902102468058,0.910420590032374,0.9219116529108036,0.4568699696252034,0.5635144470906931,OpenTargets,,,,
136192,17670,GM2A,ENSG00000196743,2022-06-21,2022-06-01,False,0.8270311108973804,0.8675902102468058,0.910420590032374,0.9219116529108036,0.4568699696252034,0.5635144470906931,OpenTargets,,,,
136193,17670,GM2A,ENSG00000196743,2022-06-21,2022-06-01,False,0.8270311108973804,0.8675902102468058,0.910420590032374,0.9219116529108036,0.4568699696252034,0.5635144470906931,OpenTargets,,,,
149114,17670,GM2A,ENSG00000196743,2023-02-17,2022-06-01,False,0.8270311108973804,0.8675902102468058,0.910420590032374,0.9219116529108036,0.4568699696252034,0.5635144470906931,OpenTargets,,,,
149115,17670,GM2A,ENSG00000196743,2023-02-17,2022-06-01,False,0.8270311108973804,0.8675902102468058,0.910420590032374,0.9219116529108036,0.4568699696252034,0.5635144470906931,OpenTargets,,,,
136194,17670,GM2A,ENSG00000196743,2022-06-21,2022-06-01,False,0.8270311108973804,0.8675902102468058,0.910420590032374,0.9219116529108036,0.4568699696252034,0.5635144470906931,OpenTargets,,,,
149116,17670,GM2A,ENSG00000196743,2023-02-17,2022-06-01,False,0.8270311108973804,0.8675902102468058,0.910420590032374,0.9219116529108036,0.4568699696252034,0.5635144470906931,OpenTargets,,,,
101244,17670,GM2A,ENSG00000196743,2021-09-16,2021-06-01,False,0.7889874278480804,0.8675902102468058,0.8681464141415796,0.9219116529108036,0.4520496310645483,0.5635144470906931,OpenTargets,,,,
101241,17670,GM2A,ENSG00000196743,2021-09-16,2021-06-01,False,0.7889874278480804,0.8675902102468058,0.8681464141415796,0.9219116529108036,0.4520496310645483,0.5635144470906931,OpenTargets,,,,
101240,17670,GM2A,ENSG00000196743,2021-09-16,2021-06-01,False,0.7889874278480804,0.8675902102468058,0.8681464141415796,0.9219116529108036,0.4520496310645483,0.5635144470906931,OpenTargets,,,,
138483,17670,GM2A,ENSG00000196743,2021-12-07,2021-06-01,False,0.7889874278480804,0.8675902102468058,0.8681464141415796,0.9219116529108036,0.4520496310645483,0.5635144470906931,OpenTargets,,,,
132240,17670,GM2A,ENSG00000196743,2023-09-29,2023-06-01,False,0.8637406216930016,0.8675902102468058,0.914557862848065,0.9219116529108036,0.596756689945431,0.5635144470906931,OpenTargets,,,,
132241,17670,GM2A,ENSG00000196743,2023-09-29,2023-06-01,False,0.8637406216930016,0.8675902102468058,0.914557862848065,0.9219116529108036,0.596756689945431,0.5635144470906931,OpenTargets,,,,
138482,17670,GM2A,ENSG00000196743,2021-12-07,2021-06-01,False,0.7889874278480804,0.8675902102468058,0.8681464141415796,0.9219116529108036,0.4520496310645483,0.5635144470906931,OpenTargets,,,,
144248,17670,GM2A,ENSG00000196743,2021-09-27,2021-06-01,False,0.7889874278480804,0.8675902102468058,0.8681464141415796,0.9219116529108036,0.4520496310645483,0.5635144470906931,OpenTargets,,,,
139922,1170,TFPI,ENSG00000003436,2021-06-27,2021-06-01,False,0.4171943230738112,0.5913274945779708,0.4787735638897628,0.9564397518282168,0.3496024260431829,0.4175126867477171,OpenTargets,,,,
145331,1713,EPHB2,ENSG00000133216,2022-07-26,2022-06-01,False,0.7328853343976116,0.7342494387197767,0.7740244487544795,0.8893774966425988,0.7546664431907816,0.7495007183283537,OpenTargets,,,,
88091,6084,SLC6A3,ENSG00000142319,2025-03-26,2024-06-01,False,0.8927258904731339,0.9068809948542762,0.893932174352895,0.9711301832662652,0.9550939113826524,0.9781004078270136,OpenTargets,,,,
88090,6084,SLC6A3,ENSG00000142319,2025-03-26,2024-06-01,False,0.8927258904731339,0.9068809948542762,0.893932174352895,0.9711301832662652,0.9550939113826524,0.9781004078270136,OpenTargets,,,,
88092,6084,SLC6A3,ENSG00000142319,2025-03-26,2024-06-01,False,0.8927258904731339,0.9068809948542762,0.893932174352895,0.9711301832662652,0.9550939113826524,0.9781004078270136,OpenTargets,,,,
88093,6084,SLC6A3,ENSG00000142319,2025-03-26,2024-06-01,False,0.8927258904731339,0.9068809948542762,0.893932174352895,0.9711301832662652,0.9550939113826524,0.9781004078270136,OpenTargets,,,,
82181,6084,SLC6A3,ENSG00000142319,2022-09-12,2022-06-01,False,0.8806869207850058,0.9068809948542762,0.9002528364273091,0.9711301832662652,0.960342574963848,0.9781004078270136,OpenTargets,,,,
86103,4419,DRD4,ENSG00000069696,2021-08-19,2021-06-01,False,0.6502183666169368,0.7061606812423773,0.1355616052971463,0.5513876956111821,0.409562978350949,0.390413158226183,OpenTargets,,,,
119380,16729,ALCAM,ENSG00000170017,2024-08-26,2024-06-01,False,0.4692249734663749,0.5772849986592582,0.7638959789039375,0.9417261904116436,0.7435759505805989,0.7431957616469659,OpenTargets,,,,
89660,199,CTRB1,ENSG00000168925,2023-03-30,2022-06-01,False,0.4204672721352435,0.5793749290092836,0.6732639758207554,0.9322586077159448,0.5263515191458218,0.5239301476083427,OpenTargets,,,,
92718,199,CTRB1,ENSG00000168925,2022-08-04,2022-06-01,False,0.4204672721352435,0.5793749290092836,0.6732639758207554,0.9322586077159448,0.5263515191458218,0.5239301476083427,OpenTargets,,,,
137531,6088,GRIN2D,ENSG00000105464,2021-12-02,2021-06-01,False,0.835770836175872,0.868374738335501,0.8088864302125774,0.8609464647532203,0.4806908816715087,0.3324773532137955,OpenTargets,,,,
141514,7069,DUSP26,ENSG00000133878,2022-01-14,2021-06-01,False,0.3608097439472282,0.4800320667380805,0.5907436123510353,0.7850568184782848,0.524522765821605,0.4620777801785169,OpenTargets,,,,
137481,17983,CTNNA1,ENSG00000044115,2022-05-26,2021-06-01,False,0.7223228141034185,0.7953318678749218,0.8224815297122549,0.911419858004046,0.822601979930671,0.8503298535167915,OpenTargets,,,,
144841,17670,GM2A,ENSG00000196743,2023-06-13,2023-06-01,False,0.8637406216930016,0.8675902102468058,0.914557862848065,0.9219116529108036,0.596756689945431,0.5635144470906931,OpenTargets,,,,
98350,17670,GM2A,ENSG00000196743,2021-06-25,2021-06-01,False,0.7889874278480804,0.8675902102468058,0.8681464141415796,0.9219116529108036,0.4520496310645483,0.5635144470906931,OpenTargets,,,,
148185,17670,GM2A,ENSG00000196743,2022-03-14,2021-06-01,False,0.7889874278480804,0.8675902102468058,0.8681464141415796,0.9219116529108036,0.4520496310645483,0.5635144470906931,OpenTargets,,,,
148184,17670,GM2A,ENSG00000196743,2022-03-14,2021-06-01,False,0.7889874278480804,0.8675902102468058,0.8681464141415796,0.9219116529108036,0.4520496310645483,0.5635144470906931,OpenTargets,,,,
79376,17670,GM2A,ENSG00000196743,2021-08-14,2021-06-01,False,0.7889874278480804,0.8675902102468058,0.8681464141415796,0.9219116529108036,0.4520496310645483,0.5635144470906931,OpenTargets,,,,
128181,17670,GM2A,ENSG00000196743,2021-12-18,2021-06-01,False,0.7889874278480804,0.8675902102468058,0.8681464141415796,0.9219116529108036,0.4520496310645483,0.5635144470906931,OpenTargets,,,,
99980,17670,GM2A,ENSG00000196743,2022-09-21,2022-06-01,False,0.8270311108973804,0.8675902102468058,0.910420590032374,0.9219116529108036,0.4568699696252034,0.5635144470906931,OpenTargets,,,,
94659,17,PLG,ENSG00000122194,2021-06-22,2021-06-01,False,0.8475792518739443,0.8559607869722345,0.8899702025127191,0.9763714710709164,0.558576508253658,0.6442690549559066,OpenTargets,,,,
124120,7146,PARD3,ENSG00000148498,2024-01-31,2023-06-01,False,0.75154265168563,0.7457948365769514,0.9066612367713316,0.9326798466194466,0.6040644887197842,0.704238150183331,OpenTargets,,,,
136210,7171,GLUD1,ENSG00000148672,2021-12-07,2021-06-01,False,0.8048125371985354,0.8475066821087256,0.8814441564665972,0.9251487146635536,,,OpenTargets,,,,
127989,1121,SELP,ENSG00000174175,2021-10-04,2021-06-01,False,0.5847431180539946,0.5981754061280603,0.6243450982263478,0.9511358861284744,0.6967181824386063,0.719476711138445,OpenTargets,,,,
127988,1121,SELP,ENSG00000174175,2021-10-04,2021-06-01,False,0.5847431180539946,0.5981754061280603,0.6243450982263478,0.9511358861284744,0.6967181824386063,0.719476711138445,OpenTargets,,,,
127987,1121,SELP,ENSG00000174175,2021-10-04,2021-06-01,False,0.5847431180539946,0.5981754061280603,0.6243450982263478,0.9511358861284744,0.6967181824386063,0.719476711138445,OpenTargets,,,,
107482,1180,OLR1,ENSG00000173391,2021-06-30,2021-06-01,False,0.2705199001865117,0.4141254401753653,0.4127903409354788,0.6774251135352356,0.3812925075653486,0.2827486139691649,OpenTargets,,,,
107483,1180,OLR1,ENSG00000173391,2021-06-30,2021-06-01,False,0.2705199001865117,0.4141254401753653,0.4127903409354788,0.6774251135352356,0.3812925075653486,0.2827486139691649,OpenTargets,,,,
107480,1180,OLR1,ENSG00000173391,2021-06-30,2021-06-01,False,0.2705199001865117,0.4141254401753653,0.4127903409354788,0.6774251135352356,0.3812925075653486,0.2827486139691649,OpenTargets,,,,
107481,1180,OLR1,ENSG00000173391,2021-06-30,2021-06-01,False,0.2705199001865117,0.4141254401753653,0.4127903409354788,0.6774251135352356,0.3812925075653486,0.2827486139691649,OpenTargets,,,,
129000,3148,PIERCE2,ENSG00000261652,2022-10-27,2022-06-01,False,0.2955265660083891,0.3082812052355407,0.2801473170332106,0.4046255364051462,,0.7803801424203839,OpenTargets,,,,
151754,17670,GM2A,ENSG00000196743,2023-10-01,2023-06-01,False,0.8637406216930016,0.8675902102468058,0.914557862848065,0.9219116529108036,0.596756689945431,0.5635144470906931,OpenTargets,,,,
136753,17670,GM2A,ENSG00000196743,2022-01-10,2021-06-01,False,0.7889874278480804,0.8675902102468058,0.8681464141415796,0.9219116529108036,0.4520496310645483,0.5635144470906931,OpenTargets,,,,
144800,17670,GM2A,ENSG00000196743,2025-07-25,2025-06-01,False,0.8675902102468058,0.8675902102468058,0.9219116529108036,0.9219116529108036,0.5635144470906931,0.5635144470906931,OpenTargets,,,,
144799,17670,GM2A,ENSG00000196743,2025-07-25,2025-06-01,False,0.8675902102468058,0.8675902102468058,0.9219116529108036,0.9219116529108036,0.5635144470906931,0.5635144470906931,OpenTargets,,,,
144851,17670,GM2A,ENSG00000196743,2021-06-29,2021-06-01,False,0.7889874278480804,0.8675902102468058,0.8681464141415796,0.9219116529108036,0.4520496310645483,0.5635144470906931,OpenTargets,,,,
145195,17670,GM2A,ENSG00000196743,2025-06-03,2025-06-01,False,0.8675902102468058,0.8675902102468058,0.9219116529108036,0.9219116529108036,0.5635144470906931,0.5635144470906931,OpenTargets,,,,
120871,17670,GM2A,ENSG00000196743,2021-06-07,2021-06-01,False,0.7889874278480804,0.8675902102468058,0.8681464141415796,0.9219116529108036,0.4520496310645483,0.5635144470906931,OpenTargets,,,,
136755,17670,GM2A,ENSG00000196743,2022-01-10,2021-06-01,False,0.7889874278480804,0.8675902102468058,0.8681464141415796,0.9219116529108036,0.4520496310645483,0.5635144470906931,OpenTargets,,,,
139243,17670,GM2A,ENSG00000196743,2024-10-03,2024-06-01,False,0.8644776867311295,0.8675902102468058,0.91497474531884,0.9219116529108036,0.6062575602797813,0.5635144470906931,OpenTargets,,,,
139244,17670,GM2A,ENSG00000196743,2024-10-03,2024-06-01,False,0.8644776867311295,0.8675902102468058,0.91497474531884,0.9219116529108036,0.6062575602797813,0.5635144470906931,OpenTargets,,,,
144839,17670,GM2A,ENSG00000196743,2023-06-13,2023-06-01,False,0.8637406216930016,0.8675902102468058,0.914557862848065,0.9219116529108036,0.596756689945431,0.5635144470906931,OpenTargets,,,,
136754,17670,GM2A,ENSG00000196743,2022-01-10,2021-06-01,False,0.7889874278480804,0.8675902102468058,0.8681464141415796,0.9219116529108036,0.4520496310645483,0.5635144470906931,OpenTargets,,,,
138657,17670,GM2A,ENSG00000196743,2023-09-18,2023-06-01,False,0.8637406216930016,0.8675902102468058,0.914557862848065,0.9219116529108036,0.596756689945431,0.5635144470906931,OpenTargets,,,,
145192,17670,GM2A,ENSG00000196743,2025-06-03,2025-06-01,False,0.8675902102468058,0.8675902102468058,0.9219116529108036,0.9219116529108036,0.5635144470906931,0.5635144470906931,OpenTargets,,,,
98244,17670,GM2A,ENSG00000196743,2023-03-15,2022-06-01,False,0.8270311108973804,0.8675902102468058,0.910420590032374,0.9219116529108036,0.4568699696252034,0.5635144470906931,OpenTargets,,,,
145191,17670,GM2A,ENSG00000196743,2025-06-03,2025-06-01,False,0.8675902102468058,0.8675902102468058,0.9219116529108036,0.9219116529108036,0.5635144470906931,0.5635144470906931,OpenTargets,,,,
145193,17670,GM2A,ENSG00000196743,2025-06-03,2025-06-01,False,0.8675902102468058,0.8675902102468058,0.9219116529108036,0.9219116529108036,0.5635144470906931,0.5635144470906931,OpenTargets,,,,
142886,17670,GM2A,ENSG00000196743,2022-04-19,2021-06-01,False,0.7889874278480804,0.8675902102468058,0.8681464141415796,0.9219116529108036,0.4520496310645483,0.5635144470906931,OpenTargets,,,,
120872,17670,GM2A,ENSG00000196743,2021-06-07,2021-06-01,False,0.7889874278480804,0.8675902102468058,0.8681464141415796,0.9219116529108036,0.4520496310645483,0.5635144470906931,OpenTargets,,,,
120759,17670,GM2A,ENSG00000196743,2023-03-01,2022-06-01,False,0.8270311108973804,0.8675902102468058,0.910420590032374,0.9219116529108036,0.4568699696252034,0.5635144470906931,OpenTargets,,,,
145194,17670,GM2A,ENSG00000196743,2025-06-03,2025-06-01,False,0.8675902102468058,0.8675902102468058,0.9219116529108036,0.9219116529108036,0.5635144470906931,0.5635144470906931,OpenTargets,,,,
147955,17670,GM2A,ENSG00000196743,2023-05-30,2022-06-01,False,0.8270311108973804,0.8675902102468058,0.910420590032374,0.9219116529108036,0.4568699696252034,0.5635144470906931,OpenTargets,,,,
144798,17670,GM2A,ENSG00000196743,2025-07-25,2025-06-01,False,0.8675902102468058,0.8675902102468058,0.9219116529108036,0.9219116529108036,0.5635144470906931,0.5635144470906931,OpenTargets,,,,
137267,27865,ZNF829,ENSG00000185869,2023-11-29,2023-06-01,False,0.1832841385214624,0.327699872160491,0.3014884905346648,0.539041406436269,,,OpenTargets,,,,
141188,148,FDX1,ENSG00000137714,2021-11-24,2021-06-01,False,0.3987463111687995,0.5653034803520178,0.4937176095734235,0.9072154634510344,0.922756063740396,0.6547917785547207,OpenTargets,,,,
124341,6084,SLC6A3,ENSG00000142319,2021-09-15,2021-06-01,False,0.8520996617864399,0.9068809948542762,0.8574673833193723,0.9711301832662652,0.9094100297504364,0.9781004078270136,OpenTargets,,,,
118745,6799,DLX6,ENSG00000006377,2022-12-29,2022-06-01,False,0.4957692602918482,0.5666653426773598,0.7828476162190261,0.8981134901010477,0.6182583214825413,0.6066987166053934,OpenTargets,,,,
118746,6799,DLX6,ENSG00000006377,2022-12-29,2022-06-01,False,0.4957692602918482,0.5666653426773598,0.7828476162190261,0.8981134901010477,0.6182583214825413,0.6066987166053934,OpenTargets,,,,
146966,21013,MLST8,ENSG00000167965,2022-07-21,2022-06-01,False,0.3213028038548915,0.5258909921135377,0.3340291245473633,0.7193953891049721,,,OpenTargets,,,,
146963,21013,MLST8,ENSG00000167965,2022-07-21,2022-06-01,False,0.3213028038548915,0.5258909921135377,0.3340291245473633,0.7193953891049721,,,OpenTargets,,,,
146965,21013,MLST8,ENSG00000167965,2022-07-21,2022-06-01,False,0.3213028038548915,0.5258909921135377,0.3340291245473633,0.7193953891049721,,,OpenTargets,,,,
146964,21013,MLST8,ENSG00000167965,2022-07-21,2022-06-01,False,0.3213028038548915,0.5258909921135377,0.3340291245473633,0.7193953891049721,,,OpenTargets,,,,
137482,17983,CTNNA1,ENSG00000044115,2022-05-26,2021-06-01,False,0.7223228141034185,0.7953318678749218,0.8224815297122549,0.911419858004046,0.822601979930671,0.8503298535167915,OpenTargets,,,,
104643,1713,EPHB2,ENSG00000133216,2021-07-12,2021-06-01,False,0.7262024367543365,0.7342494387197767,0.752594933729025,0.8893774966425988,0.761353140506496,0.7495007183283537,OpenTargets,,,,
104644,1713,EPHB2,ENSG00000133216,2021-07-12,2021-06-01,False,0.7262024367543365,0.7342494387197767,0.752594933729025,0.8893774966425988,0.761353140506496,0.7495007183283537,OpenTargets,,,,
113755,6142,AREL1,ENSG00000119682,2022-10-11,2022-06-01,False,0.432425275734235,0.4860482976441024,0.7043155390178181,0.6888310742406202,0.6133928869584956,0.6723380421622868,OpenTargets,,,,
526464,3455,IGLC2,ENSG00000211677,2021-08-30,2021-06-01,False,0.6002410858036784,0.6121347438398245,,,0.6718630438904586,0.6761563271925216,OpenTargets,,,,
295542,3455,IGLC2,ENSG00000211677,2021-08-30,2021-06-01,False,0.6002410858036784,0.6121347438398245,,,0.6718630438904586,0.6761563271925216,OpenTargets,,,,
449490,3455,IGLC2,ENSG00000211677,2021-08-30,2021-06-01,False,0.6002410858036784,0.6121347438398245,,,0.6718630438904586,0.6761563271925216,OpenTargets,,,,
91896,27930,SCDP1,ENSG00000226549,2023-05-30,2022-06-01,False,0.0,0.0219386708183668,0.0,,0.0,,OpenTargets,,,,
91895,27930,SCDP1,ENSG00000226549,2023-05-30,2022-06-01,False,0.0,0.0219386708183668,0.0,,0.0,,OpenTargets,,,,
91894,27930,SCDP1,ENSG00000226549,2023-05-30,2022-06-01,False,0.0,0.0219386708183668,0.0,,0.0,,OpenTargets,,,,
91893,27930,SCDP1,ENSG00000226549,2023-05-30,2022-06-01,False,0.0,0.0219386708183668,0.0,,0.0,,OpenTargets,,,,
91897,27930,SCDP1,ENSG00000226549,2023-05-30,2022-06-01,False,0.0,0.0219386708183668,0.0,,0.0,,OpenTargets,,,,
152286,1687,MAPK1,ENSG00000100030,2021-07-01,2021-06-01,False,0.8396258294972969,0.8370458619779526,0.8785951421178173,0.8797759503372119,0.7689068030602276,0.8201634243819558,OpenTargets,,,,
123283,3925,ALPL,ENSG00000162551,2021-11-30,2021-06-01,False,0.9006088756573982,0.8962965081940305,0.971596463401636,0.9782283952226424,0.878004408373886,0.8578845166095471,OpenTargets,,,,
102468,21932,BCKDHA,ENSG00000248098,2022-06-29,2022-06-01,False,0.8919333584223995,0.8601259474160977,0.967639651955188,0.933039490053122,0.6227972306402852,0.52903525867165,OpenTargets,,,,
102469,21932,BCKDHA,ENSG00000248098,2022-06-29,2022-06-01,False,0.8919333584223995,0.8601259474160977,0.967639651955188,0.933039490053122,0.6227972306402852,0.52903525867165,OpenTargets,,,,
123378,365,GABRB3,ENSG00000166206,2021-07-26,2021-06-01,False,0.8910194420685138,0.896338875435873,0.8964101589323543,0.8986937916750556,0.5490391893328276,0.5466330187615621,OpenTargets,,,,
113948,5018,PIGT,ENSG00000124155,2023-04-07,2022-06-01,False,0.7988219314555934,0.8414045072346347,0.9196788218542946,0.9495146436107654,,,OpenTargets,,,,
139341,104,FLT1,ENSG00000102755,2021-08-13,2021-06-01,False,0.7456855133596364,0.7592166414311848,0.8492090840959025,0.920524902366302,0.7298378826934809,0.7133006908918866,OpenTargets,,,,
139343,104,FLT1,ENSG00000102755,2021-08-13,2021-06-01,False,0.7456855133596364,0.7592166414311848,0.8492090840959025,0.920524902366302,0.7298378826934809,0.7133006908918866,OpenTargets,,,,
139342,104,FLT1,ENSG00000102755,2021-08-13,2021-06-01,False,0.7456855133596364,0.7592166414311848,0.8492090840959025,0.920524902366302,0.7298378826934809,0.7133006908918866,OpenTargets,,,,
85868,19457,EPHB3,ENSG00000182580,2024-08-28,2024-06-01,False,0.626723126883252,0.6513434848049451,0.5678862599263036,0.7325884904005555,,,OpenTargets,,,,
85867,19457,EPHB3,ENSG00000182580,2024-08-28,2024-06-01,False,0.626723126883252,0.6513434848049451,0.5678862599263036,0.7325884904005555,,,OpenTargets,,,,
114259,4104,DCTN3,ENSG00000137100,2022-08-30,2022-06-01,False,0.1940569163442141,0.0384222612580132,0.1130155301753266,0.0620618320024361,,,OpenTargets,,,,
114258,4104,DCTN3,ENSG00000137100,2022-08-30,2022-06-01,False,0.1940569163442141,0.0384222612580132,0.1130155301753266,0.0620618320024361,,,OpenTargets,,,,
114260,4104,DCTN3,ENSG00000137100,2022-08-30,2022-06-01,False,0.1940569163442141,0.0384222612580132,0.1130155301753266,0.0620618320024361,,,OpenTargets,,,,
83420,6084,SLC6A3,ENSG00000142319,2021-12-22,2021-06-01,False,0.8520996617864399,0.9068809948542762,0.8574673833193723,0.9711301832662652,0.9094100297504364,0.9781004078270136,OpenTargets,,,,
116517,4419,DRD4,ENSG00000069696,2021-07-27,2021-06-01,False,0.6502183666169368,0.7061606812423773,0.1355616052971463,0.5513876956111821,0.409562978350949,0.390413158226183,OpenTargets,,,,
116518,4419,DRD4,ENSG00000069696,2021-07-27,2021-06-01,False,0.6502183666169368,0.7061606812423773,0.1355616052971463,0.5513876956111821,0.409562978350949,0.390413158226183,OpenTargets,,,,
93406,26065,APBB1,ENSG00000166313,2022-05-19,2021-06-01,False,0.2988905658744395,0.3088842789802829,0.0597636108835418,0.3881705271266699,0.8113104395513238,0.8618086677486986,OpenTargets,,,,
115042,4822,GP5,ENSG00000178732,2021-06-18,2021-06-01,False,0.4277299435953979,0.605664743834836,0.7018354773099643,0.9335606137202048,0.4234845936162552,0.5355701457292378,OpenTargets,,,,
130780,5027,MTREX,ENSG00000039123,2022-03-25,2021-06-01,False,0.1827700869294292,0.2301057597616707,0.299123087705273,0.3785065021638773,,,OpenTargets,,,,
130781,5027,MTREX,ENSG00000039123,2022-03-25,2021-06-01,False,0.1827700869294292,0.2301057597616707,0.299123087705273,0.3785065021638773,,,OpenTargets,,,,
126554,2728,TADA1,ENSG00000152382,2022-07-25,2022-06-01,False,0.579824340519337,0.6777169086041697,0.8490552346890213,0.8918342828055001,,,OpenTargets,,,,
126555,2728,TADA1,ENSG00000152382,2022-07-25,2022-06-01,False,0.579824340519337,0.6777169086041697,0.8490552346890213,0.8918342828055001,,,OpenTargets,,,,
83843,2728,TADA1,ENSG00000152382,2022-06-27,2022-06-01,False,0.579824340519337,0.6777169086041697,0.8490552346890213,0.8918342828055001,,,OpenTargets,,,,
126557,2728,TADA1,ENSG00000152382,2022-07-25,2022-06-01,False,0.579824340519337,0.6777169086041697,0.8490552346890213,0.8918342828055001,,,OpenTargets,,,,
126556,2728,TADA1,ENSG00000152382,2022-07-25,2022-06-01,False,0.579824340519337,0.6777169086041697,0.8490552346890213,0.8918342828055001,,,OpenTargets,,,,
126558,2728,TADA1,ENSG00000152382,2022-07-25,2022-06-01,False,0.579824340519337,0.6777169086041697,0.8490552346890213,0.8918342828055001,,,OpenTargets,,,,
130791,2728,TADA1,ENSG00000152382,2022-01-12,2021-06-01,False,0.2425891685765169,0.6777169086041697,0.3990407617603475,0.8918342828055001,,,OpenTargets,,,,
372516,3455,IGLC2,ENSG00000211677,2021-08-30,2021-06-01,False,0.6002410858036784,0.6121347438398245,,,0.6718630438904586,0.6761563271925216,OpenTargets,,,,
141594,3455,IGLC2,ENSG00000211677,2021-08-30,2021-06-01,False,0.6002410858036784,0.6121347438398245,,,0.6718630438904586,0.6761563271925216,OpenTargets,,,,
118358,2515,KEAP1,ENSG00000079999,2021-11-18,2021-06-01,False,0.7699912300493047,0.7810502907863183,0.607930797611621,0.7518604645334966,0.443450691796964,0.45445677605053,OpenTargets,,,,
101602,5737,COL12A1,ENSG00000111799,2022-09-15,2022-06-01,False,0.8325723154069121,0.8306802061100608,0.9234722190553358,0.9161534699720292,0.6144094250511387,0.6155091807249248,OpenTargets,,,,
126697,5737,COL12A1,ENSG00000111799,2022-05-23,2021-06-01,False,0.8006208687374988,0.8306802061100608,0.8871901893296921,0.9161534699720292,0.6104084271117431,0.6155091807249248,OpenTargets,,,,
135724,3625,MET,ENSG00000105976,2022-11-21,2022-06-01,False,0.9202063009087385,0.9263355038575548,0.907731989849496,0.9359640575750372,0.8655035873133002,0.8644710072048432,OpenTargets,,,,
89231,1694,AQP9,ENSG00000103569,2022-08-02,2022-06-01,False,0.4338469829372816,0.5964910745623316,0.7046023729702527,0.902733299122124,0.6846249297490036,0.7220703916946899,OpenTargets,,,,
150524,1694,AQP9,ENSG00000103569,2022-06-22,2022-06-01,False,0.4338469829372816,0.5964910745623316,0.7046023729702527,0.902733299122124,0.6846249297490036,0.7220703916946899,OpenTargets,,,,
105807,5401,KDM1A,ENSG00000004487,2021-12-15,2021-06-01,False,0.4314182888500757,0.7359232946058035,0.607930797611621,0.8857488199257859,0.8120804896489249,0.8182729214155136,OpenTargets,,,,
125034,5401,KDM1A,ENSG00000004487,2023-09-07,2023-06-01,False,0.6060624072320758,0.7359232946058035,0.599825053643466,0.8857488199257859,0.8195639290495839,0.8182729214155136,OpenTargets,,,,
105808,5401,KDM1A,ENSG00000004487,2021-12-15,2021-06-01,False,0.4314182888500757,0.7359232946058035,0.607930797611621,0.8857488199257859,0.8120804896489249,0.8182729214155136,OpenTargets,,,,
101135,19457,EPHB3,ENSG00000182580,2022-11-14,2022-06-01,False,0.6205509652952914,0.6513434848049451,0.540937309155363,0.7325884904005555,,,OpenTargets,,,,
101136,19457,EPHB3,ENSG00000182580,2022-11-14,2022-06-01,False,0.6205509652952914,0.6513434848049451,0.540937309155363,0.7325884904005555,,,OpenTargets,,,,
101134,19457,EPHB3,ENSG00000182580,2022-11-14,2022-06-01,False,0.6205509652952914,0.6513434848049451,0.540937309155363,0.7325884904005555,,,OpenTargets,,,,
113633,19782,GCGR,ENSG00000215644,2023-06-23,2023-06-01,False,0.7524553323801484,0.7900053534638549,0.7509404384417788,0.787353901980677,0.6648358359054957,0.6650172887446364,OpenTargets,,,,
113632,19782,GCGR,ENSG00000215644,2023-06-23,2023-06-01,False,0.7524553323801484,0.7900053534638549,0.7509404384417788,0.787353901980677,0.6648358359054957,0.6650172887446364,OpenTargets,,,,
113631,19782,GCGR,ENSG00000215644,2023-06-23,2023-06-01,False,0.7524553323801484,0.7900053534638549,0.7509404384417788,0.787353901980677,0.6648358359054957,0.6650172887446364,OpenTargets,,,,
104562,1244,ACKR3,ENSG00000144476,2022-10-30,2022-06-01,False,0.6588019789469147,0.6936034011186292,0.7995451149390203,0.9369545447620428,0.638023236878255,0.6587814742299715,OpenTargets,,,,
152792,2457,PIK3CD,ENSG00000171608,2022-12-30,2022-06-01,False,0.870344638507226,0.8761014156440011,0.8907242489584073,0.909717561332092,0.7970267485311358,0.8191283447586923,OpenTargets,,,,
152793,2457,PIK3CD,ENSG00000171608,2022-12-30,2022-06-01,False,0.870344638507226,0.8761014156440011,0.8907242489584073,0.909717561332092,0.7970267485311358,0.8191283447586923,OpenTargets,,,,
115989,211,GLP1R,ENSG00000112164,2022-07-14,2022-06-01,False,0.7493611887672467,0.766293002024608,0.8067088062469737,0.9621805353741036,0.9487154078870248,0.9226156270360436,OpenTargets,,,,
135012,3038,RHO,ENSG00000163914,2021-07-15,2021-06-01,False,0.8524673766529481,0.8723770741599727,0.935591330879769,0.9454068982303324,0.9903108466514404,0.9974057275066692,OpenTargets,,,,
112821,3575,EFNB2,ENSG00000125266,2021-08-17,2021-06-01,False,0.2484532409373943,0.5671007882264134,0.4043258011615456,0.8998069367377194,0.963441173267506,0.9347807241533408,OpenTargets,,,,
149488,17886,ROR1,ENSG00000185483,2023-03-01,2022-06-01,False,0.5391152036602592,0.573643331943546,0.7272068787254677,0.9353504393453784,0.7368523677204878,0.710980075684702,OpenTargets,,,,
149491,17886,ROR1,ENSG00000185483,2023-03-01,2022-06-01,False,0.5391152036602592,0.573643331943546,0.7272068787254677,0.9353504393453784,0.7368523677204878,0.710980075684702,OpenTargets,,,,
149492,17886,ROR1,ENSG00000185483,2023-03-01,2022-06-01,False,0.5391152036602592,0.573643331943546,0.7272068787254677,0.9353504393453784,0.7368523677204878,0.710980075684702,OpenTargets,,,,
149494,17886,ROR1,ENSG00000185483,2023-03-01,2022-06-01,False,0.5391152036602592,0.573643331943546,0.7272068787254677,0.9353504393453784,0.7368523677204878,0.710980075684702,OpenTargets,,,,
149493,17886,ROR1,ENSG00000185483,2023-03-01,2022-06-01,False,0.5391152036602592,0.573643331943546,0.7272068787254677,0.9353504393453784,0.7368523677204878,0.710980075684702,OpenTargets,,,,
149495,17886,ROR1,ENSG00000185483,2023-03-01,2022-06-01,False,0.5391152036602592,0.573643331943546,0.7272068787254677,0.9353504393453784,0.7368523677204878,0.710980075684702,OpenTargets,,,,
149489,17886,ROR1,ENSG00000185483,2023-03-01,2022-06-01,False,0.5391152036602592,0.573643331943546,0.7272068787254677,0.9353504393453784,0.7368523677204878,0.710980075684702,OpenTargets,,,,
149490,17886,ROR1,ENSG00000185483,2023-03-01,2022-06-01,False,0.5391152036602592,0.573643331943546,0.7272068787254677,0.9353504393453784,0.7368523677204878,0.710980075684702,OpenTargets,,,,
104458,27865,ZNF829,ENSG00000185869,2024-08-30,2024-06-01,False,0.1878056566520448,0.327699872160491,0.3089260445265765,0.539041406436269,,,OpenTargets,,,,
148000,5735,CCNL2,ENSG00000221978,2023-07-31,2023-06-01,False,0.2040686614897358,0.4676386532751687,0.2638322874087077,0.7461119293433491,,,OpenTargets,,,,
129850,17224,CLDN10,ENSG00000134873,2021-11-16,2021-06-01,False,0.569243317956697,0.7130436531442902,0.7454690612632742,0.9332169298039238,,,OpenTargets,,,,
85220,2728,TADA1,ENSG00000152382,2021-12-15,2021-06-01,False,0.2425891685765169,0.6777169086041697,0.3990407617603475,0.8918342828055001,,,OpenTargets,,,,
85219,2728,TADA1,ENSG00000152382,2021-12-15,2021-06-01,False,0.2425891685765169,0.6777169086041697,0.3990407617603475,0.8918342828055001,,,OpenTargets,,,,
218568,3455,IGLC2,ENSG00000211677,2021-08-30,2021-06-01,False,0.6002410858036784,0.6121347438398245,,,0.6718630438904586,0.6761563271925216,OpenTargets,,,,
144518,21165,EIF4EBP2,ENSG00000148730,2021-06-04,2021-06-01,False,0.0168215079230065,0.3366412252522994,,0.5519254609347848,,,OpenTargets,,,,
144516,21165,EIF4EBP2,ENSG00000148730,2021-06-04,2021-06-01,False,0.0168215079230065,0.3366412252522994,,0.5519254609347848,,,OpenTargets,,,,
144519,21165,EIF4EBP2,ENSG00000148730,2021-06-04,2021-06-01,False,0.0168215079230065,0.3366412252522994,,0.5519254609347848,,,OpenTargets,,,,
144517,21165,EIF4EBP2,ENSG00000148730,2021-06-04,2021-06-01,False,0.0168215079230065,0.3366412252522994,,0.5519254609347848,,,OpenTargets,,,,
142660,27969,LINC02023,ENSG00000239205,2022-09-02,2022-06-01,False,0.0484902350960089,0.0484902350960089,,,,,OpenTargets,,,,
142661,27969,LINC02023,ENSG00000239205,2022-09-02,2022-06-01,False,0.0484902350960089,0.0484902350960089,,,,,OpenTargets,,,,
82838,365,GABRB3,ENSG00000166206,2022-07-26,2022-06-01,False,0.8978603215654293,0.896338875435873,0.9180195769471194,0.8986937916750556,0.5575958465465037,0.5466330187615621,OpenTargets,,,,
147918,2777,RAF1,ENSG00000132155,2021-09-20,2021-06-01,False,0.9129643588185312,0.9050098856170324,0.9468341789609044,0.9548950609575556,0.9737182359085622,0.9520904875027416,OpenTargets,,,,
136545,660,REN,ENSG00000143839,2022-03-21,2021-06-01,False,0.7984518010090168,0.8488992672999814,0.8855859168523004,0.9271965043168072,0.6441017042865215,0.7421880747164872,OpenTargets,,,,
120732,104,FLT1,ENSG00000102755,2022-09-27,2022-06-01,False,0.7085242441797676,0.7592166414311848,0.8612660380252605,0.920524902366302,0.7508515094419086,0.7133006908918866,OpenTargets,,,,
147954,2291,STAT3,ENSG00000168610,2023-05-30,2022-06-01,False,0.8934628871788685,0.8938221954616213,0.9473846273834916,0.944833796955076,0.4620240287915119,0.3852913412563051,OpenTargets,,,,
151761,68,PDE9A,ENSG00000160191,2022-04-01,2021-06-01,False,0.647285637911071,0.7243382088346835,0.7161417671624465,0.8461716651471237,,,OpenTargets,,,,
80899,19782,GCGR,ENSG00000215644,2024-07-29,2024-06-01,False,0.7766880860115805,0.7900053534638549,0.7392661820474802,0.787353901980677,0.6631094117600158,0.6650172887446364,OpenTargets,,,,
80898,19782,GCGR,ENSG00000215644,2023-06-23,2023-06-01,False,0.7524553323801484,0.7900053534638549,0.7509404384417788,0.787353901980677,0.6648358359054957,0.6650172887446364,OpenTargets,,,,
80897,19782,GCGR,ENSG00000215644,2024-07-29,2024-06-01,False,0.7766880860115805,0.7900053534638549,0.7392661820474802,0.787353901980677,0.6631094117600158,0.6650172887446364,OpenTargets,,,,
150194,1957,F7,ENSG00000057593,2023-01-01,2022-06-01,False,0.8622273299816354,0.8838956033180029,0.9552537445287358,0.964767664558714,0.7010361187898081,0.7036900177221485,OpenTargets,,,,
139058,1228,IL17A,ENSG00000112115,2021-08-24,2021-06-01,False,0.6981737315426819,0.7113919947654309,0.607930797611621,0.7411924490828112,0.9600432001456236,0.9490794242863274,OpenTargets,,,,
90323,1228,IL17A,ENSG00000112115,2022-01-06,2021-06-01,False,0.6981737315426819,0.7113919947654309,0.607930797611621,0.7411924490828112,0.9600432001456236,0.9490794242863274,OpenTargets,,,,
108972,1228,IL17A,ENSG00000112115,2022-05-05,2021-06-01,False,0.6981737315426819,0.7113919947654309,0.607930797611621,0.7411924490828112,0.9600432001456236,0.9490794242863274,OpenTargets,,,,
82767,247,C5,ENSG00000106804,2021-07-08,2021-06-01,False,0.7708942097182798,0.8237237271626505,0.8059837094083941,0.8953208148936364,0.950248880074487,0.9301833215768536,OpenTargets,,,,
98459,3274,RPSA,ENSG00000168028,2022-11-28,2022-06-01,False,0.810528106599691,0.787611664698058,0.9067019416953728,0.8559162442105891,0.7680669801931874,0.7792356784251983,OpenTargets,,,,
148049,7114,TRIM62,ENSG00000116525,2023-07-07,2023-06-01,False,0.2071644589714928,0.542304781482686,0.2941017560777592,0.8616536467742815,0.84751009929622,0.837591293739001,OpenTargets,,,,
148048,7114,TRIM62,ENSG00000116525,2023-07-07,2023-06-01,False,0.2071644589714928,0.542304781482686,0.2941017560777592,0.8616536467742815,0.84751009929622,0.837591293739001,OpenTargets,,,,
141423,17670,GM2A,ENSG00000196743,2021-09-07,2021-06-01,False,0.7889874278480804,0.8675902102468058,0.8681464141415796,0.9219116529108036,0.4520496310645483,0.5635144470906931,OpenTargets,,,,
151185,1419,PDCD1,ENSG00000188389,2021-10-01,2021-06-01,False,0.6955501924865828,0.7251920723799639,0.607930797611621,0.751057115284062,0.7225052460068032,0.7833366779801975,OpenTargets,,,,
85143,4660,DCP1B,ENSG00000151065,2023-10-12,2023-06-01,False,0.3741217894011392,0.5666456325651704,0.6154019353369696,0.9320890384092272,,,OpenTargets,,,,
85142,4660,DCP1B,ENSG00000151065,2023-10-12,2023-06-01,False,0.3741217894011392,0.5666456325651704,0.6154019353369696,0.9320890384092272,,,OpenTargets,,,,
149192,1082,SOST,ENSG00000167941,2022-04-28,2021-06-01,False,0.8224495343248788,0.8546244653399097,0.8816350965718295,0.9060108022983688,0.8520784884743735,0.854021482971021,OpenTargets,,,,
141417,2434,CFAP97D1,ENSG00000231256,2021-09-07,2021-06-01,False,0.3218268667436688,0.5114512293584382,0.5293807584811144,0.8412984362163879,0.7622800122260611,0.8051185153645759,OpenTargets,,,,
135061,2434,CFAP97D1,ENSG00000231256,2022-07-08,2022-06-01,False,0.3188106206261376,0.5114512293584382,0.5244192626506989,0.8412984362163879,0.7732076086804985,0.8051185153645759,OpenTargets,,,,
141478,2434,CFAP97D1,ENSG00000231256,2021-07-01,2021-06-01,False,0.3218268667436688,0.5114512293584382,0.5293807584811144,0.8412984362163879,0.7622800122260611,0.8051185153645759,OpenTargets,,,,
125515,1419,PDCD1,ENSG00000188389,2022-07-07,2022-06-01,False,0.7086087325482087,0.7251920723799639,0.607930797611621,0.751057115284062,0.7774609787057756,0.7833366779801975,OpenTargets,,,,
113772,4520,IL17F,ENSG00000112116,2022-12-13,2022-06-01,False,0.6567569775248407,0.7688102181617763,0.7328200623749794,0.7737665355490329,0.9627187715261608,0.944029640102068,OpenTargets,,,,
139393,1228,IL17A,ENSG00000112115,2022-09-13,2022-06-01,False,0.7044124764517866,0.7113919947654309,0.607930797611621,0.7411924490828112,0.9672675027111168,0.9490794242863274,OpenTargets,,,,
149598,5349,NIF3L1,ENSG00000196290,2022-01-01,2021-06-01,False,0.0425101440274166,0.323614372012808,0.0699259589980082,0.532321068918029,,,OpenTargets,,,,
152328,6027,INHBA,ENSG00000122641,2021-10-13,2021-06-01,False,0.4527231440998814,0.5768811741333515,0.7408365235035622,0.9173815541112064,0.6209007788051263,0.6403493649905686,OpenTargets,,,,
152327,6027,INHBA,ENSG00000122641,2021-10-13,2021-06-01,False,0.4527231440998814,0.5768811741333515,0.7408365235035622,0.9173815541112064,0.6209007788051263,0.6403493649905686,OpenTargets,,,,
127496,2813,GZMA,ENSG00000145649,2022-02-14,2021-06-01,False,0.0977203344043506,0.2450397136600498,0.1150514445631998,0.3667795595780741,,0.4273145576412085,OpenTargets,,,,
91631,2813,GZMA,ENSG00000145649,2022-04-06,2021-06-01,False,0.0977203344043506,0.2450397136600498,0.1150514445631998,0.3667795595780741,,0.4273145576412085,OpenTargets,,,,
127497,2813,GZMA,ENSG00000145649,2022-02-14,2021-06-01,False,0.0977203344043506,0.2450397136600498,0.1150514445631998,0.3667795595780741,,0.4273145576412085,OpenTargets,,,,
98905,5349,NIF3L1,ENSG00000196290,2021-08-20,2021-06-01,False,0.0425101440274166,0.323614372012808,0.0699259589980082,0.532321068918029,,,OpenTargets,,,,
115896,5349,NIF3L1,ENSG00000196290,2021-10-14,2021-06-01,False,0.0425101440274166,0.323614372012808,0.0699259589980082,0.532321068918029,,,OpenTargets,,,,
130288,25708,LILRA4,ENSG00000239961,2022-04-27,2021-06-01,False,0.3383014082727775,0.4316700881550112,0.55648012833346,0.7093046034692493,0.666531142690137,0.6558655719990302,OpenTargets,,,,
104268,25708,LILRA4,ENSG00000239961,2023-12-04,2023-06-01,False,0.3748295783684104,0.4316700881550112,0.6159582636459076,0.7093046034692493,0.6561836263264206,0.6558655719990302,OpenTargets,,,,
149185,25708,LILRA4,ENSG00000239961,2022-12-29,2022-06-01,False,0.3249443253261561,0.4316700881550112,0.5339008103333946,0.7093046034692493,,0.6558655719990302,OpenTargets,,,,
91544,16773,HAS3,ENSG00000103044,2022-07-27,2022-06-01,False,0.1248931266382913,0.4594371748772072,0.1466747883592662,0.625434828330644,,,OpenTargets,,,,
78150,1590,IL1RL1,ENSG00000115602,2021-10-05,2021-06-01,False,0.5342612105870603,0.6818309736359833,0.8463295731569681,0.96396541878897,0.6386631050372659,0.6489060038697427,OpenTargets,,,,
134646,1244,ACKR3,ENSG00000144476,2021-12-30,2021-06-01,False,0.657163758375147,0.6936034011186292,0.8340750104437549,0.9369545447620428,0.6180074439253233,0.6587814742299715,OpenTargets,,,,
102635,6098,CDKN2C,ENSG00000123080,2021-12-21,2021-06-01,False,0.7000774122430029,0.7708705113786188,0.2305323845737624,0.9481106200125116,0.6603078822568341,0.7700140644692842,OpenTargets,,,,
102892,17670,GM2A,ENSG00000196743,2023-07-06,2023-06-01,False,0.8637406216930016,0.8675902102468058,0.914557862848065,0.9219116529108036,0.596756689945431,0.5635144470906931,OpenTargets,,,,
102891,17670,GM2A,ENSG00000196743,2023-07-06,2023-06-01,False,0.8637406216930016,0.8675902102468058,0.914557862848065,0.9219116529108036,0.596756689945431,0.5635144470906931,OpenTargets,,,,
132960,17670,GM2A,ENSG00000196743,2022-05-13,2021-06-01,False,0.7889874278480804,0.8675902102468058,0.8681464141415796,0.9219116529108036,0.4520496310645483,0.5635144470906931,OpenTargets,,,,
145409,2431,BSN,ENSG00000164061,2022-03-21,2021-06-01,False,0.2814812966612218,0.6003249460734309,0.4614955322657386,0.8135771339869573,0.7974005069470194,0.829257466934098,OpenTargets,,,,
145408,2431,BSN,ENSG00000164061,2022-03-21,2021-06-01,False,0.2814812966612218,0.6003249460734309,0.4614955322657386,0.8135771339869573,0.7974005069470194,0.829257466934098,OpenTargets,,,,
83913,1822,SNAP25,ENSG00000132639,2022-02-25,2021-06-01,False,0.8203972952440549,0.7576891104643566,0.7239526672729959,0.8158786229599959,0.8239833583721151,0.8875300789913242,OpenTargets,,,,
149168,1419,PDCD1,ENSG00000188389,2023-06-15,2023-06-01,False,0.6877338155170569,0.7251920723799639,0.607930797611621,0.751057115284062,0.7780875841714464,0.7833366779801975,OpenTargets,,,,
152358,1419,PDCD1,ENSG00000188389,2022-11-15,2022-06-01,False,0.7086087325482087,0.7251920723799639,0.607930797611621,0.751057115284062,0.7774609787057756,0.7833366779801975,OpenTargets,,,,
97296,16794,COL9A3,ENSG00000092758,2023-10-06,2023-06-01,False,0.7617023387653675,0.7743067983308234,0.8391072734188975,0.8492334803866196,,,OpenTargets,,,,
139691,6574,OTULIN,ENSG00000154124,2022-03-17,2021-06-01,False,0.4795038807847062,0.8266912688318826,0.7590981820653521,0.9104332387625714,0.7505886826421024,0.4231502316775689,OpenTargets,,,,
141815,2626,F5,ENSG00000198734,2021-08-13,2021-06-01,False,0.8360211720513826,0.8592668118103673,0.9082027610997234,0.9407777744595116,0.5714447033564438,0.6860064570855557,OpenTargets,,,,
141817,2626,F5,ENSG00000198734,2021-08-13,2021-06-01,False,0.8360211720513826,0.8592668118103673,0.9082027610997234,0.9407777744595116,0.5714447033564438,0.6860064570855557,OpenTargets,,,,
141816,2626,F5,ENSG00000198734,2021-08-13,2021-06-01,False,0.8360211720513826,0.8592668118103673,0.9082027610997234,0.9407777744595116,0.5714447033564438,0.6860064570855557,OpenTargets,,,,
84447,5491,B3GAT2,ENSG00000112309,2021-11-03,2021-06-01,False,0.2169147805533264,0.4834923006116271,0.3568083429981175,0.7953081214360652,,,OpenTargets,,,,
100735,6571,H1-3,ENSG00000124575,2024-03-09,2023-06-01,False,0.125487313426217,0.0789357134897216,0.2064171019451874,,,,OpenTargets,,,,
137815,5018,PIGT,ENSG00000124155,2022-05-05,2021-06-01,False,0.7344863692225381,0.8414045072346347,0.8988473714357077,0.9495146436107654,,,OpenTargets,,,,
137817,5018,PIGT,ENSG00000124155,2022-05-05,2021-06-01,False,0.7344863692225381,0.8414045072346347,0.8988473714357077,0.9495146436107654,,,OpenTargets,,,,
137816,5018,PIGT,ENSG00000124155,2022-05-05,2021-06-01,False,0.7344863692225381,0.8414045072346347,0.8988473714357077,0.9495146436107654,,,OpenTargets,,,,
125511,21336,SLC10A1,ENSG00000100652,2022-08-23,2022-06-01,False,0.4222153964751912,0.7275383720860457,0.2464744251130811,0.9254421820196702,0.4835961119866618,0.4977855298237455,OpenTargets,,,,
151194,3703,TIGIT,ENSG00000181847,2023-09-15,2023-06-01,False,0.4519720226217823,0.494089687166115,0.2907198155302937,0.7890376592867422,0.5067070974102394,0.5414419206460682,OpenTargets,,,,
150686,2406,MAT1A,ENSG00000151224,2023-03-01,2022-06-01,False,0.8626628744291736,0.8454200602802421,0.9311156367923824,0.9367806619586988,0.6403849751070991,0.627879105780945,OpenTargets,,,,
150685,2406,MAT1A,ENSG00000151224,2023-03-01,2022-06-01,False,0.8626628744291736,0.8454200602802421,0.9311156367923824,0.9367806619586988,0.6403849751070991,0.627879105780945,OpenTargets,,,,
151190,2406,MAT1A,ENSG00000151224,2021-06-01,2021-06-01,False,0.8299001469016036,0.8454200602802421,0.9047368667986118,0.9367806619586988,0.6352999250355593,0.627879105780945,OpenTargets,,,,
151192,2406,MAT1A,ENSG00000151224,2021-06-01,2021-06-01,False,0.8299001469016036,0.8454200602802421,0.9047368667986118,0.9367806619586988,0.6352999250355593,0.627879105780945,OpenTargets,,,,
150684,2406,MAT1A,ENSG00000151224,2023-03-01,2022-06-01,False,0.8626628744291736,0.8454200602802421,0.9311156367923824,0.9367806619586988,0.6403849751070991,0.627879105780945,OpenTargets,,,,
150687,2406,MAT1A,ENSG00000151224,2023-03-01,2022-06-01,False,0.8626628744291736,0.8454200602802421,0.9311156367923824,0.9367806619586988,0.6403849751070991,0.627879105780945,OpenTargets,,,,
151191,2406,MAT1A,ENSG00000151224,2021-06-01,2021-06-01,False,0.8299001469016036,0.8454200602802421,0.9047368667986118,0.9367806619586988,0.6352999250355593,0.627879105780945,OpenTargets,,,,
131504,1655,IL2RB,ENSG00000100385,2021-12-09,2021-06-01,False,0.7737622220556469,0.7699751610903283,0.7123449576872397,0.8941177827741041,0.7281667771696031,0.772350914623221,OpenTargets,,,,
131502,1655,IL2RB,ENSG00000100385,2021-12-09,2021-06-01,False,0.7737622220556469,0.7699751610903283,0.7123449576872397,0.8941177827741041,0.7281667771696031,0.772350914623221,OpenTargets,,,,
139735,1655,IL2RB,ENSG00000100385,2021-09-23,2021-06-01,False,0.7737622220556469,0.7699751610903283,0.7123449576872397,0.8941177827741041,0.7281667771696031,0.772350914623221,OpenTargets,,,,
131503,1655,IL2RB,ENSG00000100385,2021-12-09,2021-06-01,False,0.7737622220556469,0.7699751610903283,0.7123449576872397,0.8941177827741041,0.7281667771696031,0.772350914623221,OpenTargets,,,,
139736,1655,IL2RB,ENSG00000100385,2021-09-23,2021-06-01,False,0.7737622220556469,0.7699751610903283,0.7123449576872397,0.8941177827741041,0.7281667771696031,0.772350914623221,OpenTargets,,,,
131505,1655,IL2RB,ENSG00000100385,2021-12-09,2021-06-01,False,0.7737622220556469,0.7699751610903283,0.7123449576872397,0.8941177827741041,0.7281667771696031,0.772350914623221,OpenTargets,,,,
131506,1655,IL2RB,ENSG00000100385,2021-12-09,2021-06-01,False,0.7737622220556469,0.7699751610903283,0.7123449576872397,0.8941177827741041,0.7281667771696031,0.772350914623221,OpenTargets,,,,
121627,1155,IL23A,ENSG00000110944,2021-11-29,2021-06-01,False,0.6648011603609365,0.6672556608937575,0.1835169148021473,0.4088823506744731,0.812614575410797,0.9061722540985108,OpenTargets,,,,
132894,27913,OR5M8,ENSG00000181371,2021-12-30,2021-06-01,False,0.27344777990242,0.3015995464574261,0.0704633143562516,0.2564777485242017,,,OpenTargets,,,,
93129,6205,RGMA,ENSG00000182175,2021-08-27,2021-06-01,False,0.5120776461756208,0.5799013511402615,0.8423288443148813,0.9516983832593828,0.3381615061714642,0.3764189290044955,OpenTargets,,,,
108467,5349,NIF3L1,ENSG00000196290,2022-11-06,2022-06-01,False,0.0877598797402964,0.323614372012808,0.1443583382929091,0.532321068918029,,,OpenTargets,,,,
84460,3476,GSR,ENSG00000104687,2023-04-07,2022-06-01,False,0.7877354620277731,0.8166326029293359,0.758862369961942,0.779431094073387,0.7714346203015426,0.7575270192288077,OpenTargets,,,,
152224,2457,PIK3CD,ENSG00000171608,2022-03-11,2021-06-01,False,0.8341836299939673,0.8761014156440011,0.8894169127794294,0.909717561332092,0.7756285645814542,0.8191283447586923,OpenTargets,,,,
113460,1419,PDCD1,ENSG00000188389,2022-09-01,2022-06-01,False,0.7086087325482087,0.7251920723799639,0.607930797611621,0.751057115284062,0.7774609787057756,0.7833366779801975,OpenTargets,,,,
107757,22789,RNASEH1,ENSG00000171865,2021-06-25,2021-06-01,False,0.6223184399489899,0.771993027703,0.7447152270742358,0.862595956090994,0.3444383916568042,0.2632948284455931,OpenTargets,,,,
135521,17670,GM2A,ENSG00000196743,2022-01-17,2021-06-01,False,0.7889874278480804,0.8675902102468058,0.8681464141415796,0.9219116529108036,0.4520496310645483,0.5635144470906931,OpenTargets,,,,
135520,17670,GM2A,ENSG00000196743,2022-01-17,2021-06-01,False,0.7889874278480804,0.8675902102468058,0.8681464141415796,0.9219116529108036,0.4520496310645483,0.5635144470906931,OpenTargets,,,,
95361,1274,IL13,ENSG00000169194,2022-03-04,2021-06-01,False,0.580379145926465,0.7287973168756399,0.7318674224901097,0.9599197396113002,0.6889093415076766,0.7372788046638076,OpenTargets,,,,
138359,17847,SIGLEC8,ENSG00000105366,2022-06-27,2022-06-01,False,0.2802315604673621,0.3437642434360978,,0.2107331400433841,0.7051494664041607,0.7066490664823865,OpenTargets,,,,
151594,1350,ERBB2,ENSG00000141736,2021-11-05,2021-06-01,False,0.910474574951699,0.9255452080541824,0.9360722249447112,0.97182053652517,0.6514452833116375,0.6327447961397467,OpenTargets,,,,
151595,1350,ERBB2,ENSG00000141736,2021-11-05,2021-06-01,False,0.910474574951699,0.9255452080541824,0.9360722249447112,0.97182053652517,0.6514452833116375,0.6327447961397467,OpenTargets,,,,
144173,2434,CFAP97D1,ENSG00000231256,2023-06-27,2023-06-01,False,0.3385817690075706,0.5114512293584382,0.5569413004535343,0.8412984362163879,0.7976319823431588,0.8051185153645759,OpenTargets,,,,
120241,2406,MAT1A,ENSG00000151224,2021-11-23,2021-06-01,False,0.8299001469016036,0.8454200602802421,0.9047368667986118,0.9367806619586988,0.6352999250355593,0.627879105780945,OpenTargets,,,,
80635,4520,IL17F,ENSG00000112116,2024-05-14,2023-06-01,False,0.7304218033483886,0.7688102181617763,0.6507557379584172,0.7737665355490329,0.9390719316346958,0.944029640102068,OpenTargets,,,,
142039,3703,TIGIT,ENSG00000181847,2021-08-06,2021-06-01,False,0.1647840927387202,0.494089687166115,0.2664978390058256,0.7890376592867422,0.4910183087395354,0.5414419206460682,OpenTargets,,,,
142040,3703,TIGIT,ENSG00000181847,2021-08-06,2021-06-01,False,0.1647840927387202,0.494089687166115,0.2664978390058256,0.7890376592867422,0.4910183087395354,0.5414419206460682,OpenTargets,,,,
142041,3703,TIGIT,ENSG00000181847,2021-08-06,2021-06-01,False,0.1647840927387202,0.494089687166115,0.2664978390058256,0.7890376592867422,0.4910183087395354,0.5414419206460682,OpenTargets,,,,
153085,1432,LAG3,ENSG00000089692,2024-11-14,2024-06-01,False,0.4495195238159677,0.5500841308086958,0.5262346308777285,0.8887427409100442,0.5098042234522853,0.510997218486055,OpenTargets,,,,
148525,1300,KDR,ENSG00000128052,2021-09-30,2021-06-01,False,0.8827586637697706,0.8945934026289059,0.8004298771856363,0.952044224485773,,,OpenTargets,,,,
136648,1419,PDCD1,ENSG00000188389,2023-07-28,2023-06-01,False,0.6877338155170569,0.7251920723799639,0.607930797611621,0.751057115284062,0.7780875841714464,0.7833366779801975,OpenTargets,,,,
136654,1419,PDCD1,ENSG00000188389,2023-07-28,2023-06-01,False,0.6877338155170569,0.7251920723799639,0.607930797611621,0.751057115284062,0.7780875841714464,0.7833366779801975,OpenTargets,,,,
136653,1419,PDCD1,ENSG00000188389,2023-07-28,2023-06-01,False,0.6877338155170569,0.7251920723799639,0.607930797611621,0.751057115284062,0.7780875841714464,0.7833366779801975,OpenTargets,,,,
136642,1419,PDCD1,ENSG00000188389,2023-07-28,2023-06-01,False,0.6877338155170569,0.7251920723799639,0.607930797611621,0.751057115284062,0.7780875841714464,0.7833366779801975,OpenTargets,,,,
136652,1419,PDCD1,ENSG00000188389,2023-07-28,2023-06-01,False,0.6877338155170569,0.7251920723799639,0.607930797611621,0.751057115284062,0.7780875841714464,0.7833366779801975,OpenTargets,,,,
136643,1419,PDCD1,ENSG00000188389,2023-07-28,2023-06-01,False,0.6877338155170569,0.7251920723799639,0.607930797611621,0.751057115284062,0.7780875841714464,0.7833366779801975,OpenTargets,,,,
136651,1419,PDCD1,ENSG00000188389,2023-07-28,2023-06-01,False,0.6877338155170569,0.7251920723799639,0.607930797611621,0.751057115284062,0.7780875841714464,0.7833366779801975,OpenTargets,,,,
136650,1419,PDCD1,ENSG00000188389,2023-07-28,2023-06-01,False,0.6877338155170569,0.7251920723799639,0.607930797611621,0.751057115284062,0.7780875841714464,0.7833366779801975,OpenTargets,,,,
136649,1419,PDCD1,ENSG00000188389,2023-07-28,2023-06-01,False,0.6877338155170569,0.7251920723799639,0.607930797611621,0.751057115284062,0.7780875841714464,0.7833366779801975,OpenTargets,,,,
136655,1419,PDCD1,ENSG00000188389,2023-07-28,2023-06-01,False,0.6877338155170569,0.7251920723799639,0.607930797611621,0.751057115284062,0.7780875841714464,0.7833366779801975,OpenTargets,,,,
136647,1419,PDCD1,ENSG00000188389,2023-07-28,2023-06-01,False,0.6877338155170569,0.7251920723799639,0.607930797611621,0.751057115284062,0.7780875841714464,0.7833366779801975,OpenTargets,,,,
136646,1419,PDCD1,ENSG00000188389,2023-07-28,2023-06-01,False,0.6877338155170569,0.7251920723799639,0.607930797611621,0.751057115284062,0.7780875841714464,0.7833366779801975,OpenTargets,,,,
136645,1419,PDCD1,ENSG00000188389,2023-07-28,2023-06-01,False,0.6877338155170569,0.7251920723799639,0.607930797611621,0.751057115284062,0.7780875841714464,0.7833366779801975,OpenTargets,,,,
136644,1419,PDCD1,ENSG00000188389,2023-07-28,2023-06-01,False,0.6877338155170569,0.7251920723799639,0.607930797611621,0.751057115284062,0.7780875841714464,0.7833366779801975,OpenTargets,,,,
128780,3789,SLC6A2,ENSG00000103546,2022-12-28,2022-06-01,False,0.775909623374584,0.7964501944782989,0.744833028078339,0.8534160942616578,0.7046876088597646,0.7445986844201898,OpenTargets,,,,
109793,5349,NIF3L1,ENSG00000196290,2021-09-21,2021-06-01,False,0.0425101440274166,0.323614372012808,0.0699259589980082,0.532321068918029,,,OpenTargets,,,,
97943,1961,MSTN,ENSG00000138379,2022-04-14,2021-06-01,False,0.5513442656667513,0.5478592074481509,0.6490706271756914,0.6989335205091798,0.909075770245978,0.9292011594663832,OpenTargets,,,,
97944,1961,MSTN,ENSG00000138379,2022-04-14,2021-06-01,False,0.5513442656667513,0.5478592074481509,0.6490706271756914,0.6989335205091798,0.909075770245978,0.9292011594663832,OpenTargets,,,,
97942,1961,MSTN,ENSG00000138379,2022-04-14,2021-06-01,False,0.5513442656667513,0.5478592074481509,0.6490706271756914,0.6989335205091798,0.909075770245978,0.9292011594663832,OpenTargets,,,,
97945,1961,MSTN,ENSG00000138379,2022-04-14,2021-06-01,False,0.5513442656667513,0.5478592074481509,0.6490706271756914,0.6989335205091798,0.909075770245978,0.9292011594663832,OpenTargets,,,,
138089,5844,OSMR,ENSG00000145623,2024-05-01,2023-06-01,False,0.7591906453609792,0.7935860321144682,0.8623002094081977,0.9108435792876264,0.5373477939213537,0.5350471246400672,OpenTargets,,,,
132470,2431,BSN,ENSG00000164061,2023-08-30,2023-06-01,False,0.3203070398317426,0.6003249460734309,0.4209642239617235,0.8135771339869573,0.8020369852847142,0.829257466934098,OpenTargets,,,,
150444,1419,PDCD1,ENSG00000188389,2022-09-30,2022-06-01,False,0.7086087325482087,0.7251920723799639,0.607930797611621,0.751057115284062,0.7774609787057756,0.7833366779801975,OpenTargets,,,,
150551,16776,AHCYL1,ENSG00000168710,2023-03-01,2022-06-01,False,0.3344127886179582,0.3876323483247726,0.264020617037272,0.568012968695046,0.608325378696437,0.5454610615010053,OpenTargets,,,,
150552,16776,AHCYL1,ENSG00000168710,2023-03-01,2022-06-01,False,0.3344127886179582,0.3876323483247726,0.264020617037272,0.568012968695046,0.608325378696437,0.5454610615010053,OpenTargets,,,,
128968,16782,STAG2,ENSG00000101972,2024-05-24,2023-06-01,False,0.7995809744135765,0.8149381612251665,0.9066612367713316,0.9190679877429972,,,OpenTargets,,,,
140110,16794,COL9A3,ENSG00000092758,2023-11-01,2023-06-01,False,0.7617023387653675,0.7743067983308234,0.8391072734188975,0.8492334803866196,,,OpenTargets,,,,
135650,16794,COL9A3,ENSG00000092758,2024-06-06,2024-06-01,False,0.7670645290646371,0.7743067983308234,0.8454630129127764,0.8492334803866196,,,OpenTargets,,,,
118374,270,NFAT5,ENSG00000102908,2023-07-21,2023-06-01,False,0.4442201572943141,0.567361245097272,0.7301004969371285,0.928183189739158,0.6753288264798702,0.6768218160774968,OpenTargets,,,,
152235,2626,F5,ENSG00000198734,2022-11-22,2022-06-01,False,0.8612555032636875,0.8592668118103673,0.934820909502447,0.9407777744595116,0.6966146936540646,0.6860064570855557,OpenTargets,,,,
148490,5491,B3GAT2,ENSG00000112309,2022-05-12,2021-06-01,False,0.2169147805533264,0.4834923006116271,0.3568083429981175,0.7953081214360652,,,OpenTargets,,,,
95346,23257,DPP6,ENSG00000130226,2023-12-28,2023-06-01,False,0.7394338799616772,0.6648319924508819,0.8302993815756925,0.8996463795781101,,,OpenTargets,,,,
120975,4,PCSK9,ENSG00000169174,2022-06-20,2022-06-01,False,0.8947418446650901,0.8977764419471097,0.963268035466302,0.99696634963722,0.7163495582368772,0.7152743289872691,OpenTargets,,,,
110766,3703,TIGIT,ENSG00000181847,2021-11-16,2021-06-01,False,0.1647840927387202,0.494089687166115,0.2664978390058256,0.7890376592867422,0.4910183087395354,0.5414419206460682,OpenTargets,,,,
110764,3703,TIGIT,ENSG00000181847,2021-11-16,2021-06-01,False,0.1647840927387202,0.494089687166115,0.2664978390058256,0.7890376592867422,0.4910183087395354,0.5414419206460682,OpenTargets,,,,
134063,3703,TIGIT,ENSG00000181847,2021-08-20,2021-06-01,False,0.1647840927387202,0.494089687166115,0.2664978390058256,0.7890376592867422,0.4910183087395354,0.5414419206460682,OpenTargets,,,,
110765,3703,TIGIT,ENSG00000181847,2021-11-16,2021-06-01,False,0.1647840927387202,0.494089687166115,0.2664978390058256,0.7890376592867422,0.4910183087395354,0.5414419206460682,OpenTargets,,,,
138480,1655,IL2RB,ENSG00000100385,2021-12-07,2021-06-01,False,0.7737622220556469,0.7699751610903283,0.7123449576872397,0.8941177827741041,0.7281667771696031,0.772350914623221,OpenTargets,,,,
138481,1655,IL2RB,ENSG00000100385,2021-12-07,2021-06-01,False,0.7737622220556469,0.7699751610903283,0.7123449576872397,0.8941177827741041,0.7281667771696031,0.772350914623221,OpenTargets,,,,
120989,4100,IL1RAP,ENSG00000196083,2021-07-07,2021-06-01,False,0.4924687259572157,0.5660068131613244,0.8026096202843965,0.925946808567442,,,OpenTargets,,,,
135519,373,TDRKH,ENSG00000182134,2022-01-17,2021-06-01,False,0.2915368171274433,0.5201634252969819,0.4255515583281347,0.7501895066015087,0.6603076585343883,0.6787730749238329,OpenTargets,,,,
135518,373,TDRKH,ENSG00000182134,2022-01-17,2021-06-01,False,0.2915368171274433,0.5201634252969819,0.4255515583281347,0.7501895066015087,0.6603076585343883,0.6787730749238329,OpenTargets,,,,
118066,16791,AGFG2,ENSG00000106351,2022-02-24,2021-06-01,False,0.0830748412518783,0.3777858703041856,0.1366518057289655,0.5967285086458984,,0.891064184913427,OpenTargets,,,,
115321,24557,EEF1G,ENSG00000254772,2022-08-25,2022-06-01,False,0.4944167973391076,0.526581860333649,0.2208283486309893,0.2835050605556546,,,OpenTargets,,,,
119364,18042,COG8,ENSG00000213380,2021-07-28,2021-06-01,False,0.754450516781429,0.7996286539226739,0.8478176651437899,0.879379194335874,,0.4203689482784957,OpenTargets,,,,
150654,1350,ERBB2,ENSG00000141736,2024-12-20,2024-06-01,False,0.9206829606183078,0.9255452080541824,0.865457038266544,0.97182053652517,0.6362897478836502,0.6327447961397467,OpenTargets,,,,
98797,211,GLP1R,ENSG00000112164,2024-04-10,2023-06-01,False,0.7515334416386521,0.766293002024608,0.8244672691086181,0.9621805353741036,0.935423776622918,0.9226156270360436,OpenTargets,,,,
152839,19782,GCGR,ENSG00000215644,2023-12-29,2023-06-01,False,0.7524553323801484,0.7900053534638549,0.7509404384417788,0.787353901980677,0.6648358359054957,0.6650172887446364,OpenTargets,,,,
108580,28,F10,ENSG00000126218,2022-11-30,2022-06-01,False,0.8799798969318223,0.8666556562182687,0.9383128951470496,0.9635572503758164,0.7472464672019947,0.6367508245157725,OpenTargets,,,,
139332,28,F10,ENSG00000126218,2021-09-01,2021-06-01,False,0.8579561474677235,0.8666556562182687,0.907302116449814,0.9635572503758164,0.7275523145804407,0.6367508245157725,OpenTargets,,,,
127268,3440,RRM1,ENSG00000167325,2021-12-08,2021-06-01,False,0.6348649356472367,0.6436730971849531,0.5197414999741149,0.8897781100380779,,,OpenTargets,,,,
127267,3440,RRM1,ENSG00000167325,2021-12-08,2021-06-01,False,0.6348649356472367,0.6436730971849531,0.5197414999741149,0.8897781100380779,,,OpenTargets,,,,
151200,3440,RRM1,ENSG00000167325,2023-09-15,2023-06-01,False,0.6583478607191611,0.6436730971849531,0.6065979196915138,0.8897781100380779,,,OpenTargets,,,,
98803,3440,RRM1,ENSG00000167325,2023-08-28,2023-06-01,False,0.6583478607191611,0.6436730971849531,0.6065979196915138,0.8897781100380779,,,OpenTargets,,,,
152799,23511,PSENEN,ENSG00000205155,2024-09-01,2024-06-01,False,0.7561660993093783,0.7618712355612083,0.8887539907362276,0.866654465567948,,,OpenTargets,,,,
117190,23511,PSENEN,ENSG00000205155,2024-08-27,2024-06-01,False,0.7561660993093783,0.7618712355612083,0.8887539907362276,0.866654465567948,,,OpenTargets,,,,
108685,259,TUBB,ENSG00000196230,2022-03-24,2021-06-01,False,0.8614260147903694,0.879086529216368,0.8549218713519362,0.9117865016665596,,,OpenTargets,,,,
151197,259,TUBB,ENSG00000196230,2023-09-15,2023-06-01,False,0.8595261266224759,0.879086529216368,0.8782572856249796,0.9117865016665596,,,OpenTargets,,,,
127266,259,TUBB,ENSG00000196230,2021-12-08,2021-06-01,False,0.8614260147903694,0.879086529216368,0.8549218713519362,0.9117865016665596,,,OpenTargets,,,,
127265,259,TUBB,ENSG00000196230,2021-12-08,2021-06-01,False,0.8614260147903694,0.879086529216368,0.8549218713519362,0.9117865016665596,,,OpenTargets,,,,
98804,259,TUBB,ENSG00000196230,2023-08-28,2023-06-01,False,0.8595261266224759,0.879086529216368,0.8782572856249796,0.9117865016665596,,,OpenTargets,,,,
123229,1402,TYMS,ENSG00000176890,2021-07-28,2021-06-01,False,0.7246786213886335,0.8492268345065775,0.5398366510955935,0.900731682444979,,,OpenTargets,,,,
135065,1402,TYMS,ENSG00000176890,2022-07-08,2022-06-01,False,0.7250780078502629,0.8492268345065775,0.5610206142694448,0.900731682444979,,,OpenTargets,,,,
94873,7213,TOP2A,ENSG00000131747,2021-10-07,2021-06-01,False,0.7163543602284482,0.7207279998104469,0.3349605905227141,0.420441718165146,0.924343022879093,0.6166780467814678,OpenTargets,,,,
141497,7213,TOP2A,ENSG00000131747,2022-03-31,2021-06-01,False,0.7163543602284482,0.7207279998104469,0.3349605905227141,0.420441718165146,0.924343022879093,0.6166780467814678,OpenTargets,,,,
143721,7213,TOP2A,ENSG00000131747,2021-06-22,2021-06-01,False,0.7163543602284482,0.7207279998104469,0.3349605905227141,0.420441718165146,0.924343022879093,0.6166780467814678,OpenTargets,,,,
147938,1419,PDCD1,ENSG00000188389,2023-10-12,2023-06-01,False,0.6877338155170569,0.7251920723799639,0.607930797611621,0.751057115284062,0.7780875841714464,0.7833366779801975,OpenTargets,,,,
153309,2069,BTK,ENSG00000010671,2025-09-01,2025-06-01,False,0.9122260834513264,0.9122260834513264,0.953277683694434,0.953277683694434,0.8088626493883266,0.8088626493883266,OpenTargets,,,,
153310,2069,BTK,ENSG00000010671,2025-09-01,2025-06-01,False,0.9122260834513264,0.9122260834513264,0.953277683694434,0.953277683694434,0.8088626493883266,0.8088626493883266,OpenTargets,,,,
149731,1419,PDCD1,ENSG00000188389,2024-01-01,2023-06-01,False,0.6877338155170569,0.7251920723799639,0.607930797611621,0.751057115284062,0.7780875841714464,0.7833366779801975,OpenTargets,,,,
146608,5242,CYP8B1,ENSG00000180432,2022-11-03,2022-06-01,False,0.4249113163103991,0.4656545722782819,0.6989468504963872,0.7659664128017529,0.612480056440946,0.6260438614062438,OpenTargets,,,,
146601,27925,METTL25B,ENSG00000143303,2024-05-13,2023-06-01,False,0.3123370720144401,0.3533123752232805,0.5137707667410821,0.5811720291377563,,,OpenTargets,,,,
86654,7091,IGHG1,ENSG00000211896,2021-10-14,2021-06-01,False,0.5935787929565621,0.6173800919077724,0.8274613634158176,0.607930797611621,,0.7205144753693147,OpenTargets,,,,
138614,7091,IGHG1,ENSG00000211896,2022-12-22,2022-06-01,False,0.6069669013698705,0.6173800919077724,0.8274613634158176,0.607930797611621,0.7375992125447431,0.7205144753693147,OpenTargets,,,,
138613,7091,IGHG1,ENSG00000211896,2022-12-22,2022-06-01,False,0.6069669013698705,0.6173800919077724,0.8274613634158176,0.607930797611621,0.7375992125447431,0.7205144753693147,OpenTargets,,,,
138615,7091,IGHG1,ENSG00000211896,2022-12-22,2022-06-01,False,0.6069669013698705,0.6173800919077724,0.8274613634158176,0.607930797611621,0.7375992125447431,0.7205144753693147,OpenTargets,,,,
139253,2434,CFAP97D1,ENSG00000231256,2021-12-14,2021-06-01,False,0.3218268667436688,0.5114512293584382,0.5293807584811144,0.8412984362163879,0.7622800122260611,0.8051185153645759,OpenTargets,,,,
146776,2434,CFAP97D1,ENSG00000231256,2021-11-09,2021-06-01,False,0.3218268667436688,0.5114512293584382,0.5293807584811144,0.8412984362163879,0.7622800122260611,0.8051185153645759,OpenTargets,,,,
146580,2434,CFAP97D1,ENSG00000231256,2021-06-28,2021-06-01,False,0.3218268667436688,0.5114512293584382,0.5293807584811144,0.8412984362163879,0.7622800122260611,0.8051185153645759,OpenTargets,,,,
92364,161,TGFB1,ENSG00000105329,2021-12-01,2021-06-01,False,0.7671125129337331,0.8606221122803909,0.8454459532156499,0.9051733403359504,0.6678854740358574,0.9256238412929256,OpenTargets,,,,
92365,161,TGFB1,ENSG00000105329,2021-12-01,2021-06-01,False,0.7671125129337331,0.8606221122803909,0.8454459532156499,0.9051733403359504,0.6678854740358574,0.9256238412929256,OpenTargets,,,,
149815,3703,TIGIT,ENSG00000181847,2024-11-30,2024-06-01,False,0.455299324124671,0.494089687166115,0.299921561877279,0.7890376592867422,0.5415568862279444,0.5414419206460682,OpenTargets,,,,
142649,3703,TIGIT,ENSG00000181847,2021-12-01,2021-06-01,False,0.1647840927387202,0.494089687166115,0.2664978390058256,0.7890376592867422,0.4910183087395354,0.5414419206460682,OpenTargets,,,,
146475,282,TUBA1B,ENSG00000123416,2022-06-01,2022-06-01,False,0.6052793545698466,0.6556667185285071,0.2910174075784741,0.4661211474051083,,,OpenTargets,,,,
149041,2878,JAK2,ENSG00000096968,2023-01-31,2022-06-01,False,0.9070920712424178,0.9163600193369448,0.94941075051187,0.9856126917388048,0.921666020929336,0.9229977912402912,OpenTargets,,,,
149042,2878,JAK2,ENSG00000096968,2023-01-31,2022-06-01,False,0.9070920712424178,0.9163600193369448,0.94941075051187,0.9856126917388048,0.921666020929336,0.9229977912402912,OpenTargets,,,,
149043,2878,JAK2,ENSG00000096968,2023-01-31,2022-06-01,False,0.9070920712424178,0.9163600193369448,0.94941075051187,0.9856126917388048,0.921666020929336,0.9229977912402912,OpenTargets,,,,
80789,4648,JAK1,ENSG00000162434,2022-03-17,2021-06-01,False,0.8288510032682558,0.8381168778380048,0.6839221473130737,0.9616312280956768,0.5613984968832789,0.5974827193398254,OpenTargets,,,,
97951,1961,MSTN,ENSG00000138379,2022-04-14,2021-06-01,False,0.5513442656667513,0.5478592074481509,0.6490706271756914,0.6989335205091798,0.909075770245978,0.9292011594663832,OpenTargets,,,,
105399,1961,MSTN,ENSG00000138379,2024-05-21,2023-06-01,False,0.5558770030535483,0.5478592074481509,0.6545776417113636,0.6989335205091798,0.9277010730625332,0.9292011594663832,OpenTargets,,,,
97948,1961,MSTN,ENSG00000138379,2022-04-14,2021-06-01,False,0.5513442656667513,0.5478592074481509,0.6490706271756914,0.6989335205091798,0.909075770245978,0.9292011594663832,OpenTargets,,,,
97947,1961,MSTN,ENSG00000138379,2022-04-14,2021-06-01,False,0.5513442656667513,0.5478592074481509,0.6490706271756914,0.6989335205091798,0.909075770245978,0.9292011594663832,OpenTargets,,,,
97946,1961,MSTN,ENSG00000138379,2022-04-14,2021-06-01,False,0.5513442656667513,0.5478592074481509,0.6490706271756914,0.6989335205091798,0.909075770245978,0.9292011594663832,OpenTargets,,,,
97950,1961,MSTN,ENSG00000138379,2022-04-14,2021-06-01,False,0.5513442656667513,0.5478592074481509,0.6490706271756914,0.6989335205091798,0.909075770245978,0.9292011594663832,OpenTargets,,,,
97949,1961,MSTN,ENSG00000138379,2022-04-14,2021-06-01,False,0.5513442656667513,0.5478592074481509,0.6490706271756914,0.6989335205091798,0.909075770245978,0.9292011594663832,OpenTargets,,,,
146967,25708,LILRA4,ENSG00000239961,2022-06-01,2022-06-01,False,0.3249443253261561,0.4316700881550112,0.5339008103333946,0.7093046034692493,,0.6558655719990302,OpenTargets,,,,
140990,25708,LILRA4,ENSG00000239961,2023-04-26,2022-06-01,False,0.3249443253261561,0.4316700881550112,0.5339008103333946,0.7093046034692493,,0.6558655719990302,OpenTargets,,,,
139103,5844,OSMR,ENSG00000145623,2023-05-26,2022-06-01,False,0.8049255331344695,0.7935860321144682,0.898936205670105,0.9108435792876264,0.540835612270137,0.5350471246400672,OpenTargets,,,,
139104,5844,OSMR,ENSG00000145623,2023-05-26,2022-06-01,False,0.8049255331344695,0.7935860321144682,0.898936205670105,0.9108435792876264,0.540835612270137,0.5350471246400672,OpenTargets,,,,
147880,903,INO80,ENSG00000128908,2021-09-30,2021-06-01,False,0.4027026421990177,0.5395235751727168,0.634662865739932,0.8235851791282108,,0.452137144319549,OpenTargets,,,,
131750,17670,GM2A,ENSG00000196743,2023-02-10,2022-06-01,False,0.8270311108973804,0.8675902102468058,0.910420590032374,0.9219116529108036,0.4568699696252034,0.5635144470906931,OpenTargets,,,,
150276,5170,IL22RA1,ENSG00000142677,2022-04-08,2021-06-01,False,0.2468609578551722,0.463989105753945,0.4007228058245233,0.753136799854732,0.6989114711931528,0.7158044327833466,OpenTargets,,,,
105140,16782,STAG2,ENSG00000101972,2023-06-07,2023-06-01,False,0.7995809744135765,0.8149381612251665,0.9066612367713316,0.9190679877429972,,,OpenTargets,,,,
82933,16782,STAG2,ENSG00000101972,2022-05-31,2021-06-01,False,0.7890685248929971,0.8149381612251665,0.8897742701710087,0.9190679877429972,,,OpenTargets,,,,
77264,16794,COL9A3,ENSG00000092758,2021-12-13,2021-06-01,False,0.7542855193024337,0.7743067983308234,0.8202294223776191,0.8492334803866196,,,OpenTargets,,,,
84627,16794,COL9A3,ENSG00000092758,2022-06-30,2022-06-01,False,0.8439212918932055,0.7743067983308234,0.917029887456428,0.8492334803866196,0.2533247633647625,,OpenTargets,,,,
77263,16794,COL9A3,ENSG00000092758,2021-12-13,2021-06-01,False,0.7542855193024337,0.7743067983308234,0.8202294223776191,0.8492334803866196,,,OpenTargets,,,,
124247,2425,BMP2,ENSG00000125845,2021-08-31,2021-06-01,False,0.7028167540291851,0.8339045482198071,0.8385535453313431,0.965134309894626,,,OpenTargets,,,,
88398,727,INSR,ENSG00000171105,2024-04-19,2023-06-01,False,0.9170593798081806,0.9147837053381724,0.9664997429751562,0.9651696173810844,0.9562425121612912,0.9558985973592498,OpenTargets,,,,
85189,1904,F8,ENSG00000185010,2023-03-27,2022-06-01,False,0.9109245598480096,0.9198786192240532,0.9738194827172726,0.970965469973177,0.6556803482572502,0.642778664910667,OpenTargets,,,,
98348,6574,OTULIN,ENSG00000154124,2021-06-25,2021-06-01,False,0.4795038807847062,0.8266912688318826,0.7590981820653521,0.9104332387625714,0.7505886826421024,0.4231502316775689,OpenTargets,,,,
98008,418,MAPT,ENSG00000186868,2021-06-09,2021-06-01,False,0.8625400169473042,0.8688262776541981,0.962325572183066,0.9648313070610708,0.8789341995450601,0.7207965311388425,OpenTargets,,,,
139251,903,INO80,ENSG00000128908,2021-11-01,2021-06-01,False,0.4027026421990177,0.5395235751727168,0.634662865739932,0.8235851791282108,,0.452137144319549,OpenTargets,,,,
131962,6678,BBS2,ENSG00000125124,2021-11-08,2021-06-01,False,0.8424754043411952,0.8580705165353029,0.92657029626697,0.9437521342219932,0.7972779455654246,0.4613352938587178,OpenTargets,,,,
146949,6678,BBS2,ENSG00000125124,2022-01-31,2021-06-01,False,0.8424754043411952,0.8580705165353029,0.92657029626697,0.9437521342219932,0.7972779455654246,0.4613352938587178,OpenTargets,,,,
131961,6678,BBS2,ENSG00000125124,2021-11-08,2021-06-01,False,0.8424754043411952,0.8580705165353029,0.92657029626697,0.9437521342219932,0.7972779455654246,0.4613352938587178,OpenTargets,,,,
146730,6571,H1-3,ENSG00000124575,2022-11-15,2022-06-01,False,0.1337049287179593,0.0789357134897216,0.2199344551110852,,,,OpenTargets,,,,
111142,17042,TAAR1,ENSG00000146399,2022-11-09,2022-06-01,False,0.300477057602566,0.466119717431232,0.0551108017949074,0.3256267644515272,0.252777625646912,0.2665776547526958,OpenTargets,,,,
111143,21336,SLC10A1,ENSG00000100652,2023-10-07,2023-06-01,False,0.4349170863065065,0.7275383720860457,0.607930797611621,0.9254421820196702,0.4963464553908352,0.4977855298237455,OpenTargets,,,,
122209,3703,TIGIT,ENSG00000181847,2021-07-15,2021-06-01,False,0.1647840927387202,0.494089687166115,0.2664978390058256,0.7890376592867422,0.4910183087395354,0.5414419206460682,OpenTargets,,,,
152893,3703,TIGIT,ENSG00000181847,2023-07-28,2023-06-01,False,0.4519720226217823,0.494089687166115,0.2907198155302937,0.7890376592867422,0.5067070974102394,0.5414419206460682,OpenTargets,,,,
119106,211,GLP1R,ENSG00000112164,2024-01-03,2023-06-01,False,0.7515334416386521,0.766293002024608,0.8244672691086181,0.9621805353741036,0.935423776622918,0.9226156270360436,OpenTargets,,,,
147121,1059,LEPR,ENSG00000116678,2022-02-28,2021-06-01,False,0.7440336629874482,0.7777091341533557,0.8677185419809452,0.9666251166555287,0.8330794828654337,0.9357901584350352,OpenTargets,,,,
147122,1059,LEPR,ENSG00000116678,2022-02-28,2021-06-01,False,0.7440336629874482,0.7777091341533557,0.8677185419809452,0.9666251166555287,0.8330794828654337,0.9357901584350352,OpenTargets,,,,
79330,1059,LEPR,ENSG00000116678,2024-04-24,2023-06-01,False,0.7635370105532433,0.7777091341533557,0.855182909856975,0.9666251166555287,0.9220538192766952,0.9357901584350352,OpenTargets,,,,
147920,2777,RAF1,ENSG00000132155,2021-09-20,2021-06-01,False,0.9129643588185312,0.9050098856170324,0.9468341789609044,0.9548950609575556,0.9737182359085622,0.9520904875027416,OpenTargets,,,,
146466,2406,MAT1A,ENSG00000151224,2021-09-02,2021-06-01,False,0.8299001469016036,0.8454200602802421,0.9047368667986118,0.9367806619586988,0.6352999250355593,0.627879105780945,OpenTargets,,,,
146464,2406,MAT1A,ENSG00000151224,2021-09-02,2021-06-01,False,0.8299001469016036,0.8454200602802421,0.9047368667986118,0.9367806619586988,0.6352999250355593,0.627879105780945,OpenTargets,,,,
146468,2406,MAT1A,ENSG00000151224,2021-09-02,2021-06-01,False,0.8299001469016036,0.8454200602802421,0.9047368667986118,0.9367806619586988,0.6352999250355593,0.627879105780945,OpenTargets,,,,
146467,2406,MAT1A,ENSG00000151224,2021-09-02,2021-06-01,False,0.8299001469016036,0.8454200602802421,0.9047368667986118,0.9367806619586988,0.6352999250355593,0.627879105780945,OpenTargets,,,,
146465,2406,MAT1A,ENSG00000151224,2021-09-02,2021-06-01,False,0.8299001469016036,0.8454200602802421,0.9047368667986118,0.9367806619586988,0.6352999250355593,0.627879105780945,OpenTargets,,,,
124382,2406,MAT1A,ENSG00000151224,2021-07-15,2021-06-01,False,0.8299001469016036,0.8454200602802421,0.9047368667986118,0.9367806619586988,0.6352999250355593,0.627879105780945,OpenTargets,,,,
145168,24557,EEF1G,ENSG00000254772,2021-11-05,2021-06-01,False,0.1234302995504596,0.526581860333649,0.1029752578056098,0.2835050605556546,,,OpenTargets,,,,
99977,5031,ID1,ENSG00000125968,2023-07-31,2023-06-01,False,0.3426082886728459,0.3536000086457522,0.4931912632430975,0.5776575770303022,0.7256530166598865,0.7106825741853872,OpenTargets,,,,
109614,211,GLP1R,ENSG00000112164,2023-07-20,2023-06-01,False,0.7515334416386521,0.766293002024608,0.8244672691086181,0.9621805353741036,0.935423776622918,0.9226156270360436,OpenTargets,,,,
109616,211,GLP1R,ENSG00000112164,2023-07-20,2023-06-01,False,0.7515334416386521,0.766293002024608,0.8244672691086181,0.9621805353741036,0.935423776622918,0.9226156270360436,OpenTargets,,,,
80796,211,GLP1R,ENSG00000112164,2023-07-10,2023-06-01,False,0.7515334416386521,0.766293002024608,0.8244672691086181,0.9621805353741036,0.935423776622918,0.9226156270360436,OpenTargets,,,,
80793,211,GLP1R,ENSG00000112164,2023-07-10,2023-06-01,False,0.7515334416386521,0.766293002024608,0.8244672691086181,0.9621805353741036,0.935423776622918,0.9226156270360436,OpenTargets,,,,
80795,211,GLP1R,ENSG00000112164,2023-07-10,2023-06-01,False,0.7515334416386521,0.766293002024608,0.8244672691086181,0.9621805353741036,0.935423776622918,0.9226156270360436,OpenTargets,,,,
80794,211,GLP1R,ENSG00000112164,2023-07-10,2023-06-01,False,0.7515334416386521,0.766293002024608,0.8244672691086181,0.9621805353741036,0.935423776622918,0.9226156270360436,OpenTargets,,,,
109615,211,GLP1R,ENSG00000112164,2023-07-20,2023-06-01,False,0.7515334416386521,0.766293002024608,0.8244672691086181,0.9621805353741036,0.935423776622918,0.9226156270360436,OpenTargets,,,,
88419,19782,GCGR,ENSG00000215644,2024-01-16,2023-06-01,False,0.7524553323801484,0.7900053534638549,0.7509404384417788,0.787353901980677,0.6648358359054957,0.6650172887446364,OpenTargets,,,,
88418,19782,GCGR,ENSG00000215644,2024-02-06,2023-06-01,False,0.7524553323801484,0.7900053534638549,0.7509404384417788,0.787353901980677,0.6648358359054957,0.6650172887446364,OpenTargets,,,,
90371,5650,H4C2,ENSG00000278705,2024-03-29,2023-06-01,False,0.5535843376347327,0.5550708179339374,0.2187531235414871,0.607930797611621,0.5615805734545489,0.5757052875736105,OpenTargets,,,,
144520,3440,RRM1,ENSG00000167325,2021-06-04,2021-06-01,False,0.6348649356472367,0.6436730971849531,0.5197414999741149,0.8897781100380779,,,OpenTargets,,,,
144521,3440,RRM1,ENSG00000167325,2021-06-04,2021-06-01,False,0.6348649356472367,0.6436730971849531,0.5197414999741149,0.8897781100380779,,,OpenTargets,,,,
149741,3440,RRM1,ENSG00000167325,2021-08-02,2021-06-01,False,0.6348649356472367,0.6436730971849531,0.5197414999741149,0.8897781100380779,,,OpenTargets,,,,
149742,3440,RRM1,ENSG00000167325,2021-08-02,2021-06-01,False,0.6348649356472367,0.6436730971849531,0.5197414999741149,0.8897781100380779,,,OpenTargets,,,,
103863,3440,RRM1,ENSG00000167325,2022-10-18,2022-06-01,False,0.6326337366594185,0.6436730971849531,0.5621356673332968,0.8897781100380779,,,OpenTargets,,,,
144522,3440,RRM1,ENSG00000167325,2021-06-04,2021-06-01,False,0.6348649356472367,0.6436730971849531,0.5197414999741149,0.8897781100380779,,,OpenTargets,,,,
144523,3440,RRM1,ENSG00000167325,2021-06-04,2021-06-01,False,0.6348649356472367,0.6436730971849531,0.5197414999741149,0.8897781100380779,,,OpenTargets,,,,
135063,872,TOP1,ENSG00000198900,2022-07-08,2022-06-01,False,0.7205916241753825,0.726891277922657,0.8341892479821055,0.936933501619218,,,OpenTargets,,,,
94879,259,TUBB,ENSG00000196230,2021-10-07,2021-06-01,False,0.8614260147903694,0.879086529216368,0.8549218713519362,0.9117865016665596,,,OpenTargets,,,,
89785,2878,JAK2,ENSG00000096968,2021-07-19,2021-06-01,False,0.8882798288483373,0.9163600193369448,0.8143056965635869,0.9856126917388048,0.9096863436167344,0.9229977912402912,OpenTargets,,,,
143683,2878,JAK2,ENSG00000096968,2022-06-16,2022-06-01,False,0.9070920712424178,0.9163600193369448,0.94941075051187,0.9856126917388048,0.921666020929336,0.9229977912402912,OpenTargets,,,,
91914,4876,BRAF,ENSG00000157764,2022-01-01,2021-06-01,False,0.9326868742247548,0.9307571013076248,0.9642614344121616,0.9637846093079044,0.6807319198725809,0.6774953899991558,OpenTargets,,,,
152360,4876,BRAF,ENSG00000157764,2022-11-15,2022-06-01,False,0.9315035485840756,0.9307571013076248,0.9690739002238732,0.9637846093079044,0.7931154103206824,0.6774953899991558,OpenTargets,,,,
91912,4876,BRAF,ENSG00000157764,2022-01-01,2021-06-01,False,0.9326868742247548,0.9307571013076248,0.9642614344121616,0.9637846093079044,0.6807319198725809,0.6774953899991558,OpenTargets,,,,
91913,4876,BRAF,ENSG00000157764,2022-01-01,2021-06-01,False,0.9326868742247548,0.9307571013076248,0.9642614344121616,0.9637846093079044,0.6807319198725809,0.6774953899991558,OpenTargets,,,,
123329,1227,DPP4,ENSG00000197635,2023-09-14,2023-06-01,False,0.684075695975667,0.660611448311622,0.7855385180037889,0.91131113464448,0.9375694058293538,0.9303700480221532,OpenTargets,,,,
125568,5619,CALCR,ENSG00000004948,2024-05-20,2023-06-01,False,0.7164851469197328,0.7176955333851397,0.8371211980245572,0.9523738804307216,0.8327187475851431,0.8312168517726135,OpenTargets,,,,
80194,5619,CALCR,ENSG00000004948,2023-02-01,2022-06-01,False,0.717780993122341,0.7176955333851397,0.822868300834721,0.9523738804307216,0.8245625218730568,0.8312168517726135,OpenTargets,,,,
110618,5619,CALCR,ENSG00000004948,2023-04-03,2022-06-01,False,0.717780993122341,0.7176955333851397,0.822868300834721,0.9523738804307216,0.8245625218730568,0.8312168517726135,OpenTargets,,,,
125779,1885,PARP1,ENSG00000143799,2021-07-19,2021-06-01,False,0.7332901056691895,0.7781902942372424,0.7860632075787218,0.9522925380635286,0.4302120311247112,0.4636999509691606,OpenTargets,,,,
151317,17582,TYRO3,ENSG00000092445,2023-06-30,2023-06-01,False,0.4857983963103096,0.5832650205014044,0.6245910255413519,0.9514940170421552,0.8637237779738416,0.8737835037756508,OpenTargets,,,,
97110,211,GLP1R,ENSG00000112164,2023-04-03,2022-06-01,False,0.7493611887672467,0.766293002024608,0.8067088062469737,0.9621805353741036,0.9487154078870248,0.9226156270360436,OpenTargets,,,,
97109,211,GLP1R,ENSG00000112164,2023-04-03,2022-06-01,False,0.7493611887672467,0.766293002024608,0.8067088062469737,0.9621805353741036,0.9487154078870248,0.9226156270360436,OpenTargets,,,,
92008,211,GLP1R,ENSG00000112164,2023-04-03,2022-06-01,False,0.7493611887672467,0.766293002024608,0.8067088062469737,0.9621805353741036,0.9487154078870248,0.9226156270360436,OpenTargets,,,,
97111,211,GLP1R,ENSG00000112164,2023-04-03,2022-06-01,False,0.7493611887672467,0.766293002024608,0.8067088062469737,0.9621805353741036,0.9487154078870248,0.9226156270360436,OpenTargets,,,,
127662,17251,TRPC4,ENSG00000133107,2021-12-07,2021-06-01,False,0.4527543584378248,0.5481977322976348,0.743530678992228,0.8997045420584304,0.5381724610562808,0.5291721638064069,OpenTargets,,,,
96751,4648,JAK1,ENSG00000162434,2023-06-12,2023-06-01,False,0.842872505835889,0.8381168778380048,0.7538059596074357,0.9616312280956768,0.5895498739480347,0.5974827193398254,OpenTargets,,,,
110441,4648,JAK1,ENSG00000162434,2022-12-07,2022-06-01,False,0.8384216785726694,0.8381168778380048,0.6957430239332997,0.9616312280956768,0.5754378187762021,0.5974827193398254,OpenTargets,,,,
102354,4452,CTSC,ENSG00000109861,2022-04-28,2021-06-01,False,0.8469507680756218,0.8812137729403199,0.9386844731386078,0.962807568799977,0.4503364241116957,0.58617151010824,OpenTargets,,,,
133410,4452,CTSC,ENSG00000109861,2024-04-05,2023-06-01,False,0.8739962751225205,0.8812137729403199,0.9605648648486114,0.962807568799977,0.5678788219099493,0.58617151010824,OpenTargets,,,,
133166,5222,IL4R,ENSG00000077238,2021-11-03,2021-06-01,False,0.7457575207584556,0.7592541201260259,0.8383584967411036,0.9706134314125326,0.8015568176943565,0.8509611198084567,OpenTargets,,,,
143064,7213,TOP2A,ENSG00000131747,2021-07-01,2021-06-01,False,0.7163543602284482,0.7207279998104469,0.3349605905227141,0.420441718165146,0.924343022879093,0.6166780467814678,OpenTargets,,,,
151223,2258,TYK2,ENSG00000105397,2021-11-01,2021-06-01,False,0.8422250142359227,0.8708920722947889,0.8326903376197149,0.9589884940155766,0.7008824183601778,0.7431870754279564,OpenTargets,,,,
90017,2258,TYK2,ENSG00000105397,2022-01-25,2021-06-01,False,0.8422250142359227,0.8708920722947889,0.8326903376197149,0.9589884940155766,0.7008824183601778,0.7431870754279564,OpenTargets,,,,
112419,2258,TYK2,ENSG00000105397,2022-06-07,2022-06-01,False,0.8580176733483137,0.8708920722947889,0.8807728137031949,0.9589884940155766,0.7275586817742639,0.7431870754279564,OpenTargets,,,,
127308,2258,TYK2,ENSG00000105397,2022-10-09,2022-06-01,False,0.8580176733483137,0.8708920722947889,0.8807728137031949,0.9589884940155766,0.7275586817742639,0.7431870754279564,OpenTargets,,,,
127307,2258,TYK2,ENSG00000105397,2022-10-09,2022-06-01,False,0.8580176733483137,0.8708920722947889,0.8807728137031949,0.9589884940155766,0.7275586817742639,0.7431870754279564,OpenTargets,,,,
104284,1822,SNAP25,ENSG00000132639,2022-03-29,2021-06-01,False,0.8203972952440549,0.7576891104643566,0.7239526672729959,0.8158786229599959,0.8239833583721151,0.8875300789913242,OpenTargets,,,,
92711,4,PCSK9,ENSG00000169174,2022-05-18,2021-06-01,False,0.868997996717946,0.8977764419471097,0.8955229536054545,0.99696634963722,0.7197362070889645,0.7152743289872691,OpenTargets,,,,
150622,4534,RORC,ENSG00000143365,2022-05-02,2021-06-01,False,0.6747168322025671,0.6852384550958862,0.8211505471572218,0.8977336931632112,0.7578309613882955,0.7905330238936267,OpenTargets,,,,
152781,3625,MET,ENSG00000105976,2023-11-30,2023-06-01,False,0.9224248138727345,0.9263355038575548,0.9108948604959398,0.9359640575750372,0.8659718645451897,0.8644710072048432,OpenTargets,,,,
144524,3440,RRM1,ENSG00000167325,2021-06-04,2021-06-01,False,0.6348649356472367,0.6436730971849531,0.5197414999741149,0.8897781100380779,,,OpenTargets,,,,
136768,3440,RRM1,ENSG00000167325,2022-01-10,2021-06-01,False,0.6348649356472367,0.6436730971849531,0.5197414999741149,0.8897781100380779,,,OpenTargets,,,,
136769,3440,RRM1,ENSG00000167325,2022-01-10,2021-06-01,False,0.6348649356472367,0.6436730971849531,0.5197414999741149,0.8897781100380779,,,OpenTargets,,,,
118800,3440,RRM1,ENSG00000167325,2023-01-10,2022-06-01,False,0.6326337366594185,0.6436730971849531,0.5621356673332968,0.8897781100380779,,,OpenTargets,,,,
118799,3440,RRM1,ENSG00000167325,2023-01-10,2022-06-01,False,0.6326337366594185,0.6436730971849531,0.5621356673332968,0.8897781100380779,,,OpenTargets,,,,
136770,3440,RRM1,ENSG00000167325,2022-01-10,2021-06-01,False,0.6348649356472367,0.6436730971849531,0.5197414999741149,0.8897781100380779,,,OpenTargets,,,,
113395,3440,RRM1,ENSG00000167325,2023-03-27,2022-06-01,False,0.6326337366594185,0.6436730971849531,0.5621356673332968,0.8897781100380779,,,OpenTargets,,,,
152900,259,TUBB,ENSG00000196230,2023-07-28,2023-06-01,False,0.8595261266224759,0.879086529216368,0.8782572856249796,0.9117865016665596,,,OpenTargets,,,,
118797,259,TUBB,ENSG00000196230,2023-01-10,2022-06-01,False,0.8691688041298659,0.879086529216368,0.8824662983729643,0.9117865016665596,,,OpenTargets,,,,
113396,259,TUBB,ENSG00000196230,2023-03-27,2022-06-01,False,0.8691688041298659,0.879086529216368,0.8824662983729643,0.9117865016665596,,,OpenTargets,,,,
139254,259,TUBB,ENSG00000196230,2021-12-14,2021-06-01,False,0.8614260147903694,0.879086529216368,0.8549218713519362,0.9117865016665596,,,OpenTargets,,,,
118798,259,TUBB,ENSG00000196230,2023-01-10,2022-06-01,False,0.8691688041298659,0.879086529216368,0.8824662983729643,0.9117865016665596,,,OpenTargets,,,,
149744,872,TOP1,ENSG00000198900,2021-08-02,2021-06-01,False,0.716881127773323,0.726891277922657,0.8169964507881563,0.936933501619218,,,OpenTargets,,,,
149743,872,TOP1,ENSG00000198900,2021-08-02,2021-06-01,False,0.716881127773323,0.726891277922657,0.8169964507881563,0.936933501619218,,,OpenTargets,,,,
136855,872,TOP1,ENSG00000198900,2021-11-30,2021-06-01,False,0.716881127773323,0.726891277922657,0.8169964507881563,0.936933501619218,,,OpenTargets,,,,
136767,872,TOP1,ENSG00000198900,2022-01-10,2021-06-01,False,0.716881127773323,0.726891277922657,0.8169964507881563,0.936933501619218,,,OpenTargets,,,,
107396,872,TOP1,ENSG00000198900,2023-02-01,2022-06-01,False,0.7205916241753825,0.726891277922657,0.8341892479821055,0.936933501619218,,,OpenTargets,,,,
136765,872,TOP1,ENSG00000198900,2022-01-10,2021-06-01,False,0.716881127773323,0.726891277922657,0.8169964507881563,0.936933501619218,,,OpenTargets,,,,
149738,872,TOP1,ENSG00000198900,2021-08-02,2021-06-01,False,0.716881127773323,0.726891277922657,0.8169964507881563,0.936933501619218,,,OpenTargets,,,,
136766,872,TOP1,ENSG00000198900,2022-01-10,2021-06-01,False,0.716881127773323,0.726891277922657,0.8169964507881563,0.936933501619218,,,OpenTargets,,,,
149737,872,TOP1,ENSG00000198900,2021-08-02,2021-06-01,False,0.716881127773323,0.726891277922657,0.8169964507881563,0.936933501619218,,,OpenTargets,,,,
481428,4648,JAK1,ENSG00000162434,2021-10-19,2021-06-01,False,0.8288510032682558,0.8381168778380048,0.6839221473130737,0.9616312280956768,0.5613984968832789,0.5974827193398254,OpenTargets,,,,
327480,4648,JAK1,ENSG00000162434,2021-10-19,2021-06-01,False,0.8288510032682558,0.8381168778380048,0.6839221473130737,0.9616312280956768,0.5613984968832789,0.5974827193398254,OpenTargets,,,,
113326,5619,CALCR,ENSG00000004948,2024-01-16,2023-06-01,False,0.7164851469197328,0.7176955333851397,0.8371211980245572,0.9523738804307216,0.8327187475851431,0.8312168517726135,OpenTargets,,,,
111313,5619,CALCR,ENSG00000004948,2023-02-01,2022-06-01,False,0.717780993122341,0.7176955333851397,0.822868300834721,0.9523738804307216,0.8245625218730568,0.8312168517726135,OpenTargets,,,,
100033,5619,CALCR,ENSG00000004948,2024-05-06,2023-06-01,False,0.7164851469197328,0.7176955333851397,0.8371211980245572,0.9523738804307216,0.8327187475851431,0.8312168517726135,OpenTargets,,,,
122589,308,SCN5A,ENSG00000183873,2022-04-07,2021-06-01,False,0.9205222330953776,0.929618896172661,0.9708329793001528,0.9789877371972084,0.9709469852916752,0.9800122032840908,OpenTargets,,,,
88709,211,GLP1R,ENSG00000112164,2021-09-29,2021-06-01,False,0.7454351656249673,0.766293002024608,0.7926007542169512,0.9621805353741036,0.8587245860471112,0.9226156270360436,OpenTargets,,,,
149740,259,TUBB,ENSG00000196230,2021-08-02,2021-06-01,False,0.8614260147903694,0.879086529216368,0.8549218713519362,0.9117865016665596,,,OpenTargets,,,,
149739,259,TUBB,ENSG00000196230,2021-08-02,2021-06-01,False,0.8614260147903694,0.879086529216368,0.8549218713519362,0.9117865016665596,,,OpenTargets,,,,
136495,17582,TYRO3,ENSG00000092445,2021-07-27,2021-06-01,False,0.3211071766820111,0.5832650205014044,0.5248617470744223,0.9514940170421552,0.8758907272611668,0.8737835037756508,OpenTargets,,,,
101049,5222,IL4R,ENSG00000077238,2022-08-09,2022-06-01,False,0.7613991920722564,0.7592541201260259,0.8762311141269916,0.9706134314125326,0.8567605105885441,0.8509611198084567,OpenTargets,,,,
112975,5222,IL4R,ENSG00000077238,2022-04-22,2021-06-01,False,0.7457575207584556,0.7592541201260259,0.8383584967411036,0.9706134314125326,0.8015568176943565,0.8509611198084567,OpenTargets,,,,
77186,211,GLP1R,ENSG00000112164,2023-04-03,2022-06-01,False,0.7493611887672467,0.766293002024608,0.8067088062469737,0.9621805353741036,0.9487154078870248,0.9226156270360436,OpenTargets,,,,
77185,211,GLP1R,ENSG00000112164,2023-04-03,2022-06-01,False,0.7493611887672467,0.766293002024608,0.8067088062469737,0.9621805353741036,0.9487154078870248,0.9226156270360436,OpenTargets,,,,
98456,33,PDE4B,ENSG00000184588,2022-11-16,2022-06-01,False,0.7313954762698696,0.738948709624749,0.8721829550870128,0.9753436552258734,0.5363754468778349,0.524676903795558,OpenTargets,,,,
78922,4648,JAK1,ENSG00000162434,2023-03-10,2022-06-01,False,0.8384216785726694,0.8381168778380048,0.6957430239332997,0.9616312280956768,0.5754378187762021,0.5974827193398254,OpenTargets,,,,
132788,4648,JAK1,ENSG00000162434,2022-11-23,2022-06-01,False,0.8384216785726694,0.8381168778380048,0.6957430239332997,0.9616312280956768,0.5754378187762021,0.5974827193398254,OpenTargets,,,,
150242,4648,JAK1,ENSG00000162434,2023-01-31,2022-06-01,False,0.8384216785726694,0.8381168778380048,0.6957430239332997,0.9616312280956768,0.5754378187762021,0.5974827193398254,OpenTargets,,,,
86450,1796,TACR3,ENSG00000169836,2021-08-27,2021-06-01,False,0.8124776871707053,0.7999567392084641,0.891939490736931,0.9103293410348762,0.5770401800150587,0.577571904664161,OpenTargets,,,,
146726,5222,IL4R,ENSG00000077238,2022-02-11,2021-06-01,False,0.7457575207584556,0.7592541201260259,0.8383584967411036,0.9706134314125326,0.8015568176943565,0.8509611198084567,OpenTargets,,,,
137021,5222,IL4R,ENSG00000077238,2021-09-30,2021-06-01,False,0.7457575207584556,0.7592541201260259,0.8383584967411036,0.9706134314125326,0.8015568176943565,0.8509611198084567,OpenTargets,,,,
129856,1822,SNAP25,ENSG00000132639,2024-06-24,2024-06-01,False,0.8265788275168742,0.7576891104643566,0.8164314232238572,0.8158786229599959,0.8897968081572291,0.8875300789913242,OpenTargets,,,,
114473,1822,SNAP25,ENSG00000132639,2022-04-12,2021-06-01,False,0.8203972952440549,0.7576891104643566,0.7239526672729959,0.8158786229599959,0.8239833583721151,0.8875300789913242,OpenTargets,,,,
132042,1822,SNAP25,ENSG00000132639,2021-10-15,2021-06-01,False,0.8203972952440549,0.7576891104643566,0.7239526672729959,0.8158786229599959,0.8239833583721151,0.8875300789913242,OpenTargets,,,,
126354,1822,SNAP25,ENSG00000132639,2021-08-30,2021-06-01,False,0.8203972952440549,0.7576891104643566,0.7239526672729959,0.8158786229599959,0.8239833583721151,0.8875300789913242,OpenTargets,,,,
109364,1822,SNAP25,ENSG00000132639,2022-02-15,2021-06-01,False,0.8203972952440549,0.7576891104643566,0.7239526672729959,0.8158786229599959,0.8239833583721151,0.8875300789913242,OpenTargets,,,,
79298,1822,SNAP25,ENSG00000132639,2023-10-17,2023-06-01,False,0.8355859895151105,0.7576891104643566,0.8164314232238572,0.8158786229599959,0.8299745393069601,0.8875300789913242,OpenTargets,,,,
140680,3625,MET,ENSG00000105976,2024-11-22,2024-06-01,False,0.9244816031956522,0.9263355038575548,0.9129808187050004,0.9359640575750372,0.8659690242231172,0.8644710072048432,OpenTargets,,,,
140681,3625,MET,ENSG00000105976,2024-11-22,2024-06-01,False,0.9244816031956522,0.9263355038575548,0.9129808187050004,0.9359640575750372,0.8659690242231172,0.8644710072048432,OpenTargets,,,,
140682,3625,MET,ENSG00000105976,2024-11-22,2024-06-01,False,0.9244816031956522,0.9263355038575548,0.9129808187050004,0.9359640575750372,0.8659690242231172,0.8644710072048432,OpenTargets,,,,
97976,3612,GRIN1,ENSG00000176884,2022-01-26,2021-06-01,False,0.891842195865669,0.9136459329783936,0.9415195613151504,0.9539925204876112,0.8924603584720202,0.8613448063112241,OpenTargets,,,,
146583,7213,TOP2A,ENSG00000131747,2021-06-28,2021-06-01,False,0.7163543602284482,0.7207279998104469,0.3349605905227141,0.420441718165146,0.924343022879093,0.6166780467814678,OpenTargets,,,,
129590,211,GLP1R,ENSG00000112164,2024-02-29,2023-06-01,False,0.7515334416386521,0.766293002024608,0.8244672691086181,0.9621805353741036,0.935423776622918,0.9226156270360436,OpenTargets,,,,
85993,211,GLP1R,ENSG00000112164,2022-11-14,2022-06-01,False,0.7493611887672467,0.766293002024608,0.8067088062469737,0.9621805353741036,0.9487154078870248,0.9226156270360436,OpenTargets,,,,
139630,1420,CFD,ENSG00000197766,2022-04-27,2021-06-01,False,0.700876338822632,0.7646245773242832,0.7882934859566882,0.9454955510479032,0.7334397610615159,0.7293907704377017,OpenTargets,,,,
143256,1420,CFD,ENSG00000197766,2022-01-14,2021-06-01,False,0.700876338822632,0.7646245773242832,0.7882934859566882,0.9454955510479032,0.7334397610615159,0.7293907704377017,OpenTargets,,,,
143258,1420,CFD,ENSG00000197766,2022-01-14,2021-06-01,False,0.700876338822632,0.7646245773242832,0.7882934859566882,0.9454955510479032,0.7334397610615159,0.7293907704377017,OpenTargets,,,,
143257,1420,CFD,ENSG00000197766,2022-01-14,2021-06-01,False,0.700876338822632,0.7646245773242832,0.7882934859566882,0.9454955510479032,0.7334397610615159,0.7293907704377017,OpenTargets,,,,
143255,1420,CFD,ENSG00000197766,2022-01-14,2021-06-01,False,0.700876338822632,0.7646245773242832,0.7882934859566882,0.9454955510479032,0.7334397610615159,0.7293907704377017,OpenTargets,,,,
139629,1420,CFD,ENSG00000197766,2022-04-27,2021-06-01,False,0.700876338822632,0.7646245773242832,0.7882934859566882,0.9454955510479032,0.7334397610615159,0.7293907704377017,OpenTargets,,,,
125563,1141,FGF21,ENSG00000105550,2024-05-20,2023-06-01,False,0.4112988003736231,0.5773849413640978,0.6404633899336436,0.905524234101138,0.5422613603289939,0.5526820282671653,OpenTargets,,,,
84278,367,GABRA1,ENSG00000022355,2023-06-27,2023-06-01,False,0.8902105022168062,0.8925906924076215,0.8931884631764946,0.9087221766745914,0.964139814714942,0.9471559198569832,OpenTargets,,,,
134815,367,GABRA1,ENSG00000022355,2022-10-12,2022-06-01,False,0.9083996727346392,0.8925906924076215,0.9471188527008676,0.9087221766745914,0.983065294221008,0.9471559198569832,OpenTargets,,,,
125039,6210,MC1R,ENSG00000258839,2023-12-11,2023-06-01,False,0.7786076427293868,0.7958676856506539,0.9414245952322514,0.9655679504384368,0.8942456809593546,0.8983161745507066,OpenTargets,,,,
125040,6210,MC1R,ENSG00000258839,2023-12-11,2023-06-01,False,0.7786076427293868,0.7958676856506539,0.9414245952322514,0.9655679504384368,0.8942456809593546,0.8983161745507066,OpenTargets,,,,
83534,24537,H2BC5,ENSG00000158373,2022-03-07,2021-06-01,False,0.5511872888339344,0.5538286041926164,0.5970114442692457,,,,OpenTargets,,,,
83533,24537,H2BC5,ENSG00000158373,2022-03-07,2021-06-01,False,0.5511872888339344,0.5538286041926164,0.5970114442692457,,,,OpenTargets,,,,
101604,148,FDX1,ENSG00000137714,2021-10-27,2021-06-01,False,0.3987463111687995,0.5653034803520178,0.4937176095734235,0.9072154634510344,0.922756063740396,0.6547917785547207,OpenTargets,,,,
143911,5650,H4C2,ENSG00000278705,2022-08-16,2022-06-01,False,0.5539420099400696,0.5550708179339374,0.1761598626758085,0.607930797611621,,0.5757052875736105,OpenTargets,,,,
150574,3440,RRM1,ENSG00000167325,2024-06-27,2024-06-01,False,0.6599140899482452,0.6436730971849531,0.6051358230500087,0.8897781100380779,,,OpenTargets,,,,
144008,3440,RRM1,ENSG00000167325,2022-12-14,2022-06-01,False,0.6326337366594185,0.6436730971849531,0.5621356673332968,0.8897781100380779,,,OpenTargets,,,,
135637,3440,RRM1,ENSG00000167325,2023-05-13,2022-06-01,False,0.6326337366594185,0.6436730971849531,0.5621356673332968,0.8897781100380779,,,OpenTargets,,,,
135634,3440,RRM1,ENSG00000167325,2023-05-13,2022-06-01,False,0.6326337366594185,0.6436730971849531,0.5621356673332968,0.8897781100380779,,,OpenTargets,,,,
135635,3440,RRM1,ENSG00000167325,2023-05-13,2022-06-01,False,0.6326337366594185,0.6436730971849531,0.5621356673332968,0.8897781100380779,,,OpenTargets,,,,
135632,3440,RRM1,ENSG00000167325,2023-05-13,2022-06-01,False,0.6326337366594185,0.6436730971849531,0.5621356673332968,0.8897781100380779,,,OpenTargets,,,,
150575,3440,RRM1,ENSG00000167325,2024-06-27,2024-06-01,False,0.6599140899482452,0.6436730971849531,0.6051358230500087,0.8897781100380779,,,OpenTargets,,,,
150576,3440,RRM1,ENSG00000167325,2024-06-27,2024-06-01,False,0.6599140899482452,0.6436730971849531,0.6051358230500087,0.8897781100380779,,,OpenTargets,,,,
101294,3440,RRM1,ENSG00000167325,2021-09-16,2021-06-01,False,0.6348649356472367,0.6436730971849531,0.5197414999741149,0.8897781100380779,,,OpenTargets,,,,
135633,3440,RRM1,ENSG00000167325,2023-05-13,2022-06-01,False,0.6326337366594185,0.6436730971849531,0.5621356673332968,0.8897781100380779,,,OpenTargets,,,,
101293,3440,RRM1,ENSG00000167325,2021-09-16,2021-06-01,False,0.6348649356472367,0.6436730971849531,0.5197414999741149,0.8897781100380779,,,OpenTargets,,,,
101292,3440,RRM1,ENSG00000167325,2021-09-16,2021-06-01,False,0.6348649356472367,0.6436730971849531,0.5197414999741149,0.8897781100380779,,,OpenTargets,,,,
101291,3440,RRM1,ENSG00000167325,2021-09-16,2021-06-01,False,0.6348649356472367,0.6436730971849531,0.5197414999741149,0.8897781100380779,,,OpenTargets,,,,
101290,3440,RRM1,ENSG00000167325,2021-09-16,2021-06-01,False,0.6348649356472367,0.6436730971849531,0.5197414999741149,0.8897781100380779,,,OpenTargets,,,,
101289,3440,RRM1,ENSG00000167325,2021-09-16,2021-06-01,False,0.6348649356472367,0.6436730971849531,0.5197414999741149,0.8897781100380779,,,OpenTargets,,,,
101288,3440,RRM1,ENSG00000167325,2021-09-16,2021-06-01,False,0.6348649356472367,0.6436730971849531,0.5197414999741149,0.8897781100380779,,,OpenTargets,,,,
101287,3440,RRM1,ENSG00000167325,2021-09-16,2021-06-01,False,0.6348649356472367,0.6436730971849531,0.5197414999741149,0.8897781100380779,,,OpenTargets,,,,
101286,3440,RRM1,ENSG00000167325,2021-09-16,2021-06-01,False,0.6348649356472367,0.6436730971849531,0.5197414999741149,0.8897781100380779,,,OpenTargets,,,,
135636,3440,RRM1,ENSG00000167325,2023-05-13,2022-06-01,False,0.6326337366594185,0.6436730971849531,0.5621356673332968,0.8897781100380779,,,OpenTargets,,,,
101285,3440,RRM1,ENSG00000167325,2021-09-16,2021-06-01,False,0.6348649356472367,0.6436730971849531,0.5197414999741149,0.8897781100380779,,,OpenTargets,,,,
132444,23511,PSENEN,ENSG00000205155,2023-01-10,2022-06-01,False,0.748144855315918,0.7618712355612083,0.8785212213193713,0.866654465567948,,,OpenTargets,,,,
132445,23511,PSENEN,ENSG00000205155,2023-01-10,2022-06-01,False,0.748144855315918,0.7618712355612083,0.8785212213193713,0.866654465567948,,,OpenTargets,,,,
110778,259,TUBB,ENSG00000196230,2021-11-16,2021-06-01,False,0.8614260147903694,0.879086529216368,0.8549218713519362,0.9117865016665596,,,OpenTargets,,,,
110777,259,TUBB,ENSG00000196230,2021-11-16,2021-06-01,False,0.8614260147903694,0.879086529216368,0.8549218713519362,0.9117865016665596,,,OpenTargets,,,,
110776,259,TUBB,ENSG00000196230,2021-11-16,2021-06-01,False,0.8614260147903694,0.879086529216368,0.8549218713519362,0.9117865016665596,,,OpenTargets,,,,
144007,259,TUBB,ENSG00000196230,2022-12-14,2022-06-01,False,0.8691688041298659,0.879086529216368,0.8824662983729643,0.9117865016665596,,,OpenTargets,,,,
147158,1402,TYMS,ENSG00000176890,2021-09-01,2021-06-01,False,0.7246786213886335,0.8492268345065775,0.5398366510955935,0.900731682444979,,,OpenTargets,,,,
147159,1402,TYMS,ENSG00000176890,2021-09-01,2021-06-01,False,0.7246786213886335,0.8492268345065775,0.5398366510955935,0.900731682444979,,,OpenTargets,,,,
147160,1402,TYMS,ENSG00000176890,2021-09-01,2021-06-01,False,0.7246786213886335,0.8492268345065775,0.5398366510955935,0.900731682444979,,,OpenTargets,,,,
147157,1402,TYMS,ENSG00000176890,2021-09-01,2021-06-01,False,0.7246786213886335,0.8492268345065775,0.5398366510955935,0.900731682444979,,,OpenTargets,,,,
115548,7213,TOP2A,ENSG00000131747,2022-03-03,2021-06-01,False,0.7163543602284482,0.7207279998104469,0.3349605905227141,0.420441718165146,0.924343022879093,0.6166780467814678,OpenTargets,,,,
115547,7213,TOP2A,ENSG00000131747,2022-03-03,2021-06-01,False,0.7163543602284482,0.7207279998104469,0.3349605905227141,0.420441718165146,0.924343022879093,0.6166780467814678,OpenTargets,,,,
150382,7213,TOP2A,ENSG00000131747,2024-03-29,2023-06-01,False,0.7225979492715988,0.7207279998104469,0.4603277586525132,0.420441718165146,0.721112988984753,0.6166780467814678,OpenTargets,,,,
142032,872,TOP1,ENSG00000198900,2021-12-22,2021-06-01,False,0.716881127773323,0.726891277922657,0.8169964507881563,0.936933501619218,,,OpenTargets,,,,
142285,872,TOP1,ENSG00000198900,2022-10-03,2022-06-01,False,0.7205916241753825,0.726891277922657,0.8341892479821055,0.936933501619218,,,OpenTargets,,,,
123833,872,TOP1,ENSG00000198900,2022-07-22,2022-06-01,False,0.7205916241753825,0.726891277922657,0.8341892479821055,0.936933501619218,,,OpenTargets,,,,
150383,259,TUBB,ENSG00000196230,2024-03-29,2023-06-01,False,0.8595261266224759,0.879086529216368,0.8782572856249796,0.9117865016665596,,,OpenTargets,,,,
97500,872,TOP1,ENSG00000198900,2021-06-11,2021-06-01,False,0.716881127773323,0.726891277922657,0.8169964507881563,0.936933501619218,,,OpenTargets,,,,
123835,872,TOP1,ENSG00000198900,2022-07-22,2022-06-01,False,0.7205916241753825,0.726891277922657,0.8341892479821055,0.936933501619218,,,OpenTargets,,,,
144034,4876,BRAF,ENSG00000157764,2021-09-26,2021-06-01,False,0.9326868742247548,0.9307571013076248,0.9642614344121616,0.9637846093079044,0.6807319198725809,0.6774953899991558,OpenTargets,,,,
173532,4648,JAK1,ENSG00000162434,2021-10-19,2021-06-01,False,0.8288510032682558,0.8381168778380048,0.6839221473130737,0.9616312280956768,0.5613984968832789,0.5974827193398254,OpenTargets,,,,
96558,4648,JAK1,ENSG00000162434,2021-10-19,2021-06-01,False,0.8288510032682558,0.8381168778380048,0.6839221473130737,0.9616312280956768,0.5613984968832789,0.5974827193398254,OpenTargets,,,,
404454,4648,JAK1,ENSG00000162434,2021-10-19,2021-06-01,False,0.8288510032682558,0.8381168778380048,0.6839221473130737,0.9616312280956768,0.5613984968832789,0.5974827193398254,OpenTargets,,,,
250506,4648,JAK1,ENSG00000162434,2021-10-19,2021-06-01,False,0.8288510032682558,0.8381168778380048,0.6839221473130737,0.9616312280956768,0.5613984968832789,0.5974827193398254,OpenTargets,,,,
114952,5619,CALCR,ENSG00000004948,2024-04-01,2023-06-01,False,0.7164851469197328,0.7176955333851397,0.8371211980245572,0.9523738804307216,0.8327187475851431,0.8312168517726135,OpenTargets,,,,
81451,5619,CALCR,ENSG00000004948,2023-02-01,2022-06-01,False,0.717780993122341,0.7176955333851397,0.822868300834721,0.9523738804307216,0.8245625218730568,0.8312168517726135,OpenTargets,,,,
82450,211,GLP1R,ENSG00000112164,2021-09-29,2021-06-01,False,0.7454351656249673,0.766293002024608,0.7926007542169512,0.9621805353741036,0.8587245860471112,0.9226156270360436,OpenTargets,,,,
77849,211,GLP1R,ENSG00000112164,2021-09-15,2021-06-01,False,0.7454351656249673,0.766293002024608,0.7926007542169512,0.9621805353741036,0.8587245860471112,0.9226156270360436,OpenTargets,,,,
142283,17582,TYRO3,ENSG00000092445,2022-10-03,2022-06-01,False,0.3573241061618109,0.5832650205014044,0.5741010224455039,0.9514940170421552,0.916699090470454,0.8737835037756508,OpenTargets,,,,
97525,5222,IL4R,ENSG00000077238,2021-11-30,2021-06-01,False,0.7457575207584556,0.7592541201260259,0.8383584967411036,0.9706134314125326,0.8015568176943565,0.8509611198084567,OpenTargets,,,,
132246,5222,IL4R,ENSG00000077238,2022-01-12,2021-06-01,False,0.7457575207584556,0.7592541201260259,0.8383584967411036,0.9706134314125326,0.8015568176943565,0.8509611198084567,OpenTargets,,,,
99239,5222,IL4R,ENSG00000077238,2023-08-10,2023-06-01,False,0.7656740827593589,0.7592541201260259,0.8795533000992679,0.9706134314125326,0.8024248563707655,0.8509611198084567,OpenTargets,,,,
105841,4648,JAK1,ENSG00000162434,2022-09-01,2022-06-01,False,0.8384216785726694,0.8381168778380048,0.6957430239332997,0.9616312280956768,0.5754378187762021,0.5974827193398254,OpenTargets,,,,
134112,4648,JAK1,ENSG00000162434,2023-04-11,2022-06-01,False,0.8384216785726694,0.8381168778380048,0.6957430239332997,0.9616312280956768,0.5754378187762021,0.5974827193398254,OpenTargets,,,,
134536,4648,JAK1,ENSG00000162434,2022-11-18,2022-06-01,False,0.8384216785726694,0.8381168778380048,0.6957430239332997,0.9616312280956768,0.5754378187762021,0.5974827193398254,OpenTargets,,,,
101132,4648,JAK1,ENSG00000162434,2023-01-31,2022-06-01,False,0.8384216785726694,0.8381168778380048,0.6957430239332997,0.9616312280956768,0.5754378187762021,0.5974827193398254,OpenTargets,,,,
103167,5376,OPRK1,ENSG00000082556,2022-06-17,2022-06-01,False,0.6894173007225053,0.6872690264888203,0.6942156498659963,0.760056439418289,0.8444379662874743,0.6827062857178504,OpenTargets,,,,
103166,5376,OPRK1,ENSG00000082556,2021-09-16,2021-06-01,False,0.6890917622951548,0.6872690264888203,0.2890956559056389,0.760056439418289,0.7671447156433503,0.6827062857178504,OpenTargets,,,,
95680,27923,TPRKB,ENSG00000144034,2022-06-30,2022-06-01,False,0.5291952342587797,0.6674595238817371,0.6955241688461594,0.7350035623084222,,,OpenTargets,,,,
119941,27923,TPRKB,ENSG00000144034,2022-01-10,2021-06-01,False,0.6130385097017903,0.6674595238817371,0.7080169655110953,0.7350035623084222,,,OpenTargets,,,,
148655,1822,SNAP25,ENSG00000132639,2021-11-05,2021-06-01,False,0.8203972952440549,0.7576891104643566,0.7239526672729959,0.8158786229599959,0.8239833583721151,0.8875300789913242,OpenTargets,,,,
125106,1822,SNAP25,ENSG00000132639,2023-12-12,2023-06-01,False,0.8355859895151105,0.7576891104643566,0.8164314232238572,0.8158786229599959,0.8299745393069601,0.8875300789913242,OpenTargets,,,,
106879,4,PCSK9,ENSG00000169174,2024-10-30,2024-06-01,False,0.8977318791613625,0.8977764419471097,0.9927106396333232,0.99696634963722,0.7389368604274225,0.7152743289872691,OpenTargets,,,,
132471,19881,PPP3CA,ENSG00000138814,2023-08-30,2023-06-01,False,0.8159659780524063,0.8332593000050293,0.9143604394755368,0.9168706404976276,0.8211015540201375,0.8455674452967012,OpenTargets,,,,
89305,5590,SCN10A,ENSG00000185313,2021-07-19,2021-06-01,False,0.8165308648662308,0.8517717279374452,0.796861522339481,0.940668996208898,0.3741628302666924,0.4594295073581791,OpenTargets,,,,
87306,5590,SCN10A,ENSG00000185313,2023-12-13,2023-06-01,False,0.8257912534854315,0.8517717279374452,0.8212714802291567,0.940668996208898,0.4465817812669883,0.4594295073581791,OpenTargets,,,,
89444,211,GLP1R,ENSG00000112164,2021-06-08,2021-06-01,False,0.7454351656249673,0.766293002024608,0.7926007542169512,0.9621805353741036,0.8587245860471112,0.9226156270360436,OpenTargets,,,,
105570,3612,GRIN1,ENSG00000176884,2022-11-29,2022-06-01,False,0.9035636816003694,0.9136459329783936,0.9562787122382642,0.9539925204876112,0.7853744597443816,0.8613448063112241,OpenTargets,,,,
129226,14,CACNA1C,ENSG00000151067,2022-08-05,2022-06-01,False,0.8917478537298669,0.903758817571329,0.9171659792573178,0.9354778370600204,0.7683009368930407,0.7796848481835057,OpenTargets,,,,
129227,14,CACNA1C,ENSG00000151067,2022-08-05,2022-06-01,False,0.8917478537298669,0.903758817571329,0.9171659792573178,0.9354778370600204,0.7683009368930407,0.7796848481835057,OpenTargets,,,,
90010,3301,HTR2A,ENSG00000102468,2022-08-18,2022-06-01,False,0.6915075395837313,0.7416120264067203,0.7223552591368094,0.8480775584748518,0.8822004572814248,0.8809359035745861,OpenTargets,,,,
90008,3301,HTR2A,ENSG00000102468,2022-08-18,2022-06-01,False,0.6915075395837313,0.7416120264067203,0.7223552591368094,0.8480775584748518,0.8822004572814248,0.8809359035745861,OpenTargets,,,,
90007,3301,HTR2A,ENSG00000102468,2022-08-18,2022-06-01,False,0.6915075395837313,0.7416120264067203,0.7223552591368094,0.8480775584748518,0.8822004572814248,0.8809359035745861,OpenTargets,,,,
90009,3301,HTR2A,ENSG00000102468,2022-08-18,2022-06-01,False,0.6915075395837313,0.7416120264067203,0.7223552591368094,0.8480775584748518,0.8822004572814248,0.8809359035745861,OpenTargets,,,,
89662,211,GLP1R,ENSG00000112164,2021-09-13,2021-06-01,False,0.7454351656249673,0.766293002024608,0.7926007542169512,0.9621805353741036,0.8587245860471112,0.9226156270360436,OpenTargets,,,,
89663,211,GLP1R,ENSG00000112164,2021-09-13,2021-06-01,False,0.7454351656249673,0.766293002024608,0.7926007542169512,0.9621805353741036,0.8587245860471112,0.9226156270360436,OpenTargets,,,,
102532,1071,MPO,ENSG00000005381,2022-10-26,2022-06-01,False,0.8061501648180389,0.7892524606595371,0.92103501316565,0.9868130365976232,0.6765999261115249,0.8628047454723546,OpenTargets,,,,
104567,6298,JAK3,ENSG00000105639,2022-02-16,2021-06-01,False,0.892199364089004,0.896692239778601,0.8710007694735782,0.9206442245723572,0.8136725078461511,0.8300448507335385,OpenTargets,,,,
147029,211,GLP1R,ENSG00000112164,2022-10-27,2022-06-01,False,0.7493611887672467,0.766293002024608,0.8067088062469737,0.9621805353741036,0.9487154078870248,0.9226156270360436,OpenTargets,,,,
147028,211,GLP1R,ENSG00000112164,2022-10-27,2022-06-01,False,0.7493611887672467,0.766293002024608,0.8067088062469737,0.9621805353741036,0.9487154078870248,0.9226156270360436,OpenTargets,,,,
121681,1400,CYP11B2,ENSG00000179142,2022-01-11,2021-06-01,False,0.8287879566686505,0.8184896071030864,0.9270511350845252,0.8865591548811562,0.5786092419109562,0.6484776412123321,OpenTargets,,,,
339531,1691,COL1A1,ENSG00000108821,2023-11-28,2023-06-01,False,0.929324871884309,0.9289845931918236,0.9841921314984822,0.979883664872558,0.8792669917075558,0.8843456095318915,OpenTargets,,,,
185583,1691,COL1A1,ENSG00000108821,2023-11-28,2023-06-01,False,0.929324871884309,0.9289845931918236,0.9841921314984822,0.979883664872558,0.8792669917075558,0.8843456095318915,OpenTargets,,,,
102402,1691,COL1A1,ENSG00000108821,2021-11-29,2021-06-01,False,0.9216500082553885,0.9289845931918236,0.9825059304145132,0.979883664872558,0.874242531889227,0.8843456095318915,OpenTargets,,,,
410298,1691,COL1A1,ENSG00000108821,2021-11-29,2021-06-01,False,0.9216500082553885,0.9289845931918236,0.9825059304145132,0.979883664872558,0.874242531889227,0.8843456095318915,OpenTargets,,,,
256350,1691,COL1A1,ENSG00000108821,2021-11-29,2021-06-01,False,0.9216500082553885,0.9289845931918236,0.9825059304145132,0.979883664872558,0.874242531889227,0.8843456095318915,OpenTargets,,,,
487272,1691,COL1A1,ENSG00000108821,2021-11-29,2021-06-01,False,0.9216500082553885,0.9289845931918236,0.9825059304145132,0.979883664872558,0.874242531889227,0.8843456095318915,OpenTargets,,,,
493479,1691,COL1A1,ENSG00000108821,2023-11-28,2023-06-01,False,0.929324871884309,0.9289845931918236,0.9841921314984822,0.979883664872558,0.8792669917075558,0.8843456095318915,OpenTargets,,,,
152346,1974,IL15,ENSG00000164136,2025-12-15,2025-06-01,False,0.5492485591610249,0.5492485591610249,0.88765703238866,0.88765703238866,0.7030163893774859,0.7030163893774859,OpenTargets,,,,
84129,4648,JAK1,ENSG00000162434,2022-04-19,2021-06-01,False,0.8288510032682558,0.8381168778380048,0.6839221473130737,0.9616312280956768,0.5613984968832789,0.5974827193398254,OpenTargets,,,,
131443,367,GABRA1,ENSG00000022355,2025-03-25,2024-06-01,False,0.8847613722171689,0.8925906924076215,0.907570655072764,0.9087221766745914,0.9623842520709952,0.9471559198569832,OpenTargets,,,,
392564,5826,TMEM97,ENSG00000109084,2022-05-19,2021-06-01,False,0.1724861521517303,0.4883173819872145,0.2837266228810533,0.8032450139155114,0.5601621454672566,0.6519156238421077,OpenTargets,,,,
84668,5826,TMEM97,ENSG00000109084,2022-05-19,2021-06-01,False,0.1724861521517303,0.4883173819872145,0.2837266228810533,0.8032450139155114,0.5601621454672566,0.6519156238421077,OpenTargets,,,,
238616,5826,TMEM97,ENSG00000109084,2022-05-19,2021-06-01,False,0.1724861521517303,0.4883173819872145,0.2837266228810533,0.8032450139155114,0.5601621454672566,0.6519156238421077,OpenTargets,,,,
104363,3612,GRIN1,ENSG00000176884,2022-09-06,2022-06-01,False,0.9035636816003694,0.9136459329783936,0.9562787122382642,0.9539925204876112,0.7853744597443816,0.8613448063112241,OpenTargets,,,,
88272,4,PCSK9,ENSG00000169174,2024-07-08,2024-06-01,False,0.8977318791613625,0.8977764419471097,0.9927106396333232,0.99696634963722,0.7389368604274225,0.7152743289872691,OpenTargets,,,,
152415,261,OPRM1,ENSG00000112038,2023-03-01,2022-06-01,False,0.7447894384808472,0.758237247281118,0.8720448031235721,0.9687034009063226,0.714857219694638,0.6990416375695365,OpenTargets,,,,
82332,3684,LILRB2,ENSG00000131042,2021-07-15,2021-06-01,False,0.3586774939457297,0.5876775229630806,0.5899972420460794,0.964709126004878,,0.6558655719990302,OpenTargets,,,,
110180,353,F11,ENSG00000088926,2021-09-17,2021-06-01,False,0.8641872274692716,0.8848965037378906,0.930467797882279,0.9663940514070192,0.6507592517449412,0.7737206524146977,OpenTargets,,,,
110179,353,F11,ENSG00000088926,2021-09-17,2021-06-01,False,0.8641872274692716,0.8848965037378906,0.930467797882279,0.9663940514070192,0.6507592517449412,0.7737206524146977,OpenTargets,,,,
141259,161,TGFB1,ENSG00000105329,2021-11-15,2021-06-01,False,0.7671125129337331,0.8606221122803909,0.8454459532156499,0.9051733403359504,0.6678854740358574,0.9256238412929256,OpenTargets,,,,
104636,223,NPC1L1,ENSG00000015520,2023-04-26,2022-06-01,False,0.6905181326010016,0.7354717276211431,0.9086799159560156,0.9650400710019368,0.6574534387876018,0.6321359211882882,OpenTargets,,,,
92025,223,NPC1L1,ENSG00000015520,2022-08-17,2022-06-01,False,0.6905181326010016,0.7354717276211431,0.9086799159560156,0.9650400710019368,0.6574534387876018,0.6321359211882882,OpenTargets,,,,
127543,1400,CYP11B2,ENSG00000179142,2022-04-29,2021-06-01,False,0.8287879566686505,0.8184896071030864,0.9270511350845252,0.8865591548811562,0.5786092419109562,0.6484776412123321,OpenTargets,,,,
127544,1400,CYP11B2,ENSG00000179142,2022-04-29,2021-06-01,False,0.8287879566686505,0.8184896071030864,0.9270511350845252,0.8865591548811562,0.5786092419109562,0.6484776412123321,OpenTargets,,,,
129255,3893,RIPK1,ENSG00000137275,2022-02-18,2021-06-01,False,0.7089884675528406,0.8125818165524022,0.8479363796287446,0.8904219774727817,0.4911025039679978,0.4871941961881265,OpenTargets,,,,
88213,6393,SLC6A9,ENSG00000196517,2021-08-09,2021-06-01,False,0.7291232275388317,0.8129052010963753,0.8041752244043463,0.8748006472602986,0.6187532358164044,0.6645255216113315,OpenTargets,,,,
112820,2646,S1PR1,ENSG00000170989,2021-08-17,2021-06-01,False,0.6957103918072364,0.6794701971529291,0.8178225265829893,0.9494610991959112,0.6969114459117647,0.706381291046526,OpenTargets,,,,
78423,3395,TRPC6,ENSG00000137672,2022-05-03,2021-06-01,False,0.8322265659015141,0.840925350576547,0.9303552423455044,0.9421471305447696,0.5666283616941489,0.5798594122323668,OpenTargets,,,,
141301,1145,ANGPTL3,ENSG00000132855,2021-08-27,2021-06-01,False,0.6698810790980079,0.8113598179789696,0.7689980239147792,0.997240871588924,0.6634329553360566,0.6171911355777848,OpenTargets,,,,
139464,3532,MAPKAPK2,ENSG00000162889,2021-08-25,2021-06-01,False,0.3743398846075527,0.6656896330888428,0.6102196494751434,0.8536350328128414,0.6903414802123896,0.6792355079481047,OpenTargets,,,,
164257,2258,TYK2,ENSG00000105397,2023-02-27,2022-06-01,False,0.8580176733483137,0.8708920722947889,0.8807728137031949,0.9589884940155766,0.7275586817742639,0.7431870754279564,OpenTargets,,,,
145753,2793,NR3C2,ENSG00000151623,2021-11-05,2021-06-01,False,0.8624590845054871,0.8748708915930852,0.9144017888081688,0.952937590082964,0.5856238834178975,0.5974399632073681,OpenTargets,,,,
117749,3453,THRB,ENSG00000151090,2022-10-30,2022-06-01,False,0.894153153049628,0.8765812401327377,0.9731543722160853,0.965319484153624,0.8929414566725143,0.8977071952358064,OpenTargets,,,,
105569,3612,GRIN1,ENSG00000176884,2022-11-29,2022-06-01,False,0.9035636816003694,0.9136459329783936,0.9562787122382642,0.9539925204876112,0.7853744597443816,0.8613448063112241,OpenTargets,,,,
153053,4648,JAK1,ENSG00000162434,2022-09-01,2022-06-01,False,0.8384216785726694,0.8381168778380048,0.6957430239332997,0.9616312280956768,0.5754378187762021,0.5974827193398254,OpenTargets,,,,
153054,4648,JAK1,ENSG00000162434,2022-09-01,2022-06-01,False,0.8384216785726694,0.8381168778380048,0.6957430239332997,0.9616312280956768,0.5754378187762021,0.5974827193398254,OpenTargets,,,,
101186,261,OPRM1,ENSG00000112038,2024-09-13,2024-06-01,False,0.7442213976041747,0.758237247281118,0.8812380956826019,0.9687034009063226,0.7070230923444774,0.6990416375695365,OpenTargets,,,,
81582,6372,DHFR,ENSG00000228716,2023-02-27,2022-06-01,False,0.8818810904223476,0.874896646230756,0.9071555771992896,0.9262054432922312,0.6502206386887691,0.6284585202080156,OpenTargets,,,,
128743,211,GLP1R,ENSG00000112164,2024-10-08,2024-06-01,False,0.7519390916658425,0.766293002024608,0.8244672690770682,0.9621805353741036,0.9277133976163852,0.9226156270360436,OpenTargets,,,,
100387,211,GLP1R,ENSG00000112164,2024-10-08,2024-06-01,False,0.7519390916658425,0.766293002024608,0.8244672690770682,0.9621805353741036,0.9277133976163852,0.9226156270360436,OpenTargets,,,,
140409,5594,GNRHR,ENSG00000109163,2022-03-08,2021-06-01,False,0.8675622841729173,0.858393526837563,0.914726819688043,0.9149797011884684,0.7743236037881136,0.7706299936825873,OpenTargets,,,,
91289,4,PCSK9,ENSG00000169174,2021-11-03,2021-06-01,False,0.868997996717946,0.8977764419471097,0.8955229536054545,0.99696634963722,0.7197362070889645,0.7152743289872691,OpenTargets,,,,
101144,1402,TYMS,ENSG00000176890,2021-11-10,2021-06-01,False,0.7246786213886335,0.8492268345065775,0.5398366510955935,0.900731682444979,,,OpenTargets,,,,
179376,1691,COL1A1,ENSG00000108821,2021-11-29,2021-06-01,False,0.9216500082553885,0.9289845931918236,0.9825059304145132,0.979883664872558,0.874242531889227,0.8843456095318915,OpenTargets,,,,
90966,211,GLP1R,ENSG00000112164,2023-10-13,2023-06-01,False,0.7515334416386521,0.766293002024608,0.8244672691086181,0.9621805353741036,0.935423776622918,0.9226156270360436,OpenTargets,,,,
107726,4648,JAK1,ENSG00000162434,2021-11-04,2021-06-01,False,0.8288510032682558,0.8381168778380048,0.6839221473130737,0.9616312280956768,0.5613984968832789,0.5974827193398254,OpenTargets,,,,
113703,6086,SCN9A,ENSG00000169432,2022-02-15,2021-06-01,False,0.9019901846603412,0.8985332452007359,0.951293020737506,0.9492203569138978,0.8480197858202777,0.5992103680592143,OpenTargets,,,,
113704,6086,SCN9A,ENSG00000169432,2022-02-15,2021-06-01,False,0.9019901846603412,0.8985332452007359,0.951293020737506,0.9492203569138978,0.8480197858202777,0.5992103680592143,OpenTargets,,,,
135829,670,ESR1,ENSG00000091831,2022-02-17,2021-06-01,False,0.8877412986539267,0.8977553100712937,0.8145611709141717,0.9444054635005368,0.8065115024156558,0.8204829932275618,OpenTargets,,,,
93733,723,TRPA1,ENSG00000104321,2021-10-12,2021-06-01,False,0.6662896653344519,0.7143650933420644,0.7421743244752387,0.8294763702552319,0.7855767218983944,0.7918521546850489,OpenTargets,,,,
127015,723,TRPA1,ENSG00000104321,2022-01-26,2021-06-01,False,0.6662896653344519,0.7143650933420644,0.7421743244752387,0.8294763702552319,0.7855767218983944,0.7918521546850489,OpenTargets,,,,
93734,723,TRPA1,ENSG00000104321,2021-10-12,2021-06-01,False,0.6662896653344519,0.7143650933420644,0.7421743244752387,0.8294763702552319,0.7855767218983944,0.7918521546850489,OpenTargets,,,,
97793,723,TRPA1,ENSG00000104321,2021-10-25,2021-06-01,False,0.6662896653344519,0.7143650933420644,0.7421743244752387,0.8294763702552319,0.7855767218983944,0.7918521546850489,OpenTargets,,,,
90200,3684,LILRB2,ENSG00000131042,2022-07-25,2022-06-01,False,0.3666164724004828,0.5876775229630806,0.5998646220854285,0.964709126004878,0.657065262105982,0.6558655719990302,OpenTargets,,,,
90201,3684,LILRB2,ENSG00000131042,2022-07-25,2022-06-01,False,0.3666164724004828,0.5876775229630806,0.5998646220854285,0.964709126004878,0.657065262105982,0.6558655719990302,OpenTargets,,,,
85112,1400,CYP11B2,ENSG00000179142,2023-11-22,2023-06-01,False,0.7782739021049884,0.8184896071030864,0.8786363354490944,0.8865591548811562,0.6470633358307984,0.6484776412123321,OpenTargets,,,,
107992,1400,CYP11B2,ENSG00000179142,2023-11-22,2023-06-01,False,0.7782739021049884,0.8184896071030864,0.8786363354490944,0.8865591548811562,0.6470633358307984,0.6484776412123321,OpenTargets,,,,
141897,3893,RIPK1,ENSG00000137275,2022-12-19,2022-06-01,False,0.7485079206549112,0.8125818165524022,0.8686438613337586,0.8904219774727817,0.4927074310108661,0.4871941961881265,OpenTargets,,,,
85309,4648,JAK1,ENSG00000162434,2023-07-31,2023-06-01,False,0.842872505835889,0.8381168778380048,0.7538059596074357,0.9616312280956768,0.5895498739480347,0.5974827193398254,OpenTargets,,,,
85314,4648,JAK1,ENSG00000162434,2023-07-31,2023-06-01,False,0.842872505835889,0.8381168778380048,0.7538059596074357,0.9616312280956768,0.5895498739480347,0.5974827193398254,OpenTargets,,,,
85310,4648,JAK1,ENSG00000162434,2023-07-31,2023-06-01,False,0.842872505835889,0.8381168778380048,0.7538059596074357,0.9616312280956768,0.5895498739480347,0.5974827193398254,OpenTargets,,,,
85311,4648,JAK1,ENSG00000162434,2023-07-31,2023-06-01,False,0.842872505835889,0.8381168778380048,0.7538059596074357,0.9616312280956768,0.5895498739480347,0.5974827193398254,OpenTargets,,,,
85312,4648,JAK1,ENSG00000162434,2023-07-31,2023-06-01,False,0.842872505835889,0.8381168778380048,0.7538059596074357,0.9616312280956768,0.5895498739480347,0.5974827193398254,OpenTargets,,,,
85313,4648,JAK1,ENSG00000162434,2023-07-31,2023-06-01,False,0.842872505835889,0.8381168778380048,0.7538059596074357,0.9616312280956768,0.5895498739480347,0.5974827193398254,OpenTargets,,,,
130460,1822,SNAP25,ENSG00000132639,2023-03-22,2022-06-01,False,0.8173601768815895,0.7576891104643566,0.8232089089700306,0.8158786229599959,0.8863136779993633,0.8875300789913242,OpenTargets,,,,
89238,2040,IL10,ENSG00000136634,2022-02-24,2021-06-01,False,0.5525425525688148,0.7439204732009772,0.6336498077705486,0.8481589008530059,0.5903997663115679,0.8570177891535081,OpenTargets,,,,
89240,2040,IL10,ENSG00000136634,2022-02-24,2021-06-01,False,0.5525425525688148,0.7439204732009772,0.6336498077705486,0.8481589008530059,0.5903997663115679,0.8570177891535081,OpenTargets,,,,
89239,2040,IL10,ENSG00000136634,2022-02-24,2021-06-01,False,0.5525425525688148,0.7439204732009772,0.6336498077705486,0.8481589008530059,0.5903997663115679,0.8570177891535081,OpenTargets,,,,
103070,159,ATP4A,ENSG00000105675,2021-07-16,2021-06-01,False,0.6537438288691204,0.6579128531403279,0.2922273694336919,0.6807862878045543,0.7474394168086343,0.7802714566972617,OpenTargets,,,,
124629,159,ATP4A,ENSG00000105675,2022-01-17,2021-06-01,False,0.6537438288691204,0.6579128531403279,0.2922273694336919,0.6807862878045543,0.7474394168086343,0.7802714566972617,OpenTargets,,,,
150571,1419,PDCD1,ENSG00000188389,2024-06-27,2024-06-01,False,0.7022629386889115,0.7251920723799639,0.607930797611621,0.751057115284062,0.7828608722749651,0.7833366779801975,OpenTargets,,,,
150573,1419,PDCD1,ENSG00000188389,2024-06-27,2024-06-01,False,0.7022629386889115,0.7251920723799639,0.607930797611621,0.751057115284062,0.7828608722749651,0.7833366779801975,OpenTargets,,,,
150572,1419,PDCD1,ENSG00000188389,2024-06-27,2024-06-01,False,0.7022629386889115,0.7251920723799639,0.607930797611621,0.751057115284062,0.7828608722749651,0.7833366779801975,OpenTargets,,,,
114979,1228,IL17A,ENSG00000112115,2023-03-31,2022-06-01,False,0.7044124764517866,0.7113919947654309,0.607930797611621,0.7411924490828112,0.9672675027111168,0.9490794242863274,OpenTargets,,,,
99383,1228,IL17A,ENSG00000112115,2021-06-02,2021-06-01,False,0.6981737315426819,0.7113919947654309,0.607930797611621,0.7411924490828112,0.9600432001456236,0.9490794242863274,OpenTargets,,,,
99639,18805,FCGRT,ENSG00000104870,2022-06-09,2022-06-01,False,0.6977561166707019,0.7360452135350355,0.9171509165938164,0.9669457276233446,0.6273705251312562,0.6193644803933406,OpenTargets,,,,
138011,3823,GLP2R,ENSG00000065325,2022-05-25,2021-06-01,False,0.6301684425338575,0.5728002787984378,0.5179281388334737,0.5597371814306163,,,OpenTargets,,,,
79741,5376,OPRK1,ENSG00000082556,2023-11-30,2023-06-01,False,0.6872001445742634,0.6872690264888203,0.6719709403796507,0.760056439418289,0.7216814046313954,0.6827062857178504,OpenTargets,,,,
144033,1300,KDR,ENSG00000128052,2021-09-26,2021-06-01,False,0.8827586637697706,0.8945934026289059,0.8004298771856363,0.952044224485773,,,OpenTargets,,,,
113547,1040,NR3C1,ENSG00000113580,2023-12-28,2023-06-01,False,0.8719799594384686,0.8806897161130463,0.888541319410935,0.8998962222070886,0.7115400025492199,0.7185176171445338,OpenTargets,,,,
87170,1921,IL23R,ENSG00000162594,2023-10-09,2023-06-01,False,0.6016563719163383,0.7366221778862095,0.7539554360213971,0.9497910314835882,0.6225730016643538,0.7471001049936713,OpenTargets,,,,
362828,2258,TYK2,ENSG00000105397,2023-06-28,2023-06-01,False,0.8603114465528391,0.8708920722947889,0.8871407122957964,0.9589884940155766,0.7254886308649263,0.7431870754279564,OpenTargets,,,,
318205,2258,TYK2,ENSG00000105397,2023-02-27,2022-06-01,False,0.8580176733483137,0.8708920722947889,0.8807728137031949,0.9589884940155766,0.7275586817742639,0.7431870754279564,OpenTargets,,,,
241231,2258,TYK2,ENSG00000105397,2023-02-27,2022-06-01,False,0.8580176733483137,0.8708920722947889,0.8807728137031949,0.9589884940155766,0.7275586817742639,0.7431870754279564,OpenTargets,,,,
87283,2258,TYK2,ENSG00000105397,2023-02-27,2022-06-01,False,0.8580176733483137,0.8708920722947889,0.8807728137031949,0.9589884940155766,0.7275586817742639,0.7431870754279564,OpenTargets,,,,
472153,2258,TYK2,ENSG00000105397,2023-02-27,2022-06-01,False,0.8580176733483137,0.8708920722947889,0.8807728137031949,0.9589884940155766,0.7275586817742639,0.7431870754279564,OpenTargets,,,,
144317,1706,IL2RA,ENSG00000134460,2023-12-27,2023-06-01,False,0.8673811949272533,0.8625334294459215,0.8982630811197909,0.9363650439544904,0.7263946283054044,0.7330444719536086,OpenTargets,,,,
140031,1706,IL2RA,ENSG00000134460,2023-11-27,2023-06-01,False,0.8673811949272533,0.8625334294459215,0.8982630811197909,0.9363650439544904,0.7263946283054044,0.7330444719536086,OpenTargets,,,,
115092,3654,ADRA2A,ENSG00000150594,2022-11-21,2022-06-01,False,0.6680171789555645,0.7092207372685022,0.6659978842910075,0.8079112908915261,0.9528569301744096,0.9281874718700504,OpenTargets,,,,
115090,3654,ADRA2A,ENSG00000150594,2022-11-21,2022-06-01,False,0.6680171789555645,0.7092207372685022,0.6659978842910075,0.8079112908915261,0.9528569301744096,0.9281874718700504,OpenTargets,,,,
115091,3654,ADRA2A,ENSG00000150594,2022-11-21,2022-06-01,False,0.6680171789555645,0.7092207372685022,0.6659978842910075,0.8079112908915261,0.9528569301744096,0.9281874718700504,OpenTargets,,,,
115094,3654,ADRA2A,ENSG00000150594,2022-11-21,2022-06-01,False,0.6680171789555645,0.7092207372685022,0.6659978842910075,0.8079112908915261,0.9528569301744096,0.9281874718700504,OpenTargets,,,,
115095,3654,ADRA2A,ENSG00000150594,2022-11-21,2022-06-01,False,0.6680171789555645,0.7092207372685022,0.6659978842910075,0.8079112908915261,0.9528569301744096,0.9281874718700504,OpenTargets,,,,
115093,3654,ADRA2A,ENSG00000150594,2022-11-21,2022-06-01,False,0.6680171789555645,0.7092207372685022,0.6659978842910075,0.8079112908915261,0.9528569301744096,0.9281874718700504,OpenTargets,,,,
129059,211,GLP1R,ENSG00000112164,2025-02-24,2024-06-01,False,0.7519390916658425,0.766293002024608,0.8244672690770682,0.9621805353741036,0.9277133976163852,0.9226156270360436,OpenTargets,,,,
114967,211,GLP1R,ENSG00000112164,2022-07-14,2022-06-01,False,0.7493611887672467,0.766293002024608,0.8067088062469737,0.9621805353741036,0.9487154078870248,0.9226156270360436,OpenTargets,,,,
114966,211,GLP1R,ENSG00000112164,2022-07-14,2022-06-01,False,0.7493611887672467,0.766293002024608,0.8067088062469737,0.9621805353741036,0.9487154078870248,0.9226156270360436,OpenTargets,,,,
128425,1155,IL23A,ENSG00000110944,2023-02-10,2022-06-01,False,0.6545462725833202,0.6672556608937575,0.2810275077901077,0.4088823506744731,0.9070585522914334,0.9061722540985108,OpenTargets,,,,
81703,6045,KCNQ2,ENSG00000075043,2024-05-28,2023-06-01,False,0.8670854282180132,0.8715627760852935,0.935974972206806,0.944911515812778,0.9352582494398728,0.9345306404700044,OpenTargets,,,,
389599,6045,KCNQ2,ENSG00000075043,2024-05-28,2023-06-01,False,0.8670854282180132,0.8715627760852935,0.935974972206806,0.944911515812778,0.9352582494398728,0.9345306404700044,OpenTargets,,,,
235651,6045,KCNQ2,ENSG00000075043,2024-05-28,2023-06-01,False,0.8670854282180132,0.8715627760852935,0.935974972206806,0.944911515812778,0.9352582494398728,0.9345306404700044,OpenTargets,,,,
111966,1471,TNFSF13B,ENSG00000102524,2023-03-28,2022-06-01,False,0.6345254980670509,0.634614917142641,0.8685800440632881,0.9766489859675938,0.8229836681563256,0.8168946525667449,OpenTargets,,,,
84451,644,TNF,ENSG00000232810,2022-07-12,2022-06-01,False,0.736565192697087,0.7201639662646827,0.547137717850459,0.607930797611621,0.9490914216837658,0.924408470196028,OpenTargets,,,,
133168,670,ESR1,ENSG00000091831,2023-02-15,2022-06-01,False,0.891449631316087,0.8977553100712937,0.8340612743785629,0.9444054635005368,0.8520480671582874,0.8204829932275618,OpenTargets,,,,
149276,1717,NPR1,ENSG00000169418,2025-04-16,2024-06-01,False,0.6969980679027719,0.6571727563529498,0.621189516313602,0.9297586194145732,0.8143069112959616,0.8120117690562245,OpenTargets,,,,
96893,1717,NPR1,ENSG00000169418,2022-06-30,2022-06-01,False,0.6823926882834483,0.6571727563529498,0.5745227013075721,0.9297586194145732,0.8517244303697749,0.8120117690562245,OpenTargets,,,,
150302,2393,ABL1,ENSG00000097007,2021-06-01,2021-06-01,False,0.8863161061916826,0.905655495957584,0.8791502939445294,0.9126021769349268,0.6225211356545761,0.6428718091652443,OpenTargets,,,,
89773,727,INSR,ENSG00000171105,2023-03-31,2022-06-01,False,0.9177843403454912,0.9147837053381724,0.970554549868358,0.9651696173810844,0.9588064179672086,0.9558985973592498,OpenTargets,,,,
112818,2751,PTH1R,ENSG00000160801,2024-08-08,2024-06-01,False,0.8945313345977789,0.8948477576280992,0.9483837149843024,0.9475125104888114,0.6407449952677263,0.5945306891164875,OpenTargets,,,,
107084,14,CACNA1C,ENSG00000151067,2021-11-05,2021-06-01,False,0.8942102963574289,0.903758817571329,0.9038086758789492,0.9354778370600204,0.7894736761515819,0.7796848481835057,OpenTargets,,,,
114707,261,OPRM1,ENSG00000112038,2023-12-26,2023-06-01,False,0.7445092845982552,0.758237247281118,0.8812380956896789,0.9687034009063226,0.8620506586406257,0.6990416375695365,OpenTargets,,,,
142683,1402,TYMS,ENSG00000176890,2022-04-28,2021-06-01,False,0.7246786213886335,0.8492268345065775,0.5398366510955935,0.900731682444979,,,OpenTargets,,,,
333324,1691,COL1A1,ENSG00000108821,2021-11-29,2021-06-01,False,0.9216500082553885,0.9289845931918236,0.9825059304145132,0.979883664872558,0.874242531889227,0.8843456095318915,OpenTargets,,,,
416505,1691,COL1A1,ENSG00000108821,2023-11-28,2023-06-01,False,0.929324871884309,0.9289845931918236,0.9841921314984822,0.979883664872558,0.8792669917075558,0.8843456095318915,OpenTargets,,,,
262557,1691,COL1A1,ENSG00000108821,2023-11-28,2023-06-01,False,0.929324871884309,0.9289845931918236,0.9841921314984822,0.979883664872558,0.8792669917075558,0.8843456095318915,OpenTargets,,,,
108609,1691,COL1A1,ENSG00000108821,2023-11-28,2023-06-01,False,0.929324871884309,0.9289845931918236,0.9841921314984822,0.979883664872558,0.8792669917075558,0.8843456095318915,OpenTargets,,,,
148100,3619,CD38,ENSG00000004468,2021-09-09,2021-06-01,False,0.6290066798944112,0.721007709770771,0.6201660608363064,0.7795101711666197,0.7889977150539664,0.8609402822945892,OpenTargets,,,,
116574,2258,TYK2,ENSG00000105397,2023-11-06,2023-06-01,False,0.8603114465528391,0.8708920722947889,0.8871407122957964,0.9589884940155766,0.7254886308649263,0.7431870754279564,OpenTargets,,,,
469538,5826,TMEM97,ENSG00000109084,2022-05-19,2021-06-01,False,0.1724861521517303,0.4883173819872145,0.2837266228810533,0.8032450139155114,0.5601621454672566,0.6519156238421077,OpenTargets,,,,
161642,5826,TMEM97,ENSG00000109084,2022-05-19,2021-06-01,False,0.1724861521517303,0.4883173819872145,0.2837266228810533,0.8032450139155114,0.5601621454672566,0.6519156238421077,OpenTargets,,,,
315590,5826,TMEM97,ENSG00000109084,2022-05-19,2021-06-01,False,0.1724861521517303,0.4883173819872145,0.2837266228810533,0.8032450139155114,0.5601621454672566,0.6519156238421077,OpenTargets,,,,
113239,1419,PDCD1,ENSG00000188389,2022-08-03,2022-06-01,False,0.7086087325482087,0.7251920723799639,0.607930797611621,0.751057115284062,0.7774609787057756,0.7833366779801975,OpenTargets,,,,
81097,261,OPRM1,ENSG00000112038,2023-12-29,2023-06-01,False,0.7445092845982552,0.758237247281118,0.8812380956896789,0.9687034009063226,0.8620506586406257,0.6990416375695365,OpenTargets,,,,
81095,261,OPRM1,ENSG00000112038,2023-12-29,2023-06-01,False,0.7445092845982552,0.758237247281118,0.8812380956896789,0.9687034009063226,0.8620506586406257,0.6990416375695365,OpenTargets,,,,
92642,261,OPRM1,ENSG00000112038,2021-09-29,2021-06-01,False,0.743871674026742,0.758237247281118,0.8664052739599065,0.9687034009063226,0.647653353875315,0.6990416375695365,OpenTargets,,,,
92641,261,OPRM1,ENSG00000112038,2021-09-29,2021-06-01,False,0.743871674026742,0.758237247281118,0.8664052739599065,0.9687034009063226,0.647653353875315,0.6990416375695365,OpenTargets,,,,
81096,261,OPRM1,ENSG00000112038,2023-12-29,2023-06-01,False,0.7445092845982552,0.758237247281118,0.8812380956896789,0.9687034009063226,0.8620506586406257,0.6990416375695365,OpenTargets,,,,
146586,2616,DNMT1,ENSG00000130816,2021-06-28,2021-06-01,False,0.8693499732720372,0.8871534586235317,0.8986313572452984,0.9277936935378668,0.5421211837077466,0.7481436459673457,OpenTargets,,,,
114854,1400,CYP11B2,ENSG00000179142,2021-12-07,2021-06-01,False,0.8287879566686505,0.8184896071030864,0.9270511350845252,0.8865591548811562,0.5786092419109562,0.6484776412123321,OpenTargets,,,,
86997,4648,JAK1,ENSG00000162434,2022-12-19,2022-06-01,False,0.8384216785726694,0.8381168778380048,0.6957430239332997,0.9616312280956768,0.5754378187762021,0.5974827193398254,OpenTargets,,,,
105351,3453,THRB,ENSG00000151090,2023-02-28,2022-06-01,False,0.894153153049628,0.8765812401327377,0.9731543722160853,0.965319484153624,0.8929414566725143,0.8977071952358064,OpenTargets,,,,
128225,3453,THRB,ENSG00000151090,2022-04-29,2021-06-01,False,0.8857309952814653,0.8765812401327377,0.9416203204954264,0.965319484153624,0.8517150830475883,0.8977071952358064,OpenTargets,,,,
148233,222,VEGFA,ENSG00000112715,2021-09-07,2021-06-01,False,0.7619383950719619,0.7909339965168712,0.8017330159209077,0.958518137657351,0.501150069175229,0.5174066270722614,OpenTargets,,,,
98162,1526,RXFP1,ENSG00000171509,2024-06-04,2024-06-01,False,0.3928503526404563,0.423743762417183,0.3095226237898529,0.6970263129980353,0.7730530225566101,0.7721397146203258,OpenTargets,,,,
129902,654,SLC5A2,ENSG00000140675,2023-11-03,2023-06-01,False,0.8729233570227984,0.8761206382311837,0.906279766418772,0.8981779502800944,0.6750343254543526,0.6744546297766205,OpenTargets,,,,
103978,5330,OGA,ENSG00000198408,2021-09-16,2021-06-01,False,0.2346708579326918,0.4717161819662253,0.3854078112155315,0.7701685067533215,0.2504066955362267,,OpenTargets,,,,
109020,6637,F12,ENSG00000131187,2023-05-30,2022-06-01,False,0.8875172333005044,0.8664330003037732,0.9491317453487936,0.942301032159046,0.66539952836428,0.6694438056016148,OpenTargets,,,,
150204,2751,PTH1R,ENSG00000160801,2022-08-31,2022-06-01,False,0.8948300782107262,0.8948477576280992,0.9596400881510574,0.9475125104888114,0.6445682264389347,0.5945306891164875,OpenTargets,,,,
80809,4853,IGF1R,ENSG00000140443,2023-10-20,2023-06-01,False,0.8503283419363588,0.8485670410711831,0.9788670889183926,0.990486189017535,0.6495411965544151,0.6340967931610703,OpenTargets,,,,
88540,7124,C1QA,ENSG00000173372,2021-11-10,2021-06-01,False,0.7017640811274066,0.7355312757002986,0.840206887615404,0.8400419618840593,0.7318912593825376,0.7194804874264098,OpenTargets,,,,
84821,1040,NR3C1,ENSG00000113580,2022-11-21,2022-06-01,False,0.8768152883752014,0.8806897161130463,0.9125414187528218,0.8998962222070886,0.7163723530530297,0.7185176171445338,OpenTargets,,,,
82641,2143,ADCYAP1,ENSG00000141433,2021-11-11,2021-06-01,False,0.3966961298160104,0.5209059105018125,0.6314462773059049,0.8394293821036547,0.7855161754228281,0.7664293067645027,OpenTargets,,,,
84662,1921,IL23R,ENSG00000162594,2022-02-03,2021-06-01,False,0.6158197740059481,0.7366221778862095,0.7141527450440486,0.9497910314835882,0.7715478064672467,0.7471001049936713,OpenTargets,,,,
395179,2258,TYK2,ENSG00000105397,2023-02-27,2022-06-01,False,0.8580176733483137,0.8708920722947889,0.8807728137031949,0.9589884940155766,0.7275586817742639,0.7431870754279564,OpenTargets,,,,
131906,2258,TYK2,ENSG00000105397,2023-06-28,2023-06-01,False,0.8603114465528391,0.8708920722947889,0.8871407122957964,0.9589884940155766,0.7254886308649263,0.7431870754279564,OpenTargets,,,,
285854,2258,TYK2,ENSG00000105397,2023-06-28,2023-06-01,False,0.8603114465528391,0.8708920722947889,0.8871407122957964,0.9589884940155766,0.7254886308649263,0.7431870754279564,OpenTargets,,,,
516776,2258,TYK2,ENSG00000105397,2023-06-28,2023-06-01,False,0.8603114465528391,0.8708920722947889,0.8871407122957964,0.9589884940155766,0.7254886308649263,0.7431870754279564,OpenTargets,,,,
439802,2258,TYK2,ENSG00000105397,2023-06-28,2023-06-01,False,0.8603114465528391,0.8708920722947889,0.8871407122957964,0.9589884940155766,0.7254886308649263,0.7431870754279564,OpenTargets,,,,
208880,2258,TYK2,ENSG00000105397,2023-06-28,2023-06-01,False,0.8603114465528391,0.8708920722947889,0.8871407122957964,0.9589884940155766,0.7254886308649263,0.7431870754279564,OpenTargets,,,,
152003,3453,THRB,ENSG00000151090,2023-11-17,2023-06-01,False,0.8725844162523674,0.8765812401327377,0.9209076260315264,0.965319484153624,0.8581390802859122,0.8977071952358064,OpenTargets,,,,
152004,3453,THRB,ENSG00000151090,2023-11-17,2023-06-01,False,0.8725844162523674,0.8765812401327377,0.9209076260315264,0.965319484153624,0.8581390802859122,0.8977071952358064,OpenTargets,,,,
109512,3654,ADRA2A,ENSG00000150594,2022-02-08,2021-06-01,False,0.679016077687363,0.7092207372685022,0.6135842665399697,0.8079112908915261,0.932484458820543,0.9281874718700504,OpenTargets,,,,
140916,1657,SLC6A4,ENSG00000108576,2021-08-10,2021-06-01,False,0.6463855133447041,0.7497986959255991,0.6665003132351397,0.9648087968039384,0.8544509577059639,0.9556388571400812,OpenTargets,,,,
86490,2258,TYK2,ENSG00000105397,2022-09-27,2022-06-01,False,0.8580176733483137,0.8708920722947889,0.8807728137031949,0.9589884940155766,0.7275586817742639,0.7431870754279564,OpenTargets,,,,
388450,6045,KCNQ2,ENSG00000075043,2024-05-28,2023-06-01,False,0.8670854282180132,0.8715627760852935,0.935974972206806,0.944911515812778,0.9352582494398728,0.9345306404700044,OpenTargets,,,,
234502,6045,KCNQ2,ENSG00000075043,2024-05-28,2023-06-01,False,0.8670854282180132,0.8715627760852935,0.935974972206806,0.944911515812778,0.9352582494398728,0.9345306404700044,OpenTargets,,,,
80554,6045,KCNQ2,ENSG00000075043,2024-05-28,2023-06-01,False,0.8670854282180132,0.8715627760852935,0.935974972206806,0.944911515812778,0.9352582494398728,0.9345306404700044,OpenTargets,,,,
138763,1471,TNFSF13B,ENSG00000102524,2022-06-20,2022-06-01,False,0.6345254980670509,0.634614917142641,0.8685800440632881,0.9766489859675938,0.8229836681563256,0.8168946525667449,OpenTargets,,,,
80863,644,TNF,ENSG00000232810,2023-05-15,2022-06-01,False,0.736565192697087,0.7201639662646827,0.547137717850459,0.607930797611621,0.9490914216837658,0.924408470196028,OpenTargets,,,,
101898,836,NLRP3,ENSG00000162711,2023-10-16,2023-06-01,False,0.8799666224708351,0.8852033395781076,0.9657735599001224,0.9653425890080338,0.8297838022789453,0.8609445642424093,OpenTargets,,,,
109410,836,NLRP3,ENSG00000162711,2021-09-20,2021-06-01,False,0.871174249071725,0.8852033395781076,0.9547426414255462,0.9653425890080338,0.8112107650401496,0.8609445642424093,OpenTargets,,,,
101899,836,NLRP3,ENSG00000162711,2024-02-15,2023-06-01,False,0.8799666224708351,0.8852033395781076,0.9657735599001224,0.9653425890080338,0.8297838022789453,0.8609445642424093,OpenTargets,,,,
110945,1155,IL23A,ENSG00000110944,2025-07-01,2025-06-01,False,0.6672556608937575,0.6672556608937575,0.4088823506744731,0.4088823506744731,0.9061722540985108,0.9061722540985108,OpenTargets,,,,
94029,211,GLP1R,ENSG00000112164,2024-02-15,2023-06-01,False,0.7515334416386521,0.766293002024608,0.8244672691086181,0.9621805353741036,0.935423776622918,0.9226156270360436,OpenTargets,,,,
107527,24,LPA,ENSG00000198670,2022-11-24,2022-06-01,False,0.7240524074217036,0.7486875937027968,0.948735169730712,0.9806730749956224,0.6474829579474788,,OpenTargets,,,,
89744,261,OPRM1,ENSG00000112038,2023-10-05,2023-06-01,False,0.7445092845982552,0.758237247281118,0.8812380956896789,0.9687034009063226,0.8620506586406257,0.6990416375695365,OpenTargets,,,,
89921,2457,PIK3CD,ENSG00000171608,2023-02-13,2022-06-01,False,0.870344638507226,0.8761014156440011,0.8907242489584073,0.909717561332092,0.7970267485311358,0.8191283447586923,OpenTargets,,,,
117655,4373,HCRTR1,ENSG00000121764,2022-09-06,2022-06-01,False,0.6666154620125929,0.671850298719942,0.6286407092867863,0.715026071327771,0.630424237123251,0.7174647290712949,OpenTargets,,,,
120036,5161,PTGIR,ENSG00000160013,2021-06-01,2021-06-01,False,0.617422806212411,0.6186676638120735,0.138137685852544,0.647590309289139,0.3520696118634901,0.4162321142964814,OpenTargets,,,,
273984,5161,PTGIR,ENSG00000160013,2021-06-01,2021-06-01,False,0.617422806212411,0.6186676638120735,0.138137685852544,0.647590309289139,0.3520696118634901,0.4162321142964814,OpenTargets,,,,
147422,7213,TOP2A,ENSG00000131747,2021-06-11,2021-06-01,False,0.7163543602284482,0.7207279998104469,0.3349605905227141,0.420441718165146,0.924343022879093,0.6166780467814678,OpenTargets,,,,
152861,7213,TOP2A,ENSG00000131747,2022-08-01,2022-06-01,False,0.720467564371493,0.7207279998104469,0.4259446957038419,0.420441718165146,0.8985300898280116,0.6166780467814678,OpenTargets,,,,
152303,2234,PRKAA1,ENSG00000132356,2023-09-01,2023-06-01,False,0.4171261842169325,0.5595389924178963,0.6799952997462092,0.8338416444523712,0.718663999804654,0.7202410377992581,OpenTargets,,,,
113777,211,GLP1R,ENSG00000112164,2022-03-31,2021-06-01,False,0.7454351656249673,0.766293002024608,0.7926007542169512,0.9621805353741036,0.8587245860471112,0.9226156270360436,OpenTargets,,,,
145268,7213,TOP2A,ENSG00000131747,2021-07-22,2021-06-01,False,0.7163543602284482,0.7207279998104469,0.3349605905227141,0.420441718165146,0.924343022879093,0.6166780467814678,OpenTargets,,,,
139583,5222,IL4R,ENSG00000077238,2021-06-16,2021-06-01,False,0.7457575207584556,0.7592541201260259,0.8383584967411036,0.9706134314125326,0.8015568176943565,0.8509611198084567,OpenTargets,,,,
152759,5222,IL4R,ENSG00000077238,2022-12-01,2022-06-01,False,0.7613991920722564,0.7592541201260259,0.8762311141269916,0.9706134314125326,0.8567605105885441,0.8509611198084567,OpenTargets,,,,
127640,727,INSR,ENSG00000171105,2022-08-12,2022-06-01,False,0.9177843403454912,0.9147837053381724,0.970554549868358,0.9651696173810844,0.9588064179672086,0.9558985973592498,OpenTargets,,,,
101109,2268,HSD11B1,ENSG00000117594,2022-02-22,2021-06-01,False,0.6792538865053729,0.6911535263048229,0.66475371706185,0.6805574364495579,0.8601782387192238,0.7956074109244968,OpenTargets,,,,
141515,1432,LAG3,ENSG00000089692,2022-01-14,2021-06-01,False,0.2921347641369796,0.5500841308086958,0.4729635889154894,0.8887427409100442,0.464084119075025,0.510997218486055,OpenTargets,,,,
141516,1931,HAVCR2,ENSG00000135077,2022-01-14,2021-06-01,False,0.6703983489786162,0.7150069919072968,0.792198620098572,0.9288729536998314,0.5576178214884754,0.6045431193577776,OpenTargets,,,,
79818,4648,JAK1,ENSG00000162434,2023-11-16,2023-06-01,False,0.842872505835889,0.8381168778380048,0.7538059596074357,0.9616312280956768,0.5895498739480347,0.5974827193398254,OpenTargets,,,,
80294,211,GLP1R,ENSG00000112164,2023-01-18,2022-06-01,False,0.7493611887672467,0.766293002024608,0.8067088062469737,0.9621805353741036,0.9487154078870248,0.9226156270360436,OpenTargets,,,,
80293,211,GLP1R,ENSG00000112164,2023-01-18,2022-06-01,False,0.7493611887672467,0.766293002024608,0.8067088062469737,0.9621805353741036,0.9487154078870248,0.9226156270360436,OpenTargets,,,,
92937,362,GABRA5,ENSG00000186297,2022-05-13,2021-06-01,False,0.8305333953871084,0.7916072855940861,0.7909624504340077,0.8322148393910379,0.6390403573487934,0.5756166004829016,OpenTargets,,,,
78475,14,CACNA1C,ENSG00000151067,2025-04-28,2024-06-01,False,0.8868950312213859,0.903758817571329,0.9478300720367636,0.9354778370600204,0.7799967025201658,0.7796848481835057,OpenTargets,,,,
117192,3532,MAPKAPK2,ENSG00000162889,2021-12-29,2021-06-01,False,0.3743398846075527,0.6656896330888428,0.6102196494751434,0.8536350328128414,0.6903414802123896,0.6792355079481047,OpenTargets,,,,
82174,18805,FCGRT,ENSG00000104870,2023-02-21,2022-06-01,False,0.6977561166707019,0.7360452135350355,0.9171509165938164,0.9669457276233446,0.6273705251312562,0.6193644803933406,OpenTargets,,,,
82182,1657,SLC6A4,ENSG00000108576,2022-09-12,2022-06-01,False,0.700805676942461,0.7497986959255991,0.6661799549264386,0.9648087968039384,0.9074896665994928,0.9556388571400812,OpenTargets,,,,
82193,3305,TGFBR1,ENSG00000106799,2023-08-01,2023-06-01,False,0.8692184405390194,0.883194929333707,0.939269778866374,0.9418046575178848,0.6255720018488801,0.6184021330950268,OpenTargets,,,,
108681,1419,PDCD1,ENSG00000188389,2022-03-24,2021-06-01,False,0.6955501924865828,0.7251920723799639,0.607930797611621,0.751057115284062,0.7225052460068032,0.7833366779801975,OpenTargets,,,,
143083,3634,PROC,ENSG00000115718,2024-07-11,2024-06-01,False,0.8662640307409563,0.881730229596551,0.9693077415302126,0.9567581614505156,0.4781747547032306,0.4716418342093491,OpenTargets,,,,
85147,367,GABRA1,ENSG00000022355,2021-11-15,2021-06-01,False,0.8883394379762203,0.8925906924076215,0.8908941810194392,0.9087221766745914,0.9740427156367296,0.9471559198569832,OpenTargets,,,,
88288,4648,JAK1,ENSG00000162434,2022-07-16,2022-06-01,False,0.8384216785726694,0.8381168778380048,0.6957430239332997,0.9616312280956768,0.5754378187762021,0.5974827193398254,OpenTargets,,,,
150339,1382,IL1A,ENSG00000115008,2023-12-01,2023-06-01,False,0.426304803545337,0.5779976809649541,0.6086968566965647,0.9224806148213864,0.7058815074804129,0.6350766493664057,OpenTargets,,,,
150340,1382,IL1A,ENSG00000115008,2023-12-01,2023-06-01,False,0.426304803545337,0.5779976809649541,0.6086968566965647,0.9224806148213864,0.7058815074804129,0.6350766493664057,OpenTargets,,,,
117656,4373,HCRTR1,ENSG00000121764,2022-09-06,2022-06-01,False,0.6666154620125929,0.671850298719942,0.6286407092867863,0.715026071327771,0.630424237123251,0.7174647290712949,OpenTargets,,,,
127485,7299,PTGFR,ENSG00000122420,2022-08-09,2022-06-01,False,0.648994247617556,0.6818805320506476,0.7614922751407073,0.9059726042294812,0.4856607159419838,0.5987261680658833,OpenTargets,,,,
121727,3301,HTR2A,ENSG00000102468,2023-09-14,2023-06-01,False,0.7261604628470744,0.7416120264067203,0.7546234224242536,0.8480775584748518,0.9279073244618976,0.8809359035745861,OpenTargets,,,,
149418,5590,SCN10A,ENSG00000185313,2025-01-27,2024-06-01,False,0.8393011335250654,0.8517717279374452,0.8212714802262409,0.940668996208898,0.4601009805460194,0.4594295073581791,OpenTargets,,,,
149417,5590,SCN10A,ENSG00000185313,2025-01-27,2024-06-01,False,0.8393011335250654,0.8517717279374452,0.8212714802262409,0.940668996208898,0.4601009805460194,0.4594295073581791,OpenTargets,,,,
149416,5590,SCN10A,ENSG00000185313,2025-01-27,2024-06-01,False,0.8393011335250654,0.8517717279374452,0.8212714802262409,0.940668996208898,0.4601009805460194,0.4594295073581791,OpenTargets,,,,
100483,5590,SCN10A,ENSG00000185313,2023-03-13,2022-06-01,False,0.8503059185033025,0.8517717279374452,0.8468879251236688,0.940668996208898,0.4219269816515335,0.4594295073581791,OpenTargets,,,,
149419,5590,SCN10A,ENSG00000185313,2025-01-27,2024-06-01,False,0.8393011335250654,0.8517717279374452,0.8212714802262409,0.940668996208898,0.4601009805460194,0.4594295073581791,OpenTargets,,,,
141261,1402,TYMS,ENSG00000176890,2021-11-15,2021-06-01,False,0.7246786213886335,0.8492268345065775,0.5398366510955935,0.900731682444979,,,OpenTargets,,,,
78348,2646,S1PR1,ENSG00000170989,2021-09-29,2021-06-01,False,0.6957103918072364,0.6794701971529291,0.8178225265829893,0.9494610991959112,0.6969114459117647,0.706381291046526,OpenTargets,,,,
79865,3571,NR1H4,ENSG00000012504,2021-10-09,2021-06-01,False,0.8004708314843003,0.8165658137952422,0.8524114085462315,0.967847976310324,0.7262895707108705,0.7667955752600345,OpenTargets,,,,
102551,18,PTGS2,ENSG00000073756,2022-03-31,2021-06-01,False,0.6881816283029255,0.7251867740435501,0.4095220597594818,0.9254281373752976,0.7179671895631854,0.7035827300554949,OpenTargets,,,,
102550,18,PTGS2,ENSG00000073756,2022-03-31,2021-06-01,False,0.6881816283029255,0.7251867740435501,0.4095220597594818,0.9254281373752976,0.7179671895631854,0.7035827300554949,OpenTargets,,,,
102549,18,PTGS2,ENSG00000073756,2022-03-31,2021-06-01,False,0.6881816283029255,0.7251867740435501,0.4095220597594818,0.9254281373752976,0.7179671895631854,0.7035827300554949,OpenTargets,,,,
389656,1390,PTGER2,ENSG00000125384,2023-08-31,2023-06-01,False,0.6079573797217933,0.6125058379868011,0.2941017560777592,0.6129590599963305,0.960872676474556,0.9713636556880036,OpenTargets,,,,
235708,1390,PTGER2,ENSG00000125384,2023-08-31,2023-06-01,False,0.6079573797217933,0.6125058379868011,0.2941017560777592,0.6129590599963305,0.960872676474556,0.9713636556880036,OpenTargets,,,,
81760,1390,PTGER2,ENSG00000125384,2023-08-31,2023-06-01,False,0.6079573797217933,0.6125058379868011,0.2941017560777592,0.6129590599963305,0.960872676474556,0.9713636556880036,OpenTargets,,,,
99217,211,GLP1R,ENSG00000112164,2024-11-20,2024-06-01,False,0.7519390916658425,0.766293002024608,0.8244672690770682,0.9621805353741036,0.9277133976163852,0.9226156270360436,OpenTargets,,,,
82165,211,GLP1R,ENSG00000112164,2024-06-21,2024-06-01,False,0.7519390916658425,0.766293002024608,0.8244672690770682,0.9621805353741036,0.9277133976163852,0.9226156270360436,OpenTargets,,,,
119586,211,GLP1R,ENSG00000112164,2024-05-17,2023-06-01,False,0.7515334416386521,0.766293002024608,0.8244672691086181,0.9621805353741036,0.935423776622918,0.9226156270360436,OpenTargets,,,,
143704,3,GUCY1A1,ENSG00000164116,2022-06-28,2022-06-01,False,0.8172538862342363,0.8284182295505612,0.8235263160202198,0.8624564398518483,0.5861395525390843,0.6423531786074687,OpenTargets,,,,
143703,3,GUCY1A1,ENSG00000164116,2022-06-28,2022-06-01,False,0.8172538862342363,0.8284182295505612,0.8235263160202198,0.8624564398518483,0.5861395525390843,0.6423531786074687,OpenTargets,,,,
84350,261,OPRM1,ENSG00000112038,2022-06-08,2022-06-01,False,0.7447894384808472,0.758237247281118,0.8720448031235721,0.9687034009063226,0.714857219694638,0.6990416375695365,OpenTargets,,,,
86142,654,SLC5A2,ENSG00000140675,2022-11-14,2022-06-01,False,0.8709058652603328,0.8761206382311837,0.9032805339611232,0.8981779502800944,0.6747616610914996,0.6744546297766205,OpenTargets,,,,
87895,1040,NR3C1,ENSG00000113580,2022-12-30,2022-06-01,False,0.8768152883752014,0.8806897161130463,0.9125414187528218,0.8998962222070886,0.7163723530530297,0.7185176171445338,OpenTargets,,,,
87894,1040,NR3C1,ENSG00000113580,2022-12-30,2022-06-01,False,0.8768152883752014,0.8806897161130463,0.9125414187528218,0.8998962222070886,0.7163723530530297,0.7185176171445338,OpenTargets,,,,
129620,2285,C5AR1,ENSG00000197405,2022-10-21,2022-06-01,False,0.550804151399954,0.5746153426082655,0.1253768180993598,0.4751891948963289,0.7105009862990708,0.6956217216914147,OpenTargets,,,,
197010,5161,PTGIR,ENSG00000160013,2021-06-01,2021-06-01,False,0.617422806212411,0.6186676638120735,0.138137685852544,0.647590309289139,0.3520696118634901,0.4162321142964814,OpenTargets,,,,
105295,7213,TOP2A,ENSG00000131747,2022-11-28,2022-06-01,False,0.720467564371493,0.7207279998104469,0.4259446957038419,0.420441718165146,0.8985300898280116,0.6166780467814678,OpenTargets,,,,
136923,1255,TNFSF4,ENSG00000117586,2023-06-21,2023-06-01,False,0.6111726597067221,0.7154904296180287,0.7740174274762566,0.9256560927354504,0.7976952681439388,0.8730283243168154,OpenTargets,,,,
94520,19453,IL11RA,ENSG00000137070,2024-03-05,2023-06-01,False,0.7879214154254744,0.8078669907972607,0.8784996336930266,0.8750909393065295,0.9538325738868438,0.9650813470463308,OpenTargets,,,,
94521,19453,IL11RA,ENSG00000137070,2024-03-05,2023-06-01,False,0.7879214154254744,0.8078669907972607,0.8784996336930266,0.8750909393065295,0.9538325738868438,0.9650813470463308,OpenTargets,,,,
94519,19453,IL11RA,ENSG00000137070,2024-03-05,2023-06-01,False,0.7879214154254744,0.8078669907972607,0.8784996336930266,0.8750909393065295,0.9538325738868438,0.9650813470463308,OpenTargets,,,,
94518,19453,IL11RA,ENSG00000137070,2024-03-05,2023-06-01,False,0.7879214154254744,0.8078669907972607,0.8784996336930266,0.8750909393065295,0.9538325738868438,0.9650813470463308,OpenTargets,,,,
94517,19453,IL11RA,ENSG00000137070,2024-03-05,2023-06-01,False,0.7879214154254744,0.8078669907972607,0.8784996336930266,0.8750909393065295,0.9538325738868438,0.9650813470463308,OpenTargets,,,,
94516,19453,IL11RA,ENSG00000137070,2024-03-05,2023-06-01,False,0.7879214154254744,0.8078669907972607,0.8784996336930266,0.8750909393065295,0.9538325738868438,0.9650813470463308,OpenTargets,,,,
94515,19453,IL11RA,ENSG00000137070,2024-03-05,2023-06-01,False,0.7879214154254744,0.8078669907972607,0.8784996336930266,0.8750909393065295,0.9538325738868438,0.9650813470463308,OpenTargets,,,,
94514,19453,IL11RA,ENSG00000137070,2024-03-05,2023-06-01,False,0.7879214154254744,0.8078669907972607,0.8784996336930266,0.8750909393065295,0.9538325738868438,0.9650813470463308,OpenTargets,,,,
98107,6086,SCN9A,ENSG00000169432,2022-06-13,2022-06-01,False,0.9061306323994588,0.8985332452007359,0.9766821637887422,0.9492203569138978,0.8738519891538689,0.5992103680592143,OpenTargets,,,,
141060,6086,SCN9A,ENSG00000169432,2024-08-20,2024-06-01,False,0.8926023959115246,0.8985332452007359,0.9502027569212118,0.9492203569138978,0.8387862470421993,0.5992103680592143,OpenTargets,,,,
136761,7213,TOP2A,ENSG00000131747,2022-01-10,2021-06-01,False,0.7163543602284482,0.7207279998104469,0.3349605905227141,0.420441718165146,0.924343022879093,0.6166780467814678,OpenTargets,,,,
136759,7213,TOP2A,ENSG00000131747,2022-01-10,2021-06-01,False,0.7163543602284482,0.7207279998104469,0.3349605905227141,0.420441718165146,0.924343022879093,0.6166780467814678,OpenTargets,,,,
107395,7213,TOP2A,ENSG00000131747,2023-02-01,2022-06-01,False,0.720467564371493,0.7207279998104469,0.4259446957038419,0.420441718165146,0.8985300898280116,0.6166780467814678,OpenTargets,,,,
136760,7213,TOP2A,ENSG00000131747,2022-01-10,2021-06-01,False,0.7163543602284482,0.7207279998104469,0.3349605905227141,0.420441718165146,0.924343022879093,0.6166780467814678,OpenTargets,,,,
116973,727,INSR,ENSG00000171105,2022-08-11,2022-06-01,False,0.9177843403454912,0.9147837053381724,0.970554549868358,0.9651696173810844,0.9588064179672086,0.9558985973592498,OpenTargets,,,,
105427,727,INSR,ENSG00000171105,2022-03-08,2021-06-01,False,0.9129056892045674,0.9147837053381724,0.9586482540564376,0.9651696173810844,0.9380412192914854,0.9558985973592498,OpenTargets,,,,
105428,727,INSR,ENSG00000171105,2023-01-14,2022-06-01,False,0.9177843403454912,0.9147837053381724,0.970554549868358,0.9651696173810844,0.9588064179672086,0.9558985973592498,OpenTargets,,,,
118943,727,INSR,ENSG00000171105,2022-06-03,2022-06-01,False,0.9177843403454912,0.9147837053381724,0.970554549868358,0.9651696173810844,0.9588064179672086,0.9558985973592498,OpenTargets,,,,
136721,1420,CFD,ENSG00000197766,2022-02-18,2021-06-01,False,0.700876338822632,0.7646245773242832,0.7882934859566882,0.9454955510479032,0.7334397610615159,0.7293907704377017,OpenTargets,,,,
136720,1420,CFD,ENSG00000197766,2022-02-18,2021-06-01,False,0.700876338822632,0.7646245773242832,0.7882934859566882,0.9454955510479032,0.7334397610615159,0.7293907704377017,OpenTargets,,,,
136722,1420,CFD,ENSG00000197766,2022-02-18,2021-06-01,False,0.700876338822632,0.7646245773242832,0.7882934859566882,0.9454955510479032,0.7334397610615159,0.7293907704377017,OpenTargets,,,,
138696,1420,CFD,ENSG00000197766,2021-12-06,2021-06-01,False,0.700876338822632,0.7646245773242832,0.7882934859566882,0.9454955510479032,0.7334397610615159,0.7293907704377017,OpenTargets,,,,
114706,261,OPRM1,ENSG00000112038,2023-12-26,2023-06-01,False,0.7445092845982552,0.758237247281118,0.8812380956896789,0.9687034009063226,0.8620506586406257,0.6990416375695365,OpenTargets,,,,
77325,213,VWF,ENSG00000110799,2021-09-22,2021-06-01,False,0.9087193274446056,0.9211260548223464,0.962854015898427,0.975975134253904,0.8286892964731843,0.9820891183585472,OpenTargets,,,,
129810,137,PPARA,ENSG00000186951,2021-08-18,2021-06-01,False,0.6405936668798521,0.6835610196826982,0.7266336225870943,0.8880995779613514,0.780122109835786,0.7626571204442231,OpenTargets,,,,
140568,3581,MYH7,ENSG00000092054,2023-01-18,2022-06-01,False,0.9190247366807656,0.9282300241404996,0.9813067645022172,0.9804418827425656,0.660225868775055,0.6615410903770508,OpenTargets,,,,
116976,727,INSR,ENSG00000171105,2022-08-11,2022-06-01,False,0.9177843403454912,0.9147837053381724,0.970554549868358,0.9651696173810844,0.9588064179672086,0.9558985973592498,OpenTargets,,,,
116975,727,INSR,ENSG00000171105,2022-08-11,2022-06-01,False,0.9177843403454912,0.9147837053381724,0.970554549868358,0.9651696173810844,0.9588064179672086,0.9558985973592498,OpenTargets,,,,
146822,3532,MAPKAPK2,ENSG00000162889,2022-07-12,2022-06-01,False,0.3800975914997012,0.6656896330888428,0.6221920220398572,0.8536350328128414,0.6986260090612273,0.6792355079481047,OpenTargets,,,,
92438,5203,CDK4,ENSG00000135446,2024-07-11,2024-06-01,False,0.9054340979733404,0.8983858781748305,0.870818273234733,0.8669622694838875,0.8261222346812318,0.8220277992452887,OpenTargets,,,,
148087,18805,FCGRT,ENSG00000104870,2023-02-20,2022-06-01,False,0.6977561166707019,0.7360452135350355,0.9171509165938164,0.9669457276233446,0.6273705251312562,0.6193644803933406,OpenTargets,,,,
136438,3634,PROC,ENSG00000115718,2023-07-28,2023-06-01,False,0.8580272485136119,0.881730229596551,0.9746646238030688,0.9567581614505156,0.4806489163433265,0.4716418342093491,OpenTargets,,,,
88755,3789,SLC6A2,ENSG00000103546,2021-07-31,2021-06-01,False,0.7622077611824366,0.7964501944782989,0.6965585992638361,0.8534160942616578,0.7736883770526404,0.7445986844201898,OpenTargets,,,,
119055,3384,P2RX7,ENSG00000089041,2022-11-22,2022-06-01,False,0.3922878072213575,0.6176415056441605,0.5385620470464546,0.8645712800893289,0.9885544586011592,0.9520904875027416,OpenTargets,,,,
148076,6005,MEN1,ENSG00000133895,2023-12-28,2023-06-01,False,0.9229310511874732,0.9220235836545794,0.964103706715147,0.9622229539536344,0.8739521594731611,0.8698357518890156,OpenTargets,,,,
86697,1300,KDR,ENSG00000128052,2024-01-15,2023-06-01,False,0.8901668765960303,0.8945934026289059,0.8711665601972968,0.952044224485773,,,OpenTargets,,,,
122649,211,GLP1R,ENSG00000112164,2021-08-02,2021-06-01,False,0.7454351656249673,0.766293002024608,0.7926007542169512,0.9621805353741036,0.8587245860471112,0.9226156270360436,OpenTargets,,,,
124182,5196,CHRM2,ENSG00000181072,2023-06-25,2023-06-01,False,0.7605016155552989,0.7286662303672189,0.8302540705882367,0.9450204819374404,,0.2863961987548347,OpenTargets,,,,
90324,1040,NR3C1,ENSG00000113580,2022-01-06,2021-06-01,False,0.8625625016702195,0.8806897161130463,0.8983815050706397,0.8998962222070886,0.7102183694352027,0.7185176171445338,OpenTargets,,,,
92672,1223,KLKB1,ENSG00000164344,2022-02-22,2021-06-01,False,0.8208689221613896,0.8214370918043444,0.8360754150140374,0.9544807679291896,0.6273270499654316,0.7016719596698189,OpenTargets,,,,
114595,4692,HRH1,ENSG00000196639,2023-01-23,2022-06-01,False,0.67585345650719,0.6849630667857145,0.8022058883845333,0.7366214079923138,0.9235217198831656,0.9141585481867356,OpenTargets,,,,
102296,3301,HTR2A,ENSG00000102468,2023-05-30,2022-06-01,False,0.6915075395837313,0.7416120264067203,0.7223552591368094,0.8480775584748518,0.8822004572814248,0.8809359035745861,OpenTargets,,,,
98508,353,F11,ENSG00000088926,2023-05-24,2022-06-01,False,0.875702529721202,0.8848965037378906,0.9494324195549112,0.9663940514070192,0.7461547793902839,0.7737206524146977,OpenTargets,,,,
105057,2258,TYK2,ENSG00000105397,2024-07-25,2024-06-01,False,0.865154397398511,0.8708920722947889,0.8930736345826491,0.9589884940155766,0.7497818157303062,0.7431870754279564,OpenTargets,,,,
84511,1040,NR3C1,ENSG00000113580,2021-11-23,2021-06-01,False,0.8625625016702195,0.8806897161130463,0.8983815050706397,0.8998962222070886,0.7102183694352027,0.7185176171445338,OpenTargets,,,,
94678,20944,MSLN,ENSG00000102854,2024-01-19,2023-06-01,False,0.3170176391497555,0.3945096643594519,0.5179608377786278,0.6441498921475127,,,OpenTargets,,,,
94679,20944,MSLN,ENSG00000102854,2024-01-19,2023-06-01,False,0.3170176391497555,0.3945096643594519,0.5179608377786278,0.6441498921475127,,,OpenTargets,,,,
94680,20944,MSLN,ENSG00000102854,2024-01-19,2023-06-01,False,0.3170176391497555,0.3945096643594519,0.5179608377786278,0.6441498921475127,,,OpenTargets,,,,
81093,18,PTGS2,ENSG00000073756,2023-12-29,2023-06-01,False,0.6894866153364114,0.7251867740435501,0.497730300381657,0.9254281373752976,0.7015315301420932,0.7035827300554949,OpenTargets,,,,
81094,18,PTGS2,ENSG00000073756,2023-12-29,2023-06-01,False,0.6894866153364114,0.7251867740435501,0.497730300381657,0.9254281373752976,0.7015315301420932,0.7035827300554949,OpenTargets,,,,
81092,18,PTGS2,ENSG00000073756,2023-12-29,2023-06-01,False,0.6894866153364114,0.7251867740435501,0.497730300381657,0.9254281373752976,0.7015315301420932,0.7035827300554949,OpenTargets,,,,
312682,1390,PTGER2,ENSG00000125384,2023-08-31,2023-06-01,False,0.6079573797217933,0.6125058379868011,0.2941017560777592,0.6129590599963305,0.960872676474556,0.9713636556880036,OpenTargets,,,,
466630,1390,PTGER2,ENSG00000125384,2023-08-31,2023-06-01,False,0.6079573797217933,0.6125058379868011,0.2941017560777592,0.6129590599963305,0.960872676474556,0.9713636556880036,OpenTargets,,,,
83010,5617,MDM2,ENSG00000135679,2022-03-31,2021-06-01,False,0.7031042836094695,0.7981651828689615,0.7651546092057881,0.8610986306899201,0.9133918427310752,0.9473356613836702,OpenTargets,,,,
144943,5617,MDM2,ENSG00000135679,2022-12-13,2022-06-01,False,0.7314129632443186,0.7981651828689615,0.7569280251885626,0.8610986306899201,0.9476075505405828,0.9473356613836702,OpenTargets,,,,
144945,5617,MDM2,ENSG00000135679,2022-12-13,2022-06-01,False,0.7314129632443186,0.7981651828689615,0.7569280251885626,0.8610986306899201,0.9476075505405828,0.9473356613836702,OpenTargets,,,,
144944,5617,MDM2,ENSG00000135679,2022-12-13,2022-06-01,False,0.7314129632443186,0.7981651828689615,0.7569280251885626,0.8610986306899201,0.9476075505405828,0.9473356613836702,OpenTargets,,,,
144946,5617,MDM2,ENSG00000135679,2022-12-13,2022-06-01,False,0.7314129632443186,0.7981651828689615,0.7569280251885626,0.8610986306899201,0.9476075505405828,0.9473356613836702,OpenTargets,,,,
144947,5617,MDM2,ENSG00000135679,2022-12-13,2022-06-01,False,0.7314129632443186,0.7981651828689615,0.7569280251885626,0.8610986306899201,0.9476075505405828,0.9473356613836702,OpenTargets,,,,
126335,2936,KIT,ENSG00000157404,2022-05-19,2021-06-01,False,0.931340625952492,0.935895143204392,0.9453986741367008,0.9771710034504724,0.994134904361188,0.9960203809835184,OpenTargets,,,,
103706,2936,KIT,ENSG00000157404,2023-06-01,2023-06-01,False,0.9389912188934406,0.935895143204392,0.9574385715421307,0.9771710034504724,0.9954088559448964,0.9960203809835184,OpenTargets,,,,
83153,2936,KIT,ENSG00000157404,2022-06-28,2022-06-01,False,0.938479037941252,0.935895143204392,0.969257305533908,0.9771710034504724,0.9945410588476392,0.9960203809835184,OpenTargets,,,,
109363,1822,SNAP25,ENSG00000132639,2022-02-15,2021-06-01,False,0.8203972952440549,0.7576891104643566,0.7239526672729959,0.8158786229599959,0.8239833583721151,0.8875300789913242,OpenTargets,,,,
88611,7000,MIR132,ENSG00000267200,2022-07-07,2022-06-01,False,0.0,0.0084798044435989,0.0,,0.0,,OpenTargets,,,,
88610,7000,MIR132,ENSG00000267200,2022-07-07,2022-06-01,False,0.0,0.0084798044435989,0.0,,0.0,,OpenTargets,,,,
129845,2998,SESN2,ENSG00000130766,2024-02-15,2023-06-01,False,0.3277791970402492,0.5522409443769737,0.4286826893527623,0.9049209399722772,0.4637755000956768,0.5049221166796929,OpenTargets,,,,
141191,7213,TOP2A,ENSG00000131747,2021-11-24,2021-06-01,False,0.7163543602284482,0.7207279998104469,0.3349605905227141,0.420441718165146,0.924343022879093,0.6166780467814678,OpenTargets,,,,
130909,5634,CHRM1,ENSG00000168539,2024-10-28,2024-06-01,False,0.7648522230585119,0.7719801640796188,0.4418436095398263,0.7278134326885871,0.8144132771588127,0.8887141496711785,OpenTargets,,,,
138622,1040,NR3C1,ENSG00000113580,2022-12-22,2022-06-01,False,0.8768152883752014,0.8806897161130463,0.9125414187528218,0.8998962222070886,0.7163723530530297,0.7185176171445338,OpenTargets,,,,
138624,1040,NR3C1,ENSG00000113580,2022-12-22,2022-06-01,False,0.8768152883752014,0.8806897161130463,0.9125414187528218,0.8998962222070886,0.7163723530530297,0.7185176171445338,OpenTargets,,,,
138623,1040,NR3C1,ENSG00000113580,2022-12-22,2022-06-01,False,0.8768152883752014,0.8806897161130463,0.9125414187528218,0.8998962222070886,0.7163723530530297,0.7185176171445338,OpenTargets,,,,
104936,5260,IFNAR1,ENSG00000142166,2021-07-11,2021-06-01,False,0.7126121241909344,0.7867863246161056,0.4703597681579836,0.8073243208628655,0.7638651990935202,0.8342656006523216,OpenTargets,,,,
150263,3529,FASN,ENSG00000169710,2025-03-01,2024-06-01,False,0.43593545952166,0.4509273801116651,0.6173874989078019,0.5542935965704612,,,OpenTargets,,,,
150262,3529,FASN,ENSG00000169710,2025-03-01,2024-06-01,False,0.43593545952166,0.4509273801116651,0.6173874989078019,0.5542935965704612,,,OpenTargets,,,,
146229,2258,TYK2,ENSG00000105397,2023-06-14,2023-06-01,False,0.8603114465528391,0.8708920722947889,0.8871407122957964,0.9589884940155766,0.7254886308649263,0.7431870754279564,OpenTargets,,,,
146231,2258,TYK2,ENSG00000105397,2023-06-14,2023-06-01,False,0.8603114465528391,0.8708920722947889,0.8871407122957964,0.9589884940155766,0.7254886308649263,0.7431870754279564,OpenTargets,,,,
146230,2258,TYK2,ENSG00000105397,2023-06-14,2023-06-01,False,0.8603114465528391,0.8708920722947889,0.8871407122957964,0.9589884940155766,0.7254886308649263,0.7431870754279564,OpenTargets,,,,
87214,2069,BTK,ENSG00000010671,2023-07-25,2023-06-01,False,0.914297925720107,0.9122260834513264,0.9631558073252524,0.953277683694434,0.8099676913071499,0.8088626493883266,OpenTargets,,,,
95678,1419,PDCD1,ENSG00000188389,2022-06-30,2022-06-01,False,0.7086087325482087,0.7251920723799639,0.607930797611621,0.751057115284062,0.7774609787057756,0.7833366779801975,OpenTargets,,,,
157528,6045,KCNQ2,ENSG00000075043,2024-05-28,2023-06-01,False,0.8670854282180132,0.8715627760852935,0.935974972206806,0.944911515812778,0.9352582494398728,0.9345306404700044,OpenTargets,,,,
312625,6045,KCNQ2,ENSG00000075043,2024-05-28,2023-06-01,False,0.8670854282180132,0.8715627760852935,0.935974972206806,0.944911515812778,0.9352582494398728,0.9345306404700044,OpenTargets,,,,
158677,6045,KCNQ2,ENSG00000075043,2024-05-28,2023-06-01,False,0.8670854282180132,0.8715627760852935,0.935974972206806,0.944911515812778,0.9352582494398728,0.9345306404700044,OpenTargets,,,,
311476,6045,KCNQ2,ENSG00000075043,2024-05-28,2023-06-01,False,0.8670854282180132,0.8715627760852935,0.935974972206806,0.944911515812778,0.9352582494398728,0.9345306404700044,OpenTargets,,,,
466573,6045,KCNQ2,ENSG00000075043,2024-05-28,2023-06-01,False,0.8670854282180132,0.8715627760852935,0.935974972206806,0.944911515812778,0.9352582494398728,0.9345306404700044,OpenTargets,,,,
465424,6045,KCNQ2,ENSG00000075043,2024-05-28,2023-06-01,False,0.8670854282180132,0.8715627760852935,0.935974972206806,0.944911515812778,0.9352582494398728,0.9345306404700044,OpenTargets,,,,
80684,1228,IL17A,ENSG00000112115,2021-09-22,2021-06-01,False,0.6981737315426819,0.7113919947654309,0.607930797611621,0.7411924490828112,0.9600432001456236,0.9490794242863274,OpenTargets,,,,
81307,836,NLRP3,ENSG00000162711,2021-09-20,2021-06-01,False,0.871174249071725,0.8852033395781076,0.9547426414255462,0.9653425890080338,0.8112107650401496,0.8609445642424093,OpenTargets,,,,
152159,3323,CXCR2,ENSG00000180871,2022-09-13,2022-06-01,False,0.6695987284104714,0.74942926336675,0.8769333630368934,0.9725751052727004,0.7770927639282229,0.7180151076969336,OpenTargets,,,,
135551,3323,CXCR2,ENSG00000180871,2022-07-18,2022-06-01,False,0.6695987284104714,0.74942926336675,0.8769333630368934,0.9725751052727004,0.7770927639282229,0.7180151076969336,OpenTargets,,,,
142349,15,SORT1,ENSG00000134243,2021-09-02,2021-06-01,False,0.191554168692548,0.6202670321918815,0.3085105318614073,0.9801394636805356,0.4397619407223064,0.598380669083797,OpenTargets,,,,
83597,211,GLP1R,ENSG00000112164,2021-11-30,2021-06-01,False,0.7454351656249673,0.766293002024608,0.7926007542169512,0.9621805353741036,0.8587245860471112,0.9226156270360436,OpenTargets,,,,
134437,2069,BTK,ENSG00000010671,2022-10-12,2022-06-01,False,0.920773173782834,0.9122260834513264,0.973038703998328,0.953277683694434,0.8142077611018373,0.8088626493883266,OpenTargets,,,,
91157,19782,GCGR,ENSG00000215644,2024-10-01,2024-06-01,False,0.7766880860115805,0.7900053534638549,0.7392661820474802,0.787353901980677,0.6631094117600158,0.6650172887446364,OpenTargets,,,,
109701,1419,PDCD1,ENSG00000188389,2021-10-06,2021-06-01,False,0.6955501924865828,0.7251920723799639,0.607930797611621,0.751057115284062,0.7225052460068032,0.7833366779801975,OpenTargets,,,,
109702,1419,PDCD1,ENSG00000188389,2021-10-06,2021-06-01,False,0.6955501924865828,0.7251920723799639,0.607930797611621,0.751057115284062,0.7225052460068032,0.7833366779801975,OpenTargets,,,,
119187,21040,SLC6A5,ENSG00000165970,2021-07-19,2021-06-01,False,0.8061474235454008,0.8270415077098432,0.8788942311341453,0.9050605457934148,0.889392395038984,0.6532768885775586,OpenTargets,,,,
119188,21040,SLC6A5,ENSG00000165970,2021-07-19,2021-06-01,False,0.8061474235454008,0.8270415077098432,0.8788942311341453,0.9050605457934148,0.889392395038984,0.6532768885775586,OpenTargets,,,,
91415,3789,SLC6A2,ENSG00000103546,2023-08-28,2023-06-01,False,0.7770417042698453,0.7964501944782989,0.7413898967181705,0.8534160942616578,0.7432400972102,0.7445986844201898,OpenTargets,,,,
105549,3789,SLC6A2,ENSG00000103546,2021-11-29,2021-06-01,False,0.7622077611824366,0.7964501944782989,0.6965585992638361,0.8534160942616578,0.7736883770526404,0.7445986844201898,OpenTargets,,,,
350958,5161,PTGIR,ENSG00000160013,2021-06-01,2021-06-01,False,0.617422806212411,0.6186676638120735,0.138137685852544,0.647590309289139,0.3520696118634901,0.4162321142964814,OpenTargets,,,,
504906,5161,PTGIR,ENSG00000160013,2021-06-01,2021-06-01,False,0.617422806212411,0.6186676638120735,0.138137685852544,0.647590309289139,0.3520696118634901,0.4162321142964814,OpenTargets,,,,
427932,5161,PTGIR,ENSG00000160013,2021-06-01,2021-06-01,False,0.617422806212411,0.6186676638120735,0.138137685852544,0.647590309289139,0.3520696118634901,0.4162321142964814,OpenTargets,,,,
105626,5594,GNRHR,ENSG00000109163,2024-12-04,2024-06-01,False,0.813731437089211,0.858393526837563,0.8653508493031323,0.9149797011884684,0.7709790466597767,0.7706299936825873,OpenTargets,,,,
120114,222,VEGFA,ENSG00000112715,2023-02-06,2022-06-01,False,0.7667232365712933,0.7909339965168712,0.8144624940061642,0.958518137657351,0.4997884413307071,0.5174066270722614,OpenTargets,,,,
147148,872,TOP1,ENSG00000198900,2021-09-01,2021-06-01,False,0.716881127773323,0.726891277922657,0.8169964507881563,0.936933501619218,,,OpenTargets,,,,
147147,872,TOP1,ENSG00000198900,2021-09-01,2021-06-01,False,0.716881127773323,0.726891277922657,0.8169964507881563,0.936933501619218,,,OpenTargets,,,,
147146,872,TOP1,ENSG00000198900,2021-09-01,2021-06-01,False,0.716881127773323,0.726891277922657,0.8169964507881563,0.936933501619218,,,OpenTargets,,,,
147145,872,TOP1,ENSG00000198900,2021-09-01,2021-06-01,False,0.716881127773323,0.726891277922657,0.8169964507881563,0.936933501619218,,,OpenTargets,,,,
109762,18737,PORCN,ENSG00000102312,2021-11-08,2021-06-01,False,0.8198930342643063,0.8513674506554159,0.8899335155685554,0.9200170396664076,0.6933081569759684,0.6963901210290202,OpenTargets,,,,
132428,18737,PORCN,ENSG00000102312,2021-12-10,2021-06-01,False,0.8198930342643063,0.8513674506554159,0.8899335155685554,0.9200170396664076,0.6933081569759684,0.6963901210290202,OpenTargets,,,,
77821,2268,HSD11B1,ENSG00000117594,2022-09-01,2022-06-01,False,0.7039225888252986,0.6911535263048229,0.7337972862191698,0.6805574364495579,0.8671877265401307,0.7956074109244968,OpenTargets,,,,
77818,2268,HSD11B1,ENSG00000117594,2022-09-01,2022-06-01,False,0.7039225888252986,0.6911535263048229,0.7337972862191698,0.6805574364495579,0.8671877265401307,0.7956074109244968,OpenTargets,,,,
77819,2268,HSD11B1,ENSG00000117594,2022-09-01,2022-06-01,False,0.7039225888252986,0.6911535263048229,0.7337972862191698,0.6805574364495579,0.8671877265401307,0.7956074109244968,OpenTargets,,,,
77817,2268,HSD11B1,ENSG00000117594,2022-09-01,2022-06-01,False,0.7039225888252986,0.6911535263048229,0.7337972862191698,0.6805574364495579,0.8671877265401307,0.7956074109244968,OpenTargets,,,,
77816,2268,HSD11B1,ENSG00000117594,2022-09-01,2022-06-01,False,0.7039225888252986,0.6911535263048229,0.7337972862191698,0.6805574364495579,0.8671877265401307,0.7956074109244968,OpenTargets,,,,
77820,2268,HSD11B1,ENSG00000117594,2022-09-01,2022-06-01,False,0.7039225888252986,0.6911535263048229,0.7337972862191698,0.6805574364495579,0.8671877265401307,0.7956074109244968,OpenTargets,,,,
78718,1514,TSLP,ENSG00000145777,2021-09-24,2021-06-01,False,0.6148073333228261,0.7141698506314421,0.7779533550523856,0.9300657077395412,0.5766818497395378,0.6088574047596639,OpenTargets,,,,
79624,4,PCSK9,ENSG00000169174,2021-07-07,2021-06-01,False,0.868997996717946,0.8977764419471097,0.8955229536054545,0.99696634963722,0.7197362070889645,0.7152743289872691,OpenTargets,,,,
87637,1425,ENPP1,ENSG00000197594,2021-11-21,2021-06-01,False,0.8591464116511424,0.8937632660263617,0.9607225623698356,0.9603544409444974,0.6569369230253336,0.6633983357157742,OpenTargets,,,,
87638,1425,ENPP1,ENSG00000197594,2021-11-21,2021-06-01,False,0.8591464116511424,0.8937632660263617,0.9607225623698356,0.9603544409444974,0.6569369230253336,0.6633983357157742,OpenTargets,,,,
151626,1425,ENPP1,ENSG00000197594,2025-01-31,2024-06-01,False,0.8793163905692664,0.8937632660263617,0.9663772568818342,0.9603544409444974,0.641048127945514,0.6633983357157742,OpenTargets,,,,
113442,33,PDE4B,ENSG00000184588,2024-11-21,2024-06-01,False,0.7472666680695341,0.738948709624749,0.8451252744958769,0.9753436552258734,0.5284074710214902,0.524676903795558,OpenTargets,,,,
105749,18805,FCGRT,ENSG00000104870,2021-12-16,2021-06-01,False,0.3660495570170039,0.7360452135350355,0.5991600633763534,0.9669457276233446,0.5225504731610688,0.6193644803933406,OpenTargets,,,,
105748,18805,FCGRT,ENSG00000104870,2021-12-16,2021-06-01,False,0.3660495570170039,0.7360452135350355,0.5991600633763534,0.9669457276233446,0.5225504731610688,0.6193644803933406,OpenTargets,,,,
82451,1419,PDCD1,ENSG00000188389,2023-01-19,2022-06-01,False,0.7086087325482087,0.7251920723799639,0.607930797611621,0.751057115284062,0.7774609787057756,0.7833366779801975,OpenTargets,,,,
89043,4420,AURKA,ENSG00000087586,2021-12-07,2021-06-01,False,0.4187117651469043,0.6723389959286191,0.6563750401066336,0.9061681778194456,0.7070987819798104,0.6257186228430217,OpenTargets,,,,
89044,4420,AURKA,ENSG00000087586,2021-12-07,2021-06-01,False,0.4187117651469043,0.6723389959286191,0.6563750401066336,0.9061681778194456,0.7070987819798104,0.6257186228430217,OpenTargets,,,,
89045,4420,AURKA,ENSG00000087586,2021-12-07,2021-06-01,False,0.4187117651469043,0.6723389959286191,0.6563750401066336,0.9061681778194456,0.7070987819798104,0.6257186228430217,OpenTargets,,,,
89042,4420,AURKA,ENSG00000087586,2021-12-07,2021-06-01,False,0.4187117651469043,0.6723389959286191,0.6563750401066336,0.9061681778194456,0.7070987819798104,0.6257186228430217,OpenTargets,,,,
135730,4139,CCR3,ENSG00000183625,2021-08-17,2021-06-01,False,0.3556726108649277,0.6941822155087981,0.5498697180303034,0.9110083596804748,0.5127001818877626,0.5131568086062256,OpenTargets,,,,
132275,670,ESR1,ENSG00000091831,2024-01-29,2023-06-01,False,0.8906766780520893,0.8977553100712937,0.8551696458996265,0.9444054635005368,0.8735278261297232,0.8204829932275618,OpenTargets,,,,
85344,4146,PGR,ENSG00000082175,2023-12-22,2023-06-01,False,0.6894824725831442,0.7639885681906088,0.7640578891392882,0.9249270210962398,0.9395865416973462,0.9569471858936752,OpenTargets,,,,
130390,3384,P2RX7,ENSG00000089041,2022-12-08,2022-06-01,False,0.3922878072213575,0.6176415056441605,0.5385620470464546,0.8645712800893289,0.9885544586011592,0.9520904875027416,OpenTargets,,,,
87187,3384,P2RX7,ENSG00000089041,2022-11-14,2022-06-01,False,0.3922878072213575,0.6176415056441605,0.5385620470464546,0.8645712800893289,0.9885544586011592,0.9520904875027416,OpenTargets,,,,
99337,1300,KDR,ENSG00000128052,2022-09-28,2022-06-01,False,0.8848968730829412,0.8945934026289059,0.8228922762151446,0.952044224485773,,,OpenTargets,,,,
116265,111,ADRB2,ENSG00000169252,2023-08-28,2023-06-01,False,0.7469698805866298,0.7533045717154881,0.8403106640913518,0.980950826628016,0.5165956253946061,0.5483707202239093,OpenTargets,,,,
116266,111,ADRB2,ENSG00000169252,2023-08-28,2023-06-01,False,0.7469698805866298,0.7533045717154881,0.8403106640913518,0.980950826628016,0.5165956253946061,0.5483707202239093,OpenTargets,,,,
87599,1514,TSLP,ENSG00000145777,2021-12-16,2021-06-01,False,0.6148073333228261,0.7141698506314421,0.7779533550523856,0.9300657077395412,0.5766818497395378,0.6088574047596639,OpenTargets,,,,
89032,1657,SLC6A4,ENSG00000108576,2023-03-01,2022-06-01,False,0.700805676942461,0.7497986959255991,0.6661799549264386,0.9648087968039384,0.9074896665994928,0.9556388571400812,OpenTargets,,,,
132547,1040,NR3C1,ENSG00000113580,2023-05-11,2022-06-01,False,0.8768152883752014,0.8806897161130463,0.9125414187528218,0.8998962222070886,0.7163723530530297,0.7185176171445338,OpenTargets,,,,
132548,1040,NR3C1,ENSG00000113580,2023-05-11,2022-06-01,False,0.8768152883752014,0.8806897161130463,0.9125414187528218,0.8998962222070886,0.7163723530530297,0.7185176171445338,OpenTargets,,,,
146376,3625,MET,ENSG00000105976,2022-01-20,2021-06-01,False,0.9152837229449808,0.9263355038575548,0.8897214355635792,0.9359640575750372,0.8594212539341671,0.8644710072048432,OpenTargets,,,,
146377,3625,MET,ENSG00000105976,2022-01-20,2021-06-01,False,0.9152837229449808,0.9263355038575548,0.8897214355635792,0.9359640575750372,0.8594212539341671,0.8644710072048432,OpenTargets,,,,
92071,2291,STAT3,ENSG00000168610,2023-05-15,2022-06-01,False,0.8934628871788685,0.8938221954616213,0.9473846273834916,0.944833796955076,0.4620240287915119,0.3852913412563051,OpenTargets,,,,
129046,24,LPA,ENSG00000198670,2022-10-20,2022-06-01,False,0.7240524074217036,0.7486875937027968,0.948735169730712,0.9806730749956224,0.6474829579474788,,OpenTargets,,,,
95851,6535,MUC2,ENSG00000198788,2022-08-03,2022-06-01,False,0.4654957644833977,0.4817430373875901,0.6421351723266127,0.7811063570515845,0.925032950818587,0.92395761261985,OpenTargets,,,,
113742,6535,MUC2,ENSG00000198788,2024-05-20,2023-06-01,False,0.5933175540439962,0.4817430373875901,0.5657798715027368,0.7811063570515845,0.924199140340854,0.92395761261985,OpenTargets,,,,
138055,7248,TNFRSF8,ENSG00000120949,2023-10-10,2023-06-01,False,0.6506274061785577,0.706706177089271,0.7899451659265487,0.9723555658236284,,,OpenTargets,,,,
132736,1040,NR3C1,ENSG00000113580,2022-04-01,2021-06-01,False,0.8625625016702195,0.8806897161130463,0.8983815050706397,0.8998962222070886,0.7102183694352027,0.7185176171445338,OpenTargets,,,,
132573,5623,MAP4K1,ENSG00000104814,2023-10-23,2023-06-01,False,0.2032485840010065,0.2923875877272991,0.3055983103018494,0.4794819920790773,0.7893358025476429,0.8276500628799713,OpenTargets,,,,
79472,3331,TNFSF11,ENSG00000120659,2022-08-23,2022-06-01,False,0.8402484567757474,0.8578860665089284,0.8239950950037821,0.9575437516230692,0.7603841344038074,0.7734207659403153,OpenTargets,,,,
79615,1229,MMP13,ENSG00000137745,2022-03-14,2021-06-01,False,0.8869591214573506,0.8848981913052171,0.9102781290491668,0.9088371138985992,0.7100380995827884,0.7284443613223437,OpenTargets,,,,
79675,111,ADRB2,ENSG00000169252,2023-04-03,2022-06-01,False,0.6816163310807035,0.7533045717154881,0.8391580169752378,0.980950826628016,0.4894423626689641,0.5483707202239093,OpenTargets,,,,
80596,3301,HTR2A,ENSG00000102468,2023-05-24,2022-06-01,False,0.6915075395837313,0.7416120264067203,0.7223552591368094,0.8480775584748518,0.8822004572814248,0.8809359035745861,OpenTargets,,,,
146256,3301,HTR2A,ENSG00000102468,2023-04-06,2022-06-01,False,0.6915075395837313,0.7416120264067203,0.7223552591368094,0.8480775584748518,0.8822004572814248,0.8809359035745861,OpenTargets,,,,
144415,3301,HTR2A,ENSG00000102468,2023-03-02,2022-06-01,False,0.6915075395837313,0.7416120264067203,0.7223552591368094,0.8480775584748518,0.8822004572814248,0.8809359035745861,OpenTargets,,,,
144414,3301,HTR2A,ENSG00000102468,2023-03-02,2022-06-01,False,0.6915075395837313,0.7416120264067203,0.7223552591368094,0.8480775584748518,0.8822004572814248,0.8809359035745861,OpenTargets,,,,
128610,1432,LAG3,ENSG00000089692,2023-11-08,2023-06-01,False,0.4381951497596341,0.5500841308086958,0.5262346308588634,0.8887427409100442,0.5026314961581996,0.510997218486055,OpenTargets,,,,
128611,1432,LAG3,ENSG00000089692,2023-11-08,2023-06-01,False,0.4381951497596341,0.5500841308086958,0.5262346308588634,0.8887427409100442,0.5026314961581996,0.510997218486055,OpenTargets,,,,
128612,1432,LAG3,ENSG00000089692,2023-11-08,2023-06-01,False,0.4381951497596341,0.5500841308086958,0.5262346308588634,0.8887427409100442,0.5026314961581996,0.510997218486055,OpenTargets,,,,
158734,1390,PTGER2,ENSG00000125384,2023-08-31,2023-06-01,False,0.6079573797217933,0.6125058379868011,0.2941017560777592,0.6129590599963305,0.960872676474556,0.9713636556880036,OpenTargets,,,,
143852,3,GUCY1A1,ENSG00000164116,2024-01-03,2023-06-01,False,0.8201116213130956,0.8284182295505612,0.8447770749532274,0.8624564398518483,0.6236167825337744,0.6423531786074687,OpenTargets,,,,
150568,5617,MDM2,ENSG00000135679,2024-06-27,2024-06-01,False,0.7839746621823133,0.7981651828689615,0.7537877136551521,0.8610986306899201,0.9479928030081022,0.9473356613836702,OpenTargets,,,,
150569,5617,MDM2,ENSG00000135679,2024-06-27,2024-06-01,False,0.7839746621823133,0.7981651828689615,0.7537877136551521,0.8610986306899201,0.9479928030081022,0.9473356613836702,OpenTargets,,,,
150570,5617,MDM2,ENSG00000135679,2024-06-27,2024-06-01,False,0.7839746621823133,0.7981651828689615,0.7537877136551521,0.8610986306899201,0.9479928030081022,0.9473356613836702,OpenTargets,,,,
85563,4703,AMBP,ENSG00000106927,2024-08-26,2024-06-01,False,0.4581610646711091,0.5762052730389624,0.7434573209332348,0.9457705981368232,0.7140059490356463,0.6925395341319575,OpenTargets,,,,
143880,4703,AMBP,ENSG00000106927,2022-03-31,2021-06-01,False,0.3749152120128989,0.5762052730389624,0.6000649497016564,0.9457705981368232,0.6859573282474143,0.6925395341319575,OpenTargets,,,,
99570,89,ABO,ENSG00000175164,2022-04-28,2021-06-01,False,0.4543877741748615,0.6315950801414739,0.737350766963754,0.9382769373477896,0.5931326977307934,0.5873214328132831,OpenTargets,,,,
99569,89,ABO,ENSG00000175164,2022-04-28,2021-06-01,False,0.4543877741748615,0.6315950801414739,0.737350766963754,0.9382769373477896,0.5931326977307934,0.5873214328132831,OpenTargets,,,,
101721,1161,GDF15,ENSG00000130513,2022-11-21,2022-06-01,False,0.2978797819872811,0.5878360032523766,0.4525235177312183,0.9386412807641912,0.5032189936560673,0.6352213423013231,OpenTargets,,,,
101722,1161,GDF15,ENSG00000130513,2022-11-21,2022-06-01,False,0.2978797819872811,0.5878360032523766,0.4525235177312183,0.9386412807641912,0.5032189936560673,0.6352213423013231,OpenTargets,,,,
101723,1161,GDF15,ENSG00000130513,2022-11-21,2022-06-01,False,0.2978797819872811,0.5878360032523766,0.4525235177312183,0.9386412807641912,0.5032189936560673,0.6352213423013231,OpenTargets,,,,
101724,1161,GDF15,ENSG00000130513,2022-11-21,2022-06-01,False,0.2978797819872811,0.5878360032523766,0.4525235177312183,0.9386412807641912,0.5032189936560673,0.6352213423013231,OpenTargets,,,,
101720,1161,GDF15,ENSG00000130513,2022-11-21,2022-06-01,False,0.2978797819872811,0.5878360032523766,0.4525235177312183,0.9386412807641912,0.5032189936560673,0.6352213423013231,OpenTargets,,,,
101719,1161,GDF15,ENSG00000130513,2022-11-21,2022-06-01,False,0.2978797819872811,0.5878360032523766,0.4525235177312183,0.9386412807641912,0.5032189936560673,0.6352213423013231,OpenTargets,,,,
91690,6956,MOGAT2,ENSG00000166391,2022-01-04,2021-06-01,False,0.2578640133315022,0.5571762985008103,0.4241667215159572,0.916512702909262,0.6092735803146422,0.5803482056495665,OpenTargets,,,,
93164,3301,HTR2A,ENSG00000102468,2024-09-27,2024-06-01,False,0.724716032996276,0.7416120264067203,0.7546234224178264,0.8480775584748518,0.8938403158299437,0.8809359035745861,OpenTargets,,,,
151204,1625,PDGFRB,ENSG00000113721,2021-10-14,2021-06-01,False,0.9117767264192388,0.9163371405076725,0.938472203327441,0.9459240888829498,0.6042913727410715,0.6554019342436654,OpenTargets,,,,
151203,1625,PDGFRB,ENSG00000113721,2021-10-14,2021-06-01,False,0.9117767264192388,0.9163371405076725,0.938472203327441,0.9459240888829498,0.6042913727410715,0.6554019342436654,OpenTargets,,,,
151202,1625,PDGFRB,ENSG00000113721,2021-10-14,2021-06-01,False,0.9117767264192388,0.9163371405076725,0.938472203327441,0.9459240888829498,0.6042913727410715,0.6554019342436654,OpenTargets,,,,
151205,1625,PDGFRB,ENSG00000113721,2021-10-14,2021-06-01,False,0.9117767264192388,0.9163371405076725,0.938472203327441,0.9459240888829498,0.6042913727410715,0.6554019342436654,OpenTargets,,,,
151206,1625,PDGFRB,ENSG00000113721,2021-10-14,2021-06-01,False,0.9117767264192388,0.9163371405076725,0.938472203327441,0.9459240888829498,0.6042913727410715,0.6554019342436654,OpenTargets,,,,
139383,25,ACE,ENSG00000159640,2021-09-30,2021-06-01,False,0.8479625211454929,0.8388491432323311,0.8834769605859774,0.9325691852980912,0.8618539878272259,0.8649868235346885,OpenTargets,,,,
139382,25,ACE,ENSG00000159640,2021-09-30,2021-06-01,False,0.8479625211454929,0.8388491432323311,0.8834769605859774,0.9325691852980912,0.8618539878272259,0.8649868235346885,OpenTargets,,,,
94779,6272,SV2A,ENSG00000159164,2023-06-05,2023-06-01,False,0.8155341250779032,0.7615008207698559,0.3882522539221382,0.9139547402120456,0.3169599196047589,0.3172638850035647,OpenTargets,,,,
123328,20843,GPR119,ENSG00000147262,2023-09-14,2023-06-01,False,0.2993707723962631,0.3052096207949276,0.2647876362930616,0.0801059264602493,0.5969046822852602,0.553954406136524,OpenTargets,,,,
147351,1526,RXFP1,ENSG00000171509,2023-02-03,2022-06-01,False,0.3670721768692532,0.423743762417183,0.1945378552357187,0.6970263129980353,0.7698795169038671,0.7721397146203258,OpenTargets,,,,
147352,1526,RXFP1,ENSG00000171509,2023-02-03,2022-06-01,False,0.3670721768692532,0.423743762417183,0.1945378552357187,0.6970263129980353,0.7698795169038671,0.7721397146203258,OpenTargets,,,,
137650,6779,CCR4,ENSG00000183813,2021-09-03,2021-06-01,False,0.6456509435980446,0.6894871872261658,0.4265858962435245,0.5712276336746177,0.5825033491097408,0.6773284728558028,OpenTargets,,,,
129229,5,HMGCR,ENSG00000113161,2022-08-05,2022-06-01,False,0.6918895867187668,0.8401128919596516,0.6768455289847063,0.9548748101450588,0.6200723882083704,0.6956813744430894,OpenTargets,,,,
129228,5,HMGCR,ENSG00000113161,2022-08-05,2022-06-01,False,0.6918895867187668,0.8401128919596516,0.6768455289847063,0.9548748101450588,0.6200723882083704,0.6956813744430894,OpenTargets,,,,
149167,1432,LAG3,ENSG00000089692,2023-06-15,2023-06-01,False,0.4381951497596341,0.5500841308086958,0.5262346308588634,0.8887427409100442,0.5026314961581996,0.510997218486055,OpenTargets,,,,
141804,3323,CXCR2,ENSG00000180871,2021-06-16,2021-06-01,False,0.4386899625273134,0.74942926336675,0.5145491973638864,0.9725751052727004,0.760237902105476,0.7180151076969336,OpenTargets,,,,
137666,3323,CXCR2,ENSG00000180871,2022-06-24,2022-06-01,False,0.6695987284104714,0.74942926336675,0.8769333630368934,0.9725751052727004,0.7770927639282229,0.7180151076969336,OpenTargets,,,,
141800,3323,CXCR2,ENSG00000180871,2021-06-16,2021-06-01,False,0.4386899625273134,0.74942926336675,0.5145491973638864,0.9725751052727004,0.760237902105476,0.7180151076969336,OpenTargets,,,,
141801,3323,CXCR2,ENSG00000180871,2021-06-16,2021-06-01,False,0.4386899625273134,0.74942926336675,0.5145491973638864,0.9725751052727004,0.760237902105476,0.7180151076969336,OpenTargets,,,,
141802,3323,CXCR2,ENSG00000180871,2021-06-16,2021-06-01,False,0.4386899625273134,0.74942926336675,0.5145491973638864,0.9725751052727004,0.760237902105476,0.7180151076969336,OpenTargets,,,,
141803,3323,CXCR2,ENSG00000180871,2021-06-16,2021-06-01,False,0.4386899625273134,0.74942926336675,0.5145491973638864,0.9725751052727004,0.760237902105476,0.7180151076969336,OpenTargets,,,,
104817,17256,HCRTR2,ENSG00000137252,2022-03-10,2021-06-01,False,0.6693323455220767,0.6743807737629257,0.8601179972729678,0.9539609179769932,0.8231036715507154,0.8458857191969595,OpenTargets,,,,
108571,4465,CSF1R,ENSG00000182578,2021-09-16,2021-06-01,False,0.8727098834822525,0.8950117355217893,0.9327969558028272,0.9689515919621352,0.6306873701101202,0.8730111125879827,OpenTargets,,,,
108572,4465,CSF1R,ENSG00000182578,2021-09-16,2021-06-01,False,0.8727098834822525,0.8950117355217893,0.9327969558028272,0.9689515919621352,0.6306873701101202,0.8730111125879827,OpenTargets,,,,
149354,4465,CSF1R,ENSG00000182578,2021-09-16,2021-06-01,False,0.8727098834822525,0.8950117355217893,0.9327969558028272,0.9689515919621352,0.6306873701101202,0.8730111125879827,OpenTargets,,,,
152472,3625,MET,ENSG00000105976,2022-11-27,2022-06-01,False,0.9202063009087385,0.9263355038575548,0.907731989849496,0.9359640575750372,0.8655035873133002,0.8644710072048432,OpenTargets,,,,
129520,5582,LRRK2,ENSG00000188906,2022-04-19,2021-06-01,False,0.8614642292305765,0.8871037701994399,0.9447019402049424,0.942633871325337,0.6816899774363975,0.6678338496781059,OpenTargets,,,,
150901,18,PTGS2,ENSG00000073756,2023-02-01,2022-06-01,False,0.6893370241728909,0.7251867740435501,0.4814209034528139,0.9254281373752976,0.7868525204715521,0.7035827300554949,OpenTargets,,,,
143348,718,CNR1,ENSG00000118432,2021-08-16,2021-06-01,False,0.6442254627665753,0.6808788716524224,0.4948643698884062,0.7986032215984985,0.92141649415934,0.6659907725761757,OpenTargets,,,,
113838,17630,THRA,ENSG00000126351,2023-05-15,2022-06-01,False,0.873914292108193,0.8067778788931664,0.9169229246654698,0.8897742701710087,0.8084261618734715,0.7270357657638117,OpenTargets,,,,
117764,3830,IL3RA,ENSG00000185291,2023-03-20,2022-06-01,False,0.5736632071187131,0.6084211274457706,,0.7571992123579916,,,OpenTargets,,,,
115644,3830,IL3RA,ENSG00000185291,2022-06-14,2022-06-01,False,0.5736632071187131,0.6084211274457706,,0.7571992123579916,,,OpenTargets,,,,
117762,3830,IL3RA,ENSG00000185291,2023-03-20,2022-06-01,False,0.5736632071187131,0.6084211274457706,,0.7571992123579916,,,OpenTargets,,,,
117763,3830,IL3RA,ENSG00000185291,2023-03-20,2022-06-01,False,0.5736632071187131,0.6084211274457706,,0.7571992123579916,,,OpenTargets,,,,
133129,5201,KCNMA1,ENSG00000156113,2023-05-22,2022-06-01,False,0.8349422989824969,0.876916364042041,0.8976591474508716,0.942556506739468,0.6954438849956542,0.7430883677723277,OpenTargets,,,,
149392,346,ERBB4,ENSG00000178568,2025-12-15,2025-06-01,False,0.8834832798102455,0.8834832798102455,0.9784236266443594,0.9784236266443594,0.691531578693856,0.691531578693856,OpenTargets,,,,
149390,346,ERBB4,ENSG00000178568,2025-12-15,2025-06-01,False,0.8834832798102455,0.8834832798102455,0.9784236266443594,0.9784236266443594,0.691531578693856,0.691531578693856,OpenTargets,,,,
149391,346,ERBB4,ENSG00000178568,2025-12-15,2025-06-01,False,0.8834832798102455,0.8834832798102455,0.9784236266443594,0.9784236266443594,0.691531578693856,0.691531578693856,OpenTargets,,,,
117922,6258,MRGPRX2,ENSG00000183695,2025-03-20,2024-06-01,False,0.2621884097377922,0.3597843089835798,0.4299934072541934,0.591817868739444,0.470070763150358,0.5138231101413421,OpenTargets,,,,
139490,6081,GRIN2B,ENSG00000273079,2021-11-15,2021-06-01,False,0.8904432267180874,0.8608992800203887,0.93963334867381,0.8928268598800658,0.5498786892254297,0.4880395829269712,OpenTargets,,,,
125773,2553,UOX,ENSG00000240520,2021-07-16,2021-06-01,False,0.01233886483266,0.0866170579885999,,,,0.6582964603918156,OpenTargets,,,,
150616,2720,HSP90AA1,ENSG00000080824,2023-01-01,2022-06-01,False,0.7487322252140651,0.7660403002887072,0.5080672126949728,0.8224867309585576,0.9478529240004872,0.9343939828382316,OpenTargets,,,,
141735,644,TNF,ENSG00000232810,2021-06-23,2021-06-01,False,0.722210423215501,0.7201639662646827,0.607930797611621,0.607930797611621,0.9468876464906852,0.924408470196028,OpenTargets,,,,
150642,4838,HDAC11,ENSG00000163517,2025-03-26,2024-06-01,False,0.6706681858346917,0.7024017584314075,0.6541786718603729,0.8118146655387024,0.4593829072152214,0.6164418287781838,OpenTargets,,,,
150264,3529,FASN,ENSG00000169710,2025-03-01,2024-06-01,False,0.43593545952166,0.4509273801116651,0.6173874989078019,0.5542935965704612,,,OpenTargets,,,,
150265,3529,FASN,ENSG00000169710,2025-03-01,2024-06-01,False,0.43593545952166,0.4509273801116651,0.6173874989078019,0.5542935965704612,,,OpenTargets,,,,
150266,3529,FASN,ENSG00000169710,2025-03-01,2024-06-01,False,0.43593545952166,0.4509273801116651,0.6173874989078019,0.5542935965704612,,,OpenTargets,,,,
150267,3529,FASN,ENSG00000169710,2025-03-01,2024-06-01,False,0.43593545952166,0.4509273801116651,0.6173874989078019,0.5542935965704612,,,OpenTargets,,,,
119098,4754,CDK9,ENSG00000136807,2021-12-15,2021-06-01,False,0.6539614248790983,0.6581946595560978,0.547137717850459,0.9600835658158976,0.6279090443025862,0.4779640587397216,OpenTargets,,,,
119099,4754,CDK9,ENSG00000136807,2021-12-15,2021-06-01,False,0.6539614248790983,0.6581946595560978,0.547137717850459,0.9600835658158976,0.6279090443025862,0.4779640587397216,OpenTargets,,,,
139133,3709,STING1,ENSG00000184584,2023-06-28,2023-06-01,False,0.7260240502394031,0.7551405675683183,0.8650446096473592,0.8622292828017434,0.6108678681696219,0.9693907397957626,OpenTargets,,,,
139225,3709,STING1,ENSG00000184584,2023-07-07,2023-06-01,False,0.7260240502394031,0.7551405675683183,0.8650446096473592,0.8622292828017434,0.6108678681696219,0.9693907397957626,OpenTargets,,,,
103861,1432,LAG3,ENSG00000089692,2022-10-18,2022-06-01,False,0.3774759344195272,0.5500841308086958,0.5428779015553727,0.8887427409100442,0.5037963866274764,0.510997218486055,OpenTargets,,,,
120328,211,GLP1R,ENSG00000112164,2022-02-22,2021-06-01,False,0.7454351656249673,0.766293002024608,0.7926007542169512,0.9621805353741036,0.8587245860471112,0.9226156270360436,OpenTargets,,,,
120327,211,GLP1R,ENSG00000112164,2022-02-22,2021-06-01,False,0.7454351656249673,0.766293002024608,0.7926007542169512,0.9621805353741036,0.8587245860471112,0.9226156270360436,OpenTargets,,,,
107225,211,GLP1R,ENSG00000112164,2023-10-19,2023-06-01,False,0.7515334416386521,0.766293002024608,0.8244672691086181,0.9621805353741036,0.935423776622918,0.9226156270360436,OpenTargets,,,,
107224,211,GLP1R,ENSG00000112164,2023-10-19,2023-06-01,False,0.7515334416386521,0.766293002024608,0.8244672691086181,0.9621805353741036,0.935423776622918,0.9226156270360436,OpenTargets,,,,
107223,211,GLP1R,ENSG00000112164,2022-02-22,2021-06-01,False,0.7454351656249673,0.766293002024608,0.7926007542169512,0.9621805353741036,0.8587245860471112,0.9226156270360436,OpenTargets,,,,
99999,5619,CALCR,ENSG00000004948,2024-02-05,2023-06-01,False,0.7164851469197328,0.7176955333851397,0.8371211980245572,0.9523738804307216,0.8327187475851431,0.8312168517726135,OpenTargets,,,,
99998,5619,CALCR,ENSG00000004948,2024-02-05,2023-06-01,False,0.7164851469197328,0.7176955333851397,0.8371211980245572,0.9523738804307216,0.8327187475851431,0.8312168517726135,OpenTargets,,,,
138674,1454,TREM2,ENSG00000095970,2023-01-04,2022-06-01,False,0.8021278799868115,0.8134774888924433,0.8965495874582413,0.94504976778162,0.6359869174201932,0.569524605035191,OpenTargets,,,,
101895,1242,IL18,ENSG00000150782,2024-02-15,2023-06-01,False,0.3619641629191716,0.5864811678499664,0.5661275495630111,0.9354248190711526,0.7314098992425845,0.7101869713212895,OpenTargets,,,,
101894,1242,IL18,ENSG00000150782,2024-02-15,2023-06-01,False,0.3619641629191716,0.5864811678499664,0.5661275495630111,0.9354248190711526,0.7314098992425845,0.7101869713212895,OpenTargets,,,,
122540,366,GABRA2,ENSG00000151834,2024-12-09,2024-06-01,False,0.8407560856014469,0.8307036080641439,0.8556308477519999,0.9061381807826312,0.4170371226284843,0.4768672254259869,OpenTargets,,,,
112852,366,GABRA2,ENSG00000151834,2023-07-03,2023-06-01,False,0.8391608084017573,0.8307036080641439,0.8305974906448623,0.9061381807826312,0.4582464892534616,0.4768672254259869,OpenTargets,,,,
103859,366,GABRA2,ENSG00000151834,2025-09-05,2025-06-01,False,0.8307036080641439,0.8307036080641439,0.9061381807826312,0.9061381807826312,0.4768672254259869,0.4768672254259869,OpenTargets,,,,
104105,5594,GNRHR,ENSG00000109163,2021-08-10,2021-06-01,False,0.8675622841729173,0.858393526837563,0.914726819688043,0.9149797011884684,0.7743236037881136,0.7706299936825873,OpenTargets,,,,
113219,5619,CALCR,ENSG00000004948,2024-12-09,2024-06-01,False,0.7165049735280516,0.7176955333851397,0.8371211979954092,0.9523738804307216,0.8343730439166743,0.8312168517726135,OpenTargets,,,,
111321,3305,TGFBR1,ENSG00000106799,2022-09-09,2022-06-01,False,0.886390370806505,0.883194929333707,0.9519539859464952,0.9418046575178848,0.6161019243699879,0.6184021330950268,OpenTargets,,,,
107209,2866,CAV2,ENSG00000105971,2022-10-25,2022-06-01,False,0.4429029278176722,0.5475215338316691,0.71106367483565,0.8748093875112165,0.7596843312778319,0.7112833823201664,OpenTargets,,,,
107208,2866,CAV2,ENSG00000105971,2022-10-25,2022-06-01,False,0.4429029278176722,0.5475215338316691,0.71106367483565,0.8748093875112165,0.7596843312778319,0.7112833823201664,OpenTargets,,,,
107210,2866,CAV2,ENSG00000105971,2022-10-25,2022-06-01,False,0.4429029278176722,0.5475215338316691,0.71106367483565,0.8748093875112165,0.7596843312778319,0.7112833823201664,OpenTargets,,,,
109631,211,GLP1R,ENSG00000112164,2024-04-18,2023-06-01,False,0.7515334416386521,0.766293002024608,0.8244672691086181,0.9621805353741036,0.935423776622918,0.9226156270360436,OpenTargets,,,,
120825,1245,PPIA,ENSG00000196262,2023-03-23,2022-06-01,False,0.7574237300851324,0.7113498736952227,0.6662249235288402,0.8477135168888967,0.6013791451491273,0.6144843383748552,OpenTargets,,,,
113394,4535,CTLA4,ENSG00000163599,2023-03-27,2022-06-01,False,0.8479176617500706,0.875485361809263,0.9161596844797136,0.9121374425602712,0.9447474391487504,0.9218449084421236,OpenTargets,,,,
112929,2458,PIK3CA,ENSG00000121879,2024-04-02,2023-06-01,False,0.9397733396096208,0.9353972562045776,0.9646072868291538,0.9705751207588774,0.531515823315974,0.534633149578462,OpenTargets,,,,
149956,5906,SLC11A2,ENSG00000110911,2022-04-01,2021-06-01,False,0.6959676669423747,0.7737697347302682,0.7978779581726327,0.8642249224428414,0.7711339675425929,0.8476671156727156,OpenTargets,,,,
118948,5594,GNRHR,ENSG00000109163,2023-01-28,2022-06-01,False,0.8760416186238119,0.858393526837563,0.9253147963769404,0.9149797011884684,0.772149442892607,0.7706299936825873,OpenTargets,,,,
128414,1514,TSLP,ENSG00000145777,2024-07-17,2024-06-01,False,0.6929589468679178,0.7141698506314421,0.7911398799114263,0.9300657077395412,0.6075920149241777,0.6088574047596639,OpenTargets,,,,
125921,1040,NR3C1,ENSG00000113580,2023-11-27,2023-06-01,False,0.8719799594384686,0.8806897161130463,0.888541319410935,0.8998962222070886,0.7115400025492199,0.7185176171445338,OpenTargets,,,,
138881,16983,TRPC5,ENSG00000072315,2021-07-27,2021-06-01,False,0.3085916827235019,0.3113412029835724,0.2431723190446484,0.1945378552357187,0.804365800975496,0.664150712599228,OpenTargets,,,,
138879,16983,TRPC5,ENSG00000072315,2021-07-27,2021-06-01,False,0.3085916827235019,0.3113412029835724,0.2431723190446484,0.1945378552357187,0.804365800975496,0.664150712599228,OpenTargets,,,,
138880,16983,TRPC5,ENSG00000072315,2021-07-27,2021-06-01,False,0.3085916827235019,0.3113412029835724,0.2431723190446484,0.1945378552357187,0.804365800975496,0.664150712599228,OpenTargets,,,,
130887,1040,NR3C1,ENSG00000113580,2024-06-24,2024-06-01,False,0.8749347927916837,0.8806897161130463,0.8885413194182327,0.8998962222070886,0.7201863945180864,0.7185176171445338,OpenTargets,,,,
140933,5792,DGUOK,ENSG00000114956,2022-03-01,2021-06-01,False,0.8257635676641945,0.8555666628890073,0.9248416295573432,0.9480213273186334,0.5434737229826794,0.4851693111144332,OpenTargets,,,,
151755,1556,CD274,ENSG00000120217,2023-10-01,2023-06-01,False,0.7847028439550187,0.7929175224380515,0.6625166305801192,0.8704331684459681,0.8685760705826902,0.8814845343301368,OpenTargets,,,,
144795,1556,CD274,ENSG00000120217,2025-07-25,2025-06-01,False,0.7929175224380515,0.7929175224380515,0.8704331684459681,0.8704331684459681,0.8814845343301368,0.8814845343301368,OpenTargets,,,,
144796,1556,CD274,ENSG00000120217,2025-07-25,2025-06-01,False,0.7929175224380515,0.7929175224380515,0.8704331684459681,0.8704331684459681,0.8814845343301368,0.8814845343301368,OpenTargets,,,,
144797,1556,CD274,ENSG00000120217,2025-07-25,2025-06-01,False,0.7929175224380515,0.7929175224380515,0.8704331684459681,0.8704331684459681,0.8814845343301368,0.8814845343301368,OpenTargets,,,,
132817,1657,SLC6A4,ENSG00000108576,2023-06-14,2023-06-01,False,0.7016906307647868,0.7497986959255991,0.6779922477808074,0.9648087968039384,0.897623912466292,0.9556388571400812,OpenTargets,,,,
139234,1142,BDNF,ENSG00000176697,2025-11-24,2025-06-01,False,0.6256239089211937,0.6256239089211937,0.9591595290708568,0.9591595290708568,0.735351784793733,0.735351784793733,OpenTargets,,,,
141119,4876,BRAF,ENSG00000157764,2022-04-29,2021-06-01,False,0.9326868742247548,0.9307571013076248,0.9642614344121616,0.9637846093079044,0.6807319198725809,0.6774953899991558,OpenTargets,,,,
141118,4876,BRAF,ENSG00000157764,2022-04-29,2021-06-01,False,0.9326868742247548,0.9307571013076248,0.9642614344121616,0.9637846093079044,0.6807319198725809,0.6774953899991558,OpenTargets,,,,
146576,644,TNF,ENSG00000232810,2022-01-31,2021-06-01,False,0.722210423215501,0.7201639662646827,0.607930797611621,0.607930797611621,0.9468876464906852,0.924408470196028,OpenTargets,,,,
151221,19044,EHHADH,ENSG00000113790,2022-07-01,2022-06-01,False,0.6658536508351891,0.6392001998648182,0.8038609660119378,0.7819347874616066,,0.5681149641503696,OpenTargets,,,,
152414,18,PTGS2,ENSG00000073756,2023-03-01,2022-06-01,False,0.6893370241728909,0.7251867740435501,0.4814209034528139,0.9254281373752976,0.7868525204715521,0.7035827300554949,OpenTargets,,,,
87601,353,F11,ENSG00000088926,2024-06-27,2024-06-01,False,0.8790772944501769,0.8848965037378906,0.948161248068943,0.9663940514070192,0.7729099933445357,0.7737206524146977,OpenTargets,,,,
151590,1040,NR3C1,ENSG00000113580,2025-06-30,2025-06-01,False,0.8806897161130463,0.8806897161130463,0.8998962222070886,0.8998962222070886,0.7185176171445338,0.7185176171445338,OpenTargets,,,,
151635,7000,MIR132,ENSG00000267200,2024-04-30,2023-06-01,False,0.0040653784015317,0.0084798044435989,,,,,OpenTargets,,,,
134412,2554,S100B,ENSG00000160307,2021-10-15,2021-06-01,False,0.2440676593087223,0.3816494128474876,0.2884246653858878,0.5342467555859742,0.4733533595879358,0.5913766665109778,OpenTargets,,,,
144226,17847,SIGLEC8,ENSG00000105366,2022-10-26,2022-06-01,False,0.2802315604673621,0.3437642434360978,,0.2107331400433841,0.7051494664041607,0.7066490664823865,OpenTargets,,,,
139978,290,NOS3,ENSG00000164867,2022-06-29,2022-06-01,False,0.5109389937562163,0.5817717994610621,0.5743527151353136,0.6894008602436613,0.9071615882306848,0.90387570052047,OpenTargets,,,,
139979,290,NOS3,ENSG00000164867,2022-06-29,2022-06-01,False,0.5109389937562163,0.5817717994610621,0.5743527151353136,0.6894008602436613,0.9071615882306848,0.90387570052047,OpenTargets,,,,
139977,290,NOS3,ENSG00000164867,2022-06-29,2022-06-01,False,0.5109389937562163,0.5817717994610621,0.5743527151353136,0.6894008602436613,0.9071615882306848,0.90387570052047,OpenTargets,,,,
151664,3529,FASN,ENSG00000169710,2025-03-01,2024-06-01,False,0.43593545952166,0.4509273801116651,0.6173874989078019,0.5542935965704612,,,OpenTargets,,,,
151665,3529,FASN,ENSG00000169710,2025-03-01,2024-06-01,False,0.43593545952166,0.4509273801116651,0.6173874989078019,0.5542935965704612,,,OpenTargets,,,,
95573,159,ATP4A,ENSG00000105675,2021-09-27,2021-06-01,False,0.6537438288691204,0.6579128531403279,0.2922273694336919,0.6807862878045543,0.7474394168086343,0.7802714566972617,OpenTargets,,,,
142033,1402,TYMS,ENSG00000176890,2021-12-22,2021-06-01,False,0.7246786213886335,0.8492268345065775,0.5398366510955935,0.900731682444979,,,OpenTargets,,,,
99568,2293,CHRM3,ENSG00000133019,2022-04-28,2021-06-01,False,0.7884889617154194,0.8378213011876758,0.7648797320698171,0.8904831602351964,0.7672075834381589,0.7527296874449113,OpenTargets,,,,
99567,2293,CHRM3,ENSG00000133019,2022-04-28,2021-06-01,False,0.7884889617154194,0.8378213011876758,0.7648797320698171,0.8904831602351964,0.7672075834381589,0.7527296874449113,OpenTargets,,,,
101142,1432,LAG3,ENSG00000089692,2021-11-10,2021-06-01,False,0.2921347641369796,0.5500841308086958,0.4729635889154894,0.8887427409100442,0.464084119075025,0.510997218486055,OpenTargets,,,,
132237,1432,LAG3,ENSG00000089692,2023-09-29,2023-06-01,False,0.4381951497596341,0.5500841308086958,0.5262346308588634,0.8887427409100442,0.5026314961581996,0.510997218486055,OpenTargets,,,,
132238,1432,LAG3,ENSG00000089692,2023-09-29,2023-06-01,False,0.4381951497596341,0.5500841308086958,0.5262346308588634,0.8887427409100442,0.5026314961581996,0.510997218486055,OpenTargets,,,,
132239,1432,LAG3,ENSG00000089692,2023-09-29,2023-06-01,False,0.4381951497596341,0.5500841308086958,0.5262346308588634,0.8887427409100442,0.5026314961581996,0.510997218486055,OpenTargets,,,,
102988,84,ADRB1,ENSG00000043591,2023-02-13,2022-06-01,False,0.7307825839483637,0.7564142800447425,0.7861647616114392,0.9494178271544554,,,OpenTargets,,,,
124952,1526,RXFP1,ENSG00000171509,2023-04-24,2022-06-01,False,0.3670721768692532,0.423743762417183,0.1945378552357187,0.6970263129980353,0.7698795169038671,0.7721397146203258,OpenTargets,,,,
105551,3467,CD9,ENSG00000010278,2021-11-29,2021-06-01,False,0.5469552971394623,0.5502114875046884,0.7246117130475465,0.8580511300841478,0.8431786629911968,0.9665741992722504,OpenTargets,,,,
105921,3453,THRB,ENSG00000151090,2024-04-01,2023-06-01,False,0.8725844162523674,0.8765812401327377,0.9209076260315264,0.965319484153624,0.8581390802859122,0.8977071952358064,OpenTargets,,,,
105920,3453,THRB,ENSG00000151090,2024-04-01,2023-06-01,False,0.8725844162523674,0.8765812401327377,0.9209076260315264,0.965319484153624,0.8581390802859122,0.8977071952358064,OpenTargets,,,,
105919,3453,THRB,ENSG00000151090,2024-04-01,2023-06-01,False,0.8725844162523674,0.8765812401327377,0.9209076260315264,0.965319484153624,0.8581390802859122,0.8977071952358064,OpenTargets,,,,
105922,3453,THRB,ENSG00000151090,2024-04-01,2023-06-01,False,0.8725844162523674,0.8765812401327377,0.9209076260315264,0.965319484153624,0.8581390802859122,0.8977071952358064,OpenTargets,,,,
152093,4465,CSF1R,ENSG00000182578,2023-03-01,2022-06-01,False,0.877159528088631,0.8950117355217893,0.932940448544246,0.9689515919621352,0.6297556931367907,0.8730111125879827,OpenTargets,,,,
113521,5906,SLC11A2,ENSG00000110911,2021-11-03,2021-06-01,False,0.6959676669423747,0.7737697347302682,0.7978779581726327,0.8642249224428414,0.7711339675425929,0.8476671156727156,OpenTargets,,,,
113522,5906,SLC11A2,ENSG00000110911,2021-11-03,2021-06-01,False,0.6959676669423747,0.7737697347302682,0.7978779581726327,0.8642249224428414,0.7711339675425929,0.8476671156727156,OpenTargets,,,,
117399,1514,TSLP,ENSG00000145777,2025-01-30,2024-06-01,False,0.6929589468679178,0.7141698506314421,0.7911398799114263,0.9300657077395412,0.6075920149241777,0.6088574047596639,OpenTargets,,,,
128784,1514,TSLP,ENSG00000145777,2023-10-16,2023-06-01,False,0.6789383367541421,0.7141698506314421,0.7911335848609908,0.9300657077395412,0.627968671539621,0.6088574047596639,OpenTargets,,,,
139921,18470,BTLA,ENSG00000186265,2022-03-07,2021-06-01,False,0.3387950388430876,0.3293375928551754,0.5404220335049972,0.529775560701299,0.5745704268111991,0.6885078416075879,OpenTargets,,,,
123032,2268,HSD11B1,ENSG00000117594,2023-02-15,2022-06-01,False,0.7039225888252986,0.6911535263048229,0.7337972862191698,0.6805574364495579,0.8671877265401307,0.7956074109244968,OpenTargets,,,,
139893,362,GABRA5,ENSG00000186297,2022-12-16,2022-06-01,False,0.781476646672169,0.7916072855940861,0.7733343103305415,0.8322148393910379,0.6084656945494208,0.5756166004829016,OpenTargets,,,,
152125,2293,CHRM3,ENSG00000133019,2022-04-01,2021-06-01,False,0.7884889617154194,0.8378213011876758,0.7648797320698171,0.8904831602351964,0.7672075834381589,0.7527296874449113,OpenTargets,,,,
142123,2496,CCL17,ENSG00000102970,2023-09-13,2023-06-01,False,0.4122052482103157,0.5450936857848914,0.6533111808457508,0.878403102749531,0.4698098676726728,0.5396873164194751,OpenTargets,,,,
150393,891,TLR5,ENSG00000187554,2022-03-01,2021-06-01,False,0.4414966835666075,0.574246234238182,0.724480719211337,0.9382517911942132,0.5920443269104142,0.5968553051867982,OpenTargets,,,,
145817,644,TNF,ENSG00000232810,2021-09-09,2021-06-01,False,0.722210423215501,0.7201639662646827,0.607930797611621,0.607930797611621,0.9468876464906852,0.924408470196028,OpenTargets,,,,
78477,19457,EPHB3,,2021-08-23,2021-05-10,True,,,,,,,IMPC,0.0,,,
93316,5455,CRLS1,,2022-04-29,2022-03-24,True,,,,,,,IMPC,1.0,1.0,,
93312,5455,CRLS1,,2022-04-29,2022-03-24,True,,,,,,,IMPC,1.0,1.0,,
93313,5455,CRLS1,,2022-04-29,2022-03-24,True,,,,,,,IMPC,1.0,1.0,,
93314,5455,CRLS1,,2022-04-29,2022-03-24,True,,,,,,,IMPC,1.0,1.0,,
93315,5455,CRLS1,,2022-04-29,2022-03-24,True,,,,,,,IMPC,1.0,1.0,,
93319,5455,CRLS1,,2022-04-29,2022-03-24,True,,,,,,,IMPC,1.0,1.0,,
93317,5455,CRLS1,,2022-04-29,2022-03-24,True,,,,,,,IMPC,1.0,1.0,,
93318,5455,CRLS1,,2022-04-29,2022-03-24,True,,,,,,,IMPC,1.0,1.0,,
112297,6284,TACR1,,2023-11-08,2023-05-09,True,,,,,,,IMPC,0.0,,,
131536,106,APOC3,,2021-12-14,2021-05-10,True,,,,,,,IMPC,0.0,,,
110576,106,APOC3,,2023-07-10,2023-05-09,True,,,,,,,IMPC,0.0,,,
81924,2069,BTK,,2021-09-09,2021-05-10,True,,,,,,,IMPC,0.0,,,
111492,2069,BTK,,2021-11-24,2021-05-10,True,,,,,,,IMPC,0.0,,,
137668,3154,ROS1,,2021-06-01,2021-05-10,False,,,,,,,IMPC,0.0,,,
113888,6284,TACR1,,2025-02-25,2024-05-07,True,,,,,,,IMPC,0.0,,,
141444,1420,CFD,,2021-08-23,2021-05-10,True,,,,,,,IMPC,7.0,7.0,,
88222,2458,PIK3CA,,2021-01-13,2020-10-06,True,,,,,,,IMPC,0.0,,,
115752,106,APOC3,,2022-11-21,2022-03-24,True,,,,,,,IMPC,0.0,,,
113828,106,APOC3,,2022-05-09,2022-03-24,True,,,,,,,IMPC,0.0,,,
113829,106,APOC3,,2022-05-09,2022-03-24,True,,,,,,,IMPC,0.0,,,
115753,106,APOC3,,2022-11-21,2022-03-24,True,,,,,,,IMPC,0.0,,,
114113,2751,PTH1R,,2021-07-28,2021-05-10,False,,,,,,,IMPC,4.0,5.0,,
114111,2751,PTH1R,,2021-07-28,2021-05-10,False,,,,,,,IMPC,4.0,5.0,,
114112,2751,PTH1R,,2021-07-28,2021-05-10,False,,,,,,,IMPC,4.0,5.0,,
114110,2751,PTH1R,,2021-07-28,2021-05-10,False,,,,,,,IMPC,4.0,5.0,,
112332,1419,PDCD1,,2021-03-31,2020-10-06,True,,,,,,,IMPC,0.0,,,
151195,1419,PDCD1,,2023-09-15,2023-05-09,True,,,,,,,IMPC,0.0,,,
141263,1419,PDCD1,,2021-11-15,2021-05-10,True,,,,,,,IMPC,0.0,,,
98884,247,C5,,2022-09-26,2022-03-24,True,,,,,,,IMPC,0.0,,,
98885,247,C5,,2022-09-26,2022-03-24,True,,,,,,,IMPC,0.0,,,
114107,17900,TNFRSF17,,2021-12-21,2021-05-10,True,,,,,,,IMPC,6.0,2.0,,
114106,17900,TNFRSF17,,2021-12-21,2021-05-10,True,,,,,,,IMPC,6.0,2.0,,
114105,17900,TNFRSF17,,2021-12-21,2021-05-10,True,,,,,,,IMPC,6.0,2.0,,
114109,17900,TNFRSF17,,2021-12-21,2021-05-10,True,,,,,,,IMPC,6.0,2.0,,
114108,17900,TNFRSF17,,2021-12-21,2021-05-10,True,,,,,,,IMPC,6.0,2.0,,
114104,17900,TNFRSF17,,2021-12-21,2021-05-10,True,,,,,,,IMPC,6.0,2.0,,
114100,17900,TNFRSF17,,2021-12-21,2021-05-10,True,,,,,,,IMPC,6.0,2.0,,
114101,17900,TNFRSF17,,2021-12-21,2021-05-10,True,,,,,,,IMPC,6.0,2.0,,
114102,17900,TNFRSF17,,2021-12-21,2021-05-10,True,,,,,,,IMPC,6.0,2.0,,
114103,17900,TNFRSF17,,2021-12-21,2021-05-10,True,,,,,,,IMPC,6.0,2.0,,
78316,20968,FNTA,,2023-04-24,2022-11-28,True,,,,,,,IMPC,4.0,4.0,,
106625,7060,XCL1,,2022-10-23,2022-03-24,True,,,,,,,IMPC,0.0,,,
127567,1155,IL23A,,2023-05-17,2023-05-09,True,,,,,,,IMPC,0.0,,,
115776,6934,NCSTN,,2022-08-30,2022-03-24,True,,,,,,,IMPC,0.0,,,
115777,6934,NCSTN,,2022-08-30,2022-03-24,True,,,,,,,IMPC,0.0,,,
115775,6934,NCSTN,,2022-08-30,2022-03-24,True,,,,,,,IMPC,0.0,,,
85124,17728,RARG,,2022-03-14,2021-05-10,True,,,,,,,IMPC,0.0,,,
149587,2069,BTK,,2024-05-01,2023-11-21,True,,,,,,,IMPC,0.0,,,
151461,2069,BTK,,2025-06-30,2024-05-07,True,,,,,,,IMPC,0.0,,,
149586,2069,BTK,,2024-05-01,2023-11-21,True,,,,,,,IMPC,0.0,,,
151462,2069,BTK,,2025-06-30,2024-05-07,True,,,,,,,IMPC,0.0,,,
141513,1419,PDCD1,,2022-01-14,2021-05-10,True,,,,,,,IMPC,0.0,,,
112259,5349,NIF3L1,,2022-12-21,2022-11-28,True,,,,,,,IMPC,0.0,,,
135141,5349,NIF3L1,,2021-09-27,2021-05-10,True,,,,,,,IMPC,0.0,,,
152367,17414,GPRC5D,,2022-10-20,2022-03-24,True,,,,,,,IMPC,0.0,0.0,,
150655,17670,GM2A,,2024-12-20,2024-05-07,True,,,,,,,IMPC,2.0,2.0,,
127264,17670,GM2A,,2021-12-08,2021-05-10,True,,,,,,,IMPC,0.0,2.0,,
127263,17670,GM2A,,2021-12-08,2021-05-10,True,,,,,,,IMPC,0.0,2.0,,
117887,2793,NR3C2,,2022-07-07,2022-03-24,True,,,,,,,IMPC,0.0,,,
101097,6605,IGKV2D-26,,2023-08-28,2023-05-09,True,,,,,,,IMPC,0.0,,,
106627,2258,TYK2,,2021-05-07,2020-10-06,True,,,,,,,IMPC,2.0,7.0,,
106628,2258,TYK2,,2021-05-07,2020-10-06,True,,,,,,,IMPC,2.0,7.0,,
92695,222,VEGFA,,2021-04-19,2020-10-06,True,,,,,,,IMPC,0.0,,,
131139,4179,MYL4,,2022-08-19,2022-03-24,True,,,,,,,IMPC,0.0,,,
94797,4179,MYL4,,2022-12-14,2022-11-28,True,,,,,,,IMPC,0.0,,,
88158,5212,SMPD1,,2021-11-18,2021-05-10,True,,,,,,,IMPC,0.0,,,
115640,1345,AHR,,2024-12-17,2024-05-07,False,,,,,,,IMPC,0.0,,,
104512,1342,GIP,,2022-06-21,2022-03-24,True,,,,,,,IMPC,0.0,,,
102412,1342,GIP,,2021-04-20,2020-10-06,True,,,,,,,IMPC,0.0,,,
80008,159,ATP4A,,2021-03-25,2020-10-06,True,,,,,,,IMPC,0.0,,,
80009,159,ATP4A,,2021-03-25,2020-10-06,True,,,,,,,IMPC,0.0,,,
91794,635,CALCRL,,2021-03-17,2020-10-06,True,,,,,,,IMPC,0.0,,,
150648,1679,ROCK2,,2025-06-16,2024-05-07,True,,,,,,,IMPC,0.0,,,
152838,19782,GCGR,,2023-12-29,2023-11-21,True,,,,,,,IMPC,18.0,18.0,,
92929,19782,GCGR,,2023-05-09,2023-05-09,True,,,,,,,IMPC,5.0,18.0,,
152773,17670,GM2A,,2023-11-01,2023-05-09,False,,,,,,,IMPC,2.0,2.0,,
152771,17670,GM2A,,2023-11-01,2023-05-09,False,,,,,,,IMPC,2.0,2.0,,
152772,17670,GM2A,,2023-11-01,2023-05-09,False,,,,,,,IMPC,2.0,2.0,,
145398,5349,NIF3L1,,2023-06-20,2023-05-09,False,,,,,,,IMPC,0.0,,,
108414,5915,GSC,,2022-05-01,2022-03-24,True,,,,,,,IMPC,0.0,,,
133019,4,PCSK9,,2021-06-24,2021-05-10,True,,,,,,,IMPC,4.0,5.0,,
78339,4,PCSK9,,2023-03-15,2022-11-28,True,,,,,,,IMPC,5.0,5.0,,
97020,4,PCSK9,,2021-07-07,2021-05-10,True,,,,,,,IMPC,4.0,5.0,,
97019,4,PCSK9,,2021-07-07,2021-05-10,True,,,,,,,IMPC,4.0,5.0,,
120269,4,PCSK9,,2023-07-11,2023-05-09,True,,,,,,,IMPC,5.0,5.0,,
135300,1849,FGFR2,,2023-10-19,2023-05-09,True,,,,,,,IMPC,0.0,,,
135299,1849,FGFR2,,2023-10-19,2023-05-09,True,,,,,,,IMPC,0.0,,,
104481,3795,CD44,,2023-01-16,2022-11-28,False,,,,,,,IMPC,0.0,,,
110343,27757,ANKRD10-IT1,,2022-01-18,2021-05-10,True,,,,,,,IMPC,0.0,,,
112344,3795,CD44,,2021-03-19,2020-10-06,True,,,,,,,IMPC,0.0,,,
114201,1845,PRKAR2B,,2021-11-12,2021-05-10,True,,,,,,,IMPC,0.0,,,
78441,1845,PRKAR2B,,2022-10-20,2022-03-24,True,,,,,,,IMPC,0.0,,,
147883,4452,CTSC,,2024-12-16,2024-05-07,True,,,,,,,IMPC,0.0,,,
111333,4452,CTSC,,2023-10-30,2023-05-09,True,,,,,,,IMPC,0.0,,,
88853,5590,SCN10A,,2023-01-09,2022-11-28,True,,,,,,,IMPC,0.0,,,
78938,5590,SCN10A,,2024-12-19,2024-05-07,True,,,,,,,IMPC,0.0,,,
149726,1369,TTR,,2021-09-08,2021-05-10,True,,,,,,,IMPC,0.0,1.0,,
150082,247,C5,,2022-11-30,2022-11-28,True,,,,,,,IMPC,0.0,,,
100015,247,C5,,2022-03-09,2021-05-10,True,,,,,,,IMPC,0.0,,,
127858,1420,CFD,,2020-12-16,2020-10-06,True,,,,,,,IMPC,0.0,7.0,,
111207,3754,APP,,2021-11-16,2021-05-10,True,,,,,,,IMPC,8.0,7.0,,
133586,137,PPARA,,2024-07-09,2024-05-07,True,,,,,,,IMPC,2.0,2.0,,
81074,1274,IL13,,2021-12-23,2021-05-10,True,,,,,,,IMPC,5.0,2.0,,
83012,1274,IL13,,2021-03-10,2020-10-06,True,,,,,,,IMPC,7.0,2.0,,
83013,1274,IL13,,2021-03-10,2020-10-06,True,,,,,,,IMPC,7.0,2.0,,
83014,1274,IL13,,2021-03-10,2020-10-06,True,,,,,,,IMPC,7.0,2.0,,
111597,1274,IL13,,2021-12-23,2021-05-10,True,,,,,,,IMPC,5.0,2.0,,
83015,1274,IL13,,2021-03-10,2020-10-06,True,,,,,,,IMPC,7.0,2.0,,
81073,1274,IL13,,2023-05-23,2023-05-09,True,,,,,,,IMPC,3.0,2.0,,
83011,1274,IL13,,2021-03-10,2020-10-06,True,,,,,,,IMPC,7.0,2.0,,
109180,7179,IL31RA,,2022-04-20,2022-03-24,True,,,,,,,IMPC,3.0,3.0,,
102929,106,APOC3,,2021-10-25,2021-05-10,True,,,,,,,IMPC,0.0,,,
81766,6027,INHBA,,2023-05-10,2023-05-09,True,,,,,,,IMPC,0.0,,,
90717,1419,PDCD1,,2021-02-15,2020-10-06,True,,,,,,,IMPC,0.0,,,
86869,1419,PDCD1,,2022-01-26,2021-05-10,True,,,,,,,IMPC,0.0,,,
122210,1419,PDCD1,,2021-07-15,2021-05-10,True,,,,,,,IMPC,0.0,,,
136493,1419,PDCD1,,2021-07-27,2021-05-10,True,,,,,,,IMPC,0.0,,,
152895,1419,PDCD1,,2023-07-28,2023-05-09,True,,,,,,,IMPC,0.0,,,
84557,1419,PDCD1,,2021-08-17,2021-05-10,True,,,,,,,IMPC,0.0,,,
144980,1419,PDCD1,,2021-05-24,2021-05-10,True,,,,,,,IMPC,0.0,,,
127857,1419,PDCD1,,2022-10-26,2022-03-24,True,,,,,,,IMPC,0.0,,,
136341,4876,BRAF,,2021-07-15,2021-05-10,True,,,,,,,IMPC,0.0,,,
136342,4876,BRAF,,2021-07-15,2021-05-10,True,,,,,,,IMPC,0.0,,,
136339,4876,BRAF,,2021-07-15,2021-05-10,True,,,,,,,IMPC,0.0,,,
136340,4876,BRAF,,2021-07-15,2021-05-10,True,,,,,,,IMPC,0.0,,,
149765,4188,EGLN1,,2025-01-01,2024-05-07,True,,,,,,,IMPC,0.0,,,
146647,1350,ERBB2,,2022-11-17,2022-03-24,False,,,,,,,IMPC,2.0,1.0,,
146648,1350,ERBB2,,2022-11-17,2022-03-24,False,,,,,,,IMPC,2.0,1.0,,
117200,28035,CSTP1,,2021-11-03,2021-05-10,True,,,,,,,IMPC,0.0,,,
96483,21395,AMY1C,,2020-12-15,2020-10-06,True,,,,,,,IMPC,0.0,,,
130079,4743,AQP5,,2021-11-08,2021-05-10,True,,,,,,,IMPC,0.0,,,
95942,104,FLT1,,2021-04-19,2020-10-06,True,,,,,,,IMPC,0.0,,,
81148,20968,FNTA,,2021-01-25,2020-10-06,False,,,,,,,IMPC,7.0,4.0,,
144802,20968,FNTA,,2021-12-21,2021-05-10,True,,,,,,,IMPC,7.0,4.0,,
144801,20968,FNTA,,2021-12-21,2021-05-10,True,,,,,,,IMPC,7.0,4.0,,
98073,72648,F,,2023-07-27,2023-05-09,True,,,,,,,IMPC,0.0,,,
128313,2069,BTK,,2021-05-14,2021-05-10,False,,,,,,,IMPC,0.0,,,
128309,2069,BTK,,2021-05-14,2021-05-10,False,,,,,,,IMPC,0.0,,,
128312,2069,BTK,,2021-05-14,2021-05-10,False,,,,,,,IMPC,0.0,,,
82766,247,C5,,2021-07-08,2021-05-10,True,,,,,,,IMPC,0.0,,,
104185,1419,PDCD1,,2021-01-12,2020-10-06,True,,,,,,,IMPC,0.0,,,
111322,17670,GM2A,,2022-09-09,2022-03-24,True,,,,,,,IMPC,0.0,2.0,,
152920,7060,XCL1,,2021-01-11,2020-10-06,True,,,,,,,IMPC,0.0,,,
84850,247,C5,,2024-08-27,2024-05-07,True,,,,,,,IMPC,0.0,,,
92783,247,C5,,2020-11-24,2020-10-06,True,,,,,,,IMPC,0.0,,,
124512,6605,IGKV2D-26,,2024-12-04,2024-05-07,True,,,,,,,IMPC,0.0,,,
85223,1822,SNAP25,,2024-04-08,2023-11-21,False,,,,,,,IMPC,0.0,,,
127955,2258,TYK2,,2025-07-09,2024-05-07,True,,,,,,,IMPC,7.0,7.0,,
148063,1849,FGFR2,,2021-01-06,2020-10-06,True,,,,,,,IMPC,0.0,,,
148064,1849,FGFR2,,2021-01-06,2020-10-06,True,,,,,,,IMPC,0.0,,,
131765,4179,MYL4,,2022-01-04,2021-05-10,True,,,,,,,IMPC,0.0,,,
122471,1432,LAG3,,2021-02-04,2020-10-06,True,,,,,,,IMPC,0.0,,,
122474,1432,LAG3,,2021-02-04,2020-10-06,True,,,,,,,IMPC,0.0,,,
122472,1432,LAG3,,2021-02-04,2020-10-06,True,,,,,,,IMPC,0.0,,,
122475,1432,LAG3,,2021-02-04,2020-10-06,True,,,,,,,IMPC,0.0,,,
122473,1432,LAG3,,2021-02-04,2020-10-06,True,,,,,,,IMPC,0.0,,,
100034,1342,GIP,,2024-11-05,2024-05-07,True,,,,,,,IMPC,0.0,,,
105401,1342,GIP,,2024-05-21,2024-05-07,True,,,,,,,IMPC,0.0,,,
113328,1342,GIP,,2024-01-16,2023-11-21,True,,,,,,,IMPC,0.0,,,
120376,1342,GIP,,2024-09-24,2024-05-07,True,,,,,,,IMPC,0.0,,,
107536,1342,GIP,,2024-09-30,2024-05-07,True,,,,,,,IMPC,0.0,,,
111210,3754,APP,,2021-11-16,2021-05-10,False,,,,,,,IMPC,8.0,7.0,,
111209,3754,APP,,2021-11-16,2021-05-10,False,,,,,,,IMPC,8.0,7.0,,
84698,2867,BCR,,2021-05-25,2021-05-10,False,,,,,,,IMPC,0.0,,,
127996,2867,BCR,,2021-12-06,2021-05-10,True,,,,,,,IMPC,0.0,,,
124389,635,CALCRL,,2021-08-02,2021-05-10,True,,,,,,,IMPC,0.0,,,
77127,635,CALCRL,,2022-03-22,2021-05-10,True,,,,,,,IMPC,0.0,,,
139007,1679,ROCK2,,2021-03-03,2020-10-06,True,,,,,,,IMPC,0.0,,,
152005,19782,GCGR,,2023-02-01,2022-11-28,True,,,,,,,IMPC,5.0,18.0,,
138765,17670,GM2A,,2020-11-19,2020-10-06,False,,,,,,,IMPC,0.0,2.0,,
105339,5349,NIF3L1,,2022-09-23,2022-03-24,False,,,,,,,IMPC,0.0,,,
77221,5349,NIF3L1,,2023-04-04,2022-11-28,False,,,,,,,IMPC,0.0,,,
136232,1145,ANGPTL3,,2021-07-12,2021-05-10,False,,,,,,,IMPC,7.0,8.0,,
131747,2793,NR3C2,,2024-02-26,2023-11-21,True,,,,,,,IMPC,0.0,,,
131748,2793,NR3C2,,2024-02-26,2023-11-21,True,,,,,,,IMPC,0.0,,,
105292,4,PCSK9,,2021-02-16,2020-10-06,True,,,,,,,IMPC,6.0,5.0,,
82788,5961,HTRA3,,2020-12-03,2020-10-06,False,,,,,,,IMPC,0.0,0.0,,
82787,5961,HTRA3,,2021-12-16,2021-05-10,False,,,,,,,IMPC,0.0,0.0,,
82789,5961,HTRA3,,2020-12-03,2020-10-06,False,,,,,,,IMPC,0.0,0.0,,
94425,5961,HTRA3,,2020-12-03,2020-10-06,False,,,,,,,IMPC,0.0,0.0,,
111272,1845,PRKAR2B,,2021-09-07,2021-05-10,True,,,,,,,IMPC,0.0,,,
111269,1845,PRKAR2B,,2021-09-07,2021-05-10,True,,,,,,,IMPC,0.0,,,
111277,1845,PRKAR2B,,2021-09-07,2021-05-10,True,,,,,,,IMPC,0.0,,,
111276,1845,PRKAR2B,,2021-09-07,2021-05-10,True,,,,,,,IMPC,0.0,,,
111275,1845,PRKAR2B,,2021-09-07,2021-05-10,True,,,,,,,IMPC,0.0,,,
111274,1845,PRKAR2B,,2021-09-07,2021-05-10,True,,,,,,,IMPC,0.0,,,
120526,1845,PRKAR2B,,2022-02-01,2021-05-10,True,,,,,,,IMPC,0.0,,,
111268,1845,PRKAR2B,,2021-09-07,2021-05-10,True,,,,,,,IMPC,0.0,,,
111267,1845,PRKAR2B,,2021-09-07,2021-05-10,True,,,,,,,IMPC,0.0,,,
111273,1845,PRKAR2B,,2021-09-07,2021-05-10,True,,,,,,,IMPC,0.0,,,
111270,1845,PRKAR2B,,2021-09-07,2021-05-10,True,,,,,,,IMPC,0.0,,,
111271,1845,PRKAR2B,,2021-09-07,2021-05-10,True,,,,,,,IMPC,0.0,,,
111098,25389,GPM6B,,2021-12-30,2021-05-10,True,,,,,,,IMPC,0.0,,,
114205,1845,PRKAR2B,,2021-11-12,2021-05-10,True,,,,,,,IMPC,0.0,,,
114204,1845,PRKAR2B,,2021-11-12,2021-05-10,True,,,,,,,IMPC,0.0,,,
114203,1845,PRKAR2B,,2021-11-12,2021-05-10,True,,,,,,,IMPC,0.0,,,
114202,1845,PRKAR2B,,2021-11-12,2021-05-10,True,,,,,,,IMPC,0.0,,,
101087,25389,GPM6B,,2022-04-19,2022-03-24,True,,,,,,,IMPC,0.0,,,
147338,25389,GPM6B,,2022-01-28,2021-05-10,True,,,,,,,IMPC,0.0,,,
139352,3625,MET,,2021-01-28,2020-10-06,True,,,,,,,IMPC,0.0,,,
125675,6509,DRD1,,2021-09-09,2021-05-10,True,,,,,,,IMPC,0.0,,,
152368,17900,TNFRSF17,,2022-10-20,2022-03-24,False,,,,,,,IMPC,2.0,2.0,,
88274,152,NBEAL1,,2024-07-08,2024-05-07,True,,,,,,,IMPC,0.0,0.0,,
151275,3625,MET,,2020-11-11,2020-10-06,True,,,,,,,IMPC,0.0,,,
124042,22324,CALCB,,2020-12-23,2020-10-06,False,,,,,,,IMPC,7.0,7.0,,
141524,21398,AMY1B,,2022-12-09,2022-11-28,True,,,,,,,IMPC,0.0,,,
88232,2736,RET,,2021-01-13,2020-10-06,True,,,,,,,IMPC,0.0,,,
152780,2736,RET,,2023-11-30,2023-11-21,True,,,,,,,IMPC,0.0,,,
112501,3581,MYH7,,2023-11-14,2023-05-09,True,,,,,,,IMPC,0.0,,,
81543,59,EDNRA,,2023-07-20,2023-05-09,True,,,,,,,IMPC,3.0,4.0,,
81542,59,EDNRA,,2023-07-20,2023-05-09,True,,,,,,,IMPC,3.0,4.0,,
110710,4452,CTSC,,2021-11-30,2021-05-10,True,,,,,,,IMPC,0.0,,,
123763,2069,BTK,,2021-12-12,2021-05-10,True,,,,,,,IMPC,0.0,,,
110727,5590,SCN10A,,2022-12-20,2022-11-28,True,,,,,,,IMPC,0.0,,,
148911,1556,CD274,,2021-12-08,2021-05-10,True,,,,,,,IMPC,0.0,,,
132495,3754,APP,,2020-11-23,2020-10-06,True,,,,,,,IMPC,6.0,7.0,,
132496,3754,APP,,2020-11-23,2020-10-06,True,,,,,,,IMPC,6.0,7.0,,
132497,3754,APP,,2020-11-23,2020-10-06,True,,,,,,,IMPC,6.0,7.0,,
132494,3754,APP,,2020-11-23,2020-10-06,True,,,,,,,IMPC,6.0,7.0,,
91011,69,PDE4C,,2023-03-06,2022-11-28,True,,,,,,,IMPC,3.0,2.0,,
81625,106,APOC3,,2020-11-18,2020-10-06,True,,,,,,,IMPC,0.0,,,
128613,1419,PDCD1,,2023-11-08,2023-05-09,True,,,,,,,IMPC,0.0,,,
110768,1419,PDCD1,,2021-11-16,2021-05-10,True,,,,,,,IMPC,0.0,,,
128614,1419,PDCD1,,2023-11-08,2023-05-09,True,,,,,,,IMPC,0.0,,,
110767,1419,PDCD1,,2021-11-16,2021-05-10,True,,,,,,,IMPC,0.0,,,
134064,1419,PDCD1,,2021-08-20,2021-05-10,True,,,,,,,IMPC,0.0,,,
110769,1419,PDCD1,,2021-11-16,2021-05-10,True,,,,,,,IMPC,0.0,,,
144372,4876,BRAF,,2021-07-15,2021-05-10,True,,,,,,,IMPC,0.0,,,
144373,4876,BRAF,,2021-07-15,2021-05-10,True,,,,,,,IMPC,0.0,,,
144376,4876,BRAF,,2021-07-15,2021-05-10,True,,,,,,,IMPC,0.0,,,
144377,4876,BRAF,,2021-07-15,2021-05-10,True,,,,,,,IMPC,0.0,,,
144375,4876,BRAF,,2021-07-15,2021-05-10,True,,,,,,,IMPC,0.0,,,
144374,4876,BRAF,,2021-07-15,2021-05-10,True,,,,,,,IMPC,0.0,,,
144378,4876,BRAF,,2021-07-15,2021-05-10,True,,,,,,,IMPC,0.0,,,
144379,4876,BRAF,,2021-07-15,2021-05-10,True,,,,,,,IMPC,0.0,,,
144371,4876,BRAF,,2021-07-15,2021-05-10,True,,,,,,,IMPC,0.0,,,
144370,4876,BRAF,,2021-07-15,2021-05-10,True,,,,,,,IMPC,0.0,,,
144368,4876,BRAF,,2021-07-15,2021-05-10,True,,,,,,,IMPC,0.0,,,
144369,4876,BRAF,,2021-07-15,2021-05-10,True,,,,,,,IMPC,0.0,,,
115041,4188,EGLN1,,2021-06-18,2021-05-10,True,,,,,,,IMPC,0.0,,,
77813,17900,TNFRSF17,,2021-10-07,2021-05-10,True,,,,,,,IMPC,6.0,2.0,,
94614,21395,AMY1C,,2020-12-25,2020-10-06,True,,,,,,,IMPC,0.0,,,
101680,4743,AQP5,,2021-11-17,2021-05-10,True,,,,,,,IMPC,0.0,,,
89069,20968,FNTA,,2022-01-17,2021-05-10,True,,,,,,,IMPC,7.0,4.0,,
122102,3678,LDHA,,2022-02-22,2021-05-10,True,,,,,,,IMPC,2.0,2.0,,
122105,3678,LDHA,,2022-02-22,2021-05-10,True,,,,,,,IMPC,2.0,2.0,,
122104,3678,LDHA,,2022-02-22,2021-05-10,True,,,,,,,IMPC,2.0,2.0,,
122103,3678,LDHA,,2022-02-22,2021-05-10,True,,,,,,,IMPC,2.0,2.0,,
110799,72648,F,,2022-08-08,2022-03-24,True,,,,,,,IMPC,0.0,,,
132623,72648,F,,2021-11-24,2021-05-10,True,,,,,,,IMPC,0.0,,,
110798,72648,F,,2022-08-08,2022-03-24,True,,,,,,,IMPC,0.0,,,
150554,1419,PDCD1,,2023-03-01,2022-11-28,True,,,,,,,IMPC,0.0,,,
145999,1419,PDCD1,,2021-03-17,2020-10-06,True,,,,,,,IMPC,0.0,,,
135681,1419,PDCD1,,2021-07-08,2021-05-10,True,,,,,,,IMPC,0.0,,,
150555,1419,PDCD1,,2023-03-01,2022-11-28,True,,,,,,,IMPC,0.0,,,
150553,1419,PDCD1,,2023-03-01,2022-11-28,True,,,,,,,IMPC,0.0,,,
146000,1419,PDCD1,,2021-03-17,2020-10-06,True,,,,,,,IMPC,0.0,,,
134209,6298,JAK3,,2022-12-01,2022-11-28,True,,,,,,,IMPC,12.0,15.0,,
134210,6298,JAK3,,2022-12-01,2022-11-28,True,,,,,,,IMPC,12.0,15.0,,
95442,19102,ALDH1B1,,2023-05-19,2023-05-09,True,,,,,,,IMPC,1.0,1.0,,
126893,2793,NR3C2,,2022-03-21,2021-05-10,True,,,,,,,IMPC,0.0,,,
138172,2258,TYK2,,2022-11-08,2022-03-24,True,,,,,,,IMPC,8.0,7.0,,
134526,222,VEGFA,,2021-03-02,2020-10-06,True,,,,,,,IMPC,0.0,,,
126899,222,VEGFA,,2021-03-02,2020-10-06,True,,,,,,,IMPC,0.0,,,
101554,222,VEGFA,,2024-03-06,2023-11-21,True,,,,,,,IMPC,0.0,,,
126900,222,VEGFA,,2021-03-02,2020-10-06,True,,,,,,,IMPC,0.0,,,
126901,222,VEGFA,,2021-03-02,2020-10-06,True,,,,,,,IMPC,0.0,,,
143131,1849,FGFR2,,2021-01-07,2020-10-06,True,,,,,,,IMPC,0.0,,,
107978,5735,CCNL2,,2022-04-01,2022-03-24,True,,,,,,,IMPC,0.0,,,
99464,5735,CCNL2,,2020-12-09,2020-10-06,True,,,,,,,IMPC,0.0,,,
153086,5735,CCNL2,,2024-03-01,2023-11-21,True,,,,,,,IMPC,0.0,,,
101538,4179,MYL4,,2021-03-30,2020-10-06,True,,,,,,,IMPC,0.0,,,
130815,6805,FOLR1,,2021-10-19,2021-05-10,True,,,,,,,IMPC,30.0,10.0,,
123838,1432,LAG3,,2021-02-17,2020-10-06,True,,,,,,,IMPC,0.0,,,
123839,1432,LAG3,,2021-02-17,2020-10-06,True,,,,,,,IMPC,0.0,,,
123840,1432,LAG3,,2021-02-17,2020-10-06,True,,,,,,,IMPC,0.0,,,
135963,19310,DKC1,,2021-11-09,2021-05-10,True,,,,,,,IMPC,0.0,,,
103274,174,C1S,,2021-11-11,2021-05-10,True,,,,,,,IMPC,0.0,,,
115609,1342,GIP,,2023-02-05,2022-11-28,True,,,,,,,IMPC,0.0,,,
145829,1342,GIP,,2024-06-27,2024-05-07,True,,,,,,,IMPC,0.0,,,
115607,1342,GIP,,2023-02-05,2022-11-28,True,,,,,,,IMPC,0.0,,,
115608,1342,GIP,,2023-02-05,2022-11-28,True,,,,,,,IMPC,0.0,,,
129060,1342,GIP,,2025-02-24,2024-05-07,True,,,,,,,IMPC,0.0,,,
80529,1342,GIP,,2023-11-27,2023-11-21,True,,,,,,,IMPC,0.0,,,
101567,1342,GIP,,2021-09-01,2021-05-10,True,,,,,,,IMPC,0.0,,,
115606,1342,GIP,,2023-02-05,2022-11-28,True,,,,,,,IMPC,0.0,,,
115610,1342,GIP,,2023-02-05,2022-11-28,True,,,,,,,IMPC,0.0,,,
149086,3625,MET,,2021-08-30,2021-05-10,False,,,,,,,IMPC,0.0,,,
142206,3625,MET,,2022-12-08,2022-11-28,False,,,,,,,IMPC,0.0,,,
149087,3625,MET,,2021-08-30,2021-05-10,False,,,,,,,IMPC,0.0,,,
112783,4,PCSK9,,2021-01-27,2020-10-06,True,,,,,,,IMPC,6.0,5.0,,
120976,4,PCSK9,,2022-06-20,2022-03-24,True,,,,,,,IMPC,5.0,5.0,,
120977,4,PCSK9,,2022-06-20,2022-03-24,True,,,,,,,IMPC,5.0,5.0,,
142227,3258,CD19,,2021-11-04,2021-05-10,False,,,,,,,IMPC,5.0,2.0,,
142228,3258,CD19,,2021-11-04,2021-05-10,False,,,,,,,IMPC,5.0,2.0,,
121113,3795,CD44,,2021-09-09,2021-05-10,True,,,,,,,IMPC,0.0,,,
89118,3795,CD44,,2023-01-10,2022-11-28,False,,,,,,,IMPC,0.0,,,
134105,3795,CD44,,2021-07-08,2021-05-10,True,,,,,,,IMPC,0.0,,,
121112,3795,CD44,,2021-09-09,2021-05-10,True,,,,,,,IMPC,0.0,,,
151575,23516,DXO,,2020-11-30,2020-10-06,False,,,,,,,IMPC,0.0,,,
128671,1514,TSLP,,2021-08-23,2021-05-10,False,,,,,,,IMPC,0.0,0.0,,
142062,19881,PPP3CA,,2023-10-10,2023-05-09,True,,,,,,,IMPC,0.0,0.0,,
142063,19881,PPP3CA,,2023-10-10,2023-05-09,True,,,,,,,IMPC,0.0,0.0,,
148603,3258,CD19,,2022-11-01,2022-03-24,True,,,,,,,IMPC,2.0,2.0,,
148601,3258,CD19,,2022-11-01,2022-03-24,True,,,,,,,IMPC,2.0,2.0,,
148604,3258,CD19,,2022-11-01,2022-03-24,True,,,,,,,IMPC,2.0,2.0,,
148602,3258,CD19,,2022-11-01,2022-03-24,True,,,,,,,IMPC,2.0,2.0,,
85757,22324,CALCB,,2021-02-17,2020-10-06,False,,,,,,,IMPC,7.0,7.0,,
103305,22324,CALCB,,2021-09-17,2021-05-10,False,,,,,,,IMPC,8.0,7.0,,
138141,5422,HAO1,,2022-01-27,2021-05-10,True,,,,,,,IMPC,0.0,,,
139794,635,CALCRL,,2022-05-05,2022-03-24,True,,,,,,,IMPC,0.0,,,
150944,872,TOP1,,2021-12-30,2021-05-10,True,,,,,,,IMPC,0.0,,,
139394,872,TOP1,,2021-12-08,2021-05-10,True,,,,,,,IMPC,0.0,,,
102408,77,IL6R,,2021-03-02,2020-10-06,False,,,,,,,IMPC,0.0,,,
88295,4423,ANK1,,2022-03-08,2021-05-10,True,,,,,,,IMPC,0.0,,,
89920,1933,EZH2,,2023-02-13,2022-11-28,True,,,,,,,IMPC,0.0,0.0,,
139739,1933,EZH2,,2020-12-15,2020-10-06,True,,,,,,,IMPC,0.0,0.0,,
88228,23516,DXO,,2021-01-13,2020-10-06,True,,,,,,,IMPC,0.0,,,
115822,6210,MC1R,,2021-06-03,2021-05-10,True,,,,,,,IMPC,4.0,1.0,,
145265,2458,PIK3CA,,2021-07-22,2021-05-10,True,,,,,,,IMPC,0.0,,,
131262,4423,ANK1,,2022-12-26,2022-11-28,True,,,,,,,IMPC,0.0,,,
110388,4423,ANK1,,2021-05-10,2021-05-10,True,,,,,,,IMPC,0.0,,,
140495,5735,CCNL2,,2020-12-18,2020-10-06,True,,,,,,,IMPC,0.0,,,
140496,5735,CCNL2,,2020-12-18,2020-10-06,True,,,,,,,IMPC,0.0,,,
152550,222,VEGFA,,2021-02-01,2020-10-06,True,,,,,,,IMPC,0.0,,,
104624,6087,SCN11A,,2021-03-08,2020-10-06,True,,,,,,,IMPC,1.0,1.0,,
104625,6087,SCN11A,,2021-03-08,2020-10-06,True,,,,,,,IMPC,1.0,1.0,,
123571,259,TUBB,,2021-07-22,2021-05-10,False,,,,,,,IMPC,0.0,,,
88221,5592,NTRK3,,2021-01-13,2020-10-06,True,,,,,,,IMPC,0.0,,,
86299,872,TOP1,,2021-08-20,2021-05-10,False,,,,,,,IMPC,0.0,,,
84319,32260,AMD1P2,,2022-04-12,2022-03-24,True,,,,,,,IMPC,0.0,,,
81846,1155,IL23A,,2024-10-21,2024-05-07,True,,,,,,,IMPC,0.0,,,
152510,4648,JAK1,,2020-12-24,2020-10-06,True,,,,,,,IMPC,0.0,,,
133121,2069,BTK,,2020-12-22,2020-10-06,True,,,,,,,IMPC,0.0,,,
101774,2069,BTK,,2021-08-11,2021-05-10,True,,,,,,,IMPC,0.0,,,
93253,23470,ACRV1,,2022-07-28,2022-03-24,False,,,,,,,IMPC,0.0,,,
110573,1419,PDCD1,,2021-05-19,2021-05-10,True,,,,,,,IMPC,0.0,,,
110574,1419,PDCD1,,2021-05-19,2021-05-10,True,,,,,,,IMPC,0.0,,,
110575,1419,PDCD1,,2021-05-19,2021-05-10,True,,,,,,,IMPC,0.0,,,
96664,5594,GNRHR,,2023-09-14,2023-05-09,True,,,,,,,IMPC,0.0,,,
137721,5594,GNRHR,,2021-01-29,2020-10-06,True,,,,,,,IMPC,0.0,,,
127358,1614,IFNG,,2021-12-15,2021-05-10,True,,,,,,,IMPC,6.0,6.0,,
127357,1614,IFNG,,2021-12-15,2021-05-10,True,,,,,,,IMPC,6.0,6.0,,
127355,1614,IFNG,,2021-12-15,2021-05-10,True,,,,,,,IMPC,6.0,6.0,,
127356,1614,IFNG,,2021-12-15,2021-05-10,True,,,,,,,IMPC,6.0,6.0,,
127359,1614,IFNG,,2021-12-15,2021-05-10,True,,,,,,,IMPC,6.0,6.0,,
127360,1614,IFNG,,2021-12-15,2021-05-10,True,,,,,,,IMPC,6.0,6.0,,
114190,1906,SYK,,2021-03-25,2020-10-06,True,,,,,,,IMPC,6.0,5.0,,
114194,1906,SYK,,2021-03-25,2020-10-06,True,,,,,,,IMPC,6.0,5.0,,
114189,1906,SYK,,2021-03-25,2020-10-06,True,,,,,,,IMPC,6.0,5.0,,
114193,1906,SYK,,2021-03-25,2020-10-06,True,,,,,,,IMPC,6.0,5.0,,
114192,1906,SYK,,2021-03-25,2020-10-06,True,,,,,,,IMPC,6.0,5.0,,
114191,1906,SYK,,2021-03-25,2020-10-06,True,,,,,,,IMPC,6.0,5.0,,
151738,22324,CALCB,,2020-10-15,2020-10-06,True,,,,,,,IMPC,7.0,7.0,,
140500,247,C5,,2022-10-06,2022-03-24,True,,,,,,,IMPC,0.0,,,
149247,247,C5,,2020-12-18,2020-10-06,True,,,,,,,IMPC,0.0,,,
149248,247,C5,,2020-12-18,2020-10-06,True,,,,,,,IMPC,0.0,,,
151463,2069,BTK,,2025-06-30,2024-05-07,True,,,,,,,IMPC,0.0,,,
103836,18772,DPYSL3,,2022-04-29,2022-03-24,True,,,,,,,IMPC,0.0,,,
118947,6142,AREL1,,2023-01-28,2022-11-28,True,,,,,,,IMPC,2.0,2.0,,
92575,635,CALCRL,,2020-10-22,2020-10-06,True,,,,,,,IMPC,0.0,,,
114501,2936,KIT,,2020-11-25,2020-10-06,True,,,,,,,IMPC,0.0,,,
139256,872,TOP1,,2021-12-14,2021-05-10,True,,,,,,,IMPC,0.0,,,
131966,872,TOP1,,2021-01-13,2020-10-06,True,,,,,,,IMPC,0.0,,,
141122,872,TOP1,,2022-04-29,2022-03-24,False,,,,,,,IMPC,0.0,,,
141123,872,TOP1,,2022-04-29,2022-03-24,False,,,,,,,IMPC,0.0,,,
149992,4783,MAP2K1,,2023-08-31,2023-05-09,True,,,,,,,IMPC,1.0,1.0,,
149991,4783,MAP2K1,,2023-08-31,2023-05-09,True,,,,,,,IMPC,1.0,1.0,,
88296,4423,ANK1,,2022-03-08,2021-05-10,True,,,,,,,IMPC,0.0,,,
88298,4423,ANK1,,2022-03-08,2021-05-10,True,,,,,,,IMPC,0.0,,,
88297,4423,ANK1,,2022-03-08,2021-05-10,True,,,,,,,IMPC,0.0,,,
142743,3258,CD19,,2022-04-15,2022-03-24,False,,,,,,,IMPC,2.0,2.0,,
122403,23516,DXO,,2020-12-01,2020-10-06,True,,,,,,,IMPC,0.0,,,
150187,222,VEGFA,,2021-05-31,2021-05-10,True,,,,,,,IMPC,0.0,,,
84820,213,VWF,,2022-11-21,2022-03-24,True,,,,,,,IMPC,0.0,,,
141128,259,TUBB,,2022-04-29,2022-03-24,False,,,,,,,IMPC,0.0,,,
141129,259,TUBB,,2022-04-29,2022-03-24,False,,,,,,,IMPC,0.0,,,
122404,872,TOP1,,2020-12-01,2020-10-06,False,,,,,,,IMPC,0.0,,,
141127,872,TOP1,,2022-04-29,2022-03-24,True,,,,,,,IMPC,0.0,,,
141126,872,TOP1,,2022-04-29,2022-03-24,True,,,,,,,IMPC,0.0,,,
118913,72674,pbp2,,2022-07-31,2022-03-24,True,,,,,,,IMPC,0.0,,,
94333,1822,SNAP25,,2022-03-30,2022-03-24,False,,,,,,,IMPC,0.0,,,
130875,1822,SNAP25,,2021-03-01,2020-10-06,False,,,,,,,IMPC,0.0,,,
92431,1082,SOST,,2021-10-21,2021-05-10,True,,,,,,,IMPC,0.0,,,
144850,19219,XPO1,,2021-06-29,2021-05-10,True,,,,,,,IMPC,2.0,12.0,,
131725,2301,BCHE,,2022-09-19,2022-03-24,False,,,,,,,IMPC,0.0,,,
150073,4648,JAK1,,2024-05-23,2024-05-07,True,,,,,,,IMPC,0.0,,,
101775,2069,BTK,,2021-08-11,2021-05-10,True,,,,,,,IMPC,0.0,,,
90576,7096,MPL,,2021-03-05,2020-10-06,True,,,,,,,IMPC,0.0,,,
136219,23470,ACRV1,,2021-05-19,2021-05-10,False,,,,,,,IMPC,0.0,,,
146472,23470,ACRV1,,2023-11-22,2023-11-21,True,,,,,,,IMPC,0.0,,,
136221,23470,ACRV1,,2021-05-19,2021-05-10,False,,,,,,,IMPC,0.0,,,
136220,23470,ACRV1,,2021-05-19,2021-05-10,False,,,,,,,IMPC,0.0,,,
129713,1419,PDCD1,,2021-06-28,2021-05-10,True,,,,,,,IMPC,0.0,,,
94467,142,NGF,,2022-01-27,2021-05-10,True,,,,,,,IMPC,0.0,,,
118936,5440,SMO,,2021-05-17,2021-05-10,True,,,,,,,IMPC,9.0,9.0,,
118935,5440,SMO,,2021-05-17,2021-05-10,True,,,,,,,IMPC,9.0,9.0,,
118934,5440,SMO,,2021-05-17,2021-05-10,True,,,,,,,IMPC,9.0,9.0,,
92781,1223,KLKB1,,2020-11-24,2020-10-06,True,,,,,,,IMPC,7.0,2.0,,
96386,1223,KLKB1,,2021-02-05,2020-10-06,True,,,,,,,IMPC,7.0,2.0,,
141117,4849,ALK,,2022-04-29,2022-03-24,True,,,,,,,IMPC,0.0,,,
141116,4849,ALK,,2022-04-29,2022-03-24,True,,,,,,,IMPC,0.0,,,
142936,17970,HTR4,,2021-07-13,2021-05-10,True,,,,,,,IMPC,1.0,1.0,,
140675,247,C5,,2021-01-19,2020-10-06,True,,,,,,,IMPC,0.0,,,
138695,247,C5,,2021-12-06,2021-05-10,True,,,,,,,IMPC,0.0,,,
81150,247,C5,,2021-01-25,2020-10-06,True,,,,,,,IMPC,0.0,,,
140674,247,C5,,2021-01-19,2020-10-06,True,,,,,,,IMPC,0.0,,,
79199,247,C5,,2023-04-06,2022-11-28,True,,,,,,,IMPC,0.0,,,
79202,247,C5,,2023-04-06,2022-11-28,True,,,,,,,IMPC,0.0,,,
79201,247,C5,,2023-04-06,2022-11-28,True,,,,,,,IMPC,0.0,,,
79200,247,C5,,2023-04-06,2022-11-28,True,,,,,,,IMPC,0.0,,,
141120,1885,PARP1,,2022-04-29,2022-03-24,True,,,,,,,IMPC,8.0,17.0,,
141121,1885,PARP1,,2022-04-29,2022-03-24,True,,,,,,,IMPC,8.0,17.0,,
114781,1155,IL23A,,2021-05-13,2021-05-10,True,,,,,,,IMPC,0.0,,,
114780,1155,IL23A,,2021-05-13,2021-05-10,True,,,,,,,IMPC,0.0,,,
86814,3258,CD19,,2022-08-09,2022-03-24,True,,,,,,,IMPC,2.0,2.0,,
149854,3258,CD19,,2021-11-30,2021-05-10,True,,,,,,,IMPC,5.0,2.0,,
136977,5203,CDK4,,2021-05-10,2021-05-10,True,,,,,,,IMPC,10.0,13.0,,
144538,1556,CD274,,2021-06-04,2021-05-10,True,,,,,,,IMPC,0.0,,,
144539,1556,CD274,,2021-06-04,2021-05-10,True,,,,,,,IMPC,0.0,,,
144537,1556,CD274,,2021-06-04,2021-05-10,True,,,,,,,IMPC,0.0,,,
144535,1556,CD274,,2021-06-04,2021-05-10,True,,,,,,,IMPC,0.0,,,
144536,1556,CD274,,2021-06-04,2021-05-10,True,,,,,,,IMPC,0.0,,,
144842,6665,IL5RA,,2021-03-31,2020-10-06,True,,,,,,,IMPC,0.0,,,
140985,6665,IL5RA,,2020-11-12,2020-10-06,True,,,,,,,IMPC,0.0,,,
151325,1556,CD274,,2024-08-16,2024-05-07,True,,,,,,,IMPC,0.0,,,
127721,1556,CD274,,2022-04-07,2022-03-24,True,,,,,,,IMPC,0.0,,,
127722,1556,CD274,,2022-04-07,2022-03-24,True,,,,,,,IMPC,0.0,,,
147070,6665,IL5RA,,2022-01-18,2021-05-10,True,,,,,,,IMPC,0.0,,,
100719,6665,IL5RA,,2021-01-26,2020-10-06,True,,,,,,,IMPC,0.0,,,
147069,6665,IL5RA,,2022-01-18,2021-05-10,True,,,,,,,IMPC,0.0,,,
143365,6665,IL5RA,,2020-10-27,2020-10-06,True,,,,,,,IMPC,0.0,,,
141682,6665,IL5RA,,2021-07-21,2021-05-10,True,,,,,,,IMPC,0.0,,,
110427,5222,IL4R,,2022-05-19,2022-03-24,False,,,,,,,IMPC,0.0,,,
98556,5222,IL4R,,2022-08-25,2022-03-24,True,,,,,,,IMPC,0.0,,,
96644,2406,MAT1A,,2020-12-16,2020-10-06,True,,,,,,,IMPC,0.0,,,
112050,2406,MAT1A,,2023-07-21,2023-05-09,True,,,,,,,IMPC,0.0,,,
141433,1155,IL23A,,2020-12-10,2020-10-06,True,,,,,,,IMPC,0.0,,,
138140,5422,HAO1,,2022-01-27,2021-05-10,True,,,,,,,IMPC,0.0,,,
135680,18772,DPYSL3,,2021-07-08,2021-05-10,True,,,,,,,IMPC,0.0,,,
138050,18772,DPYSL3,,2022-05-20,2022-03-24,True,,,,,,,IMPC,0.0,,,
138051,18772,DPYSL3,,2022-05-20,2022-03-24,True,,,,,,,IMPC,0.0,,,
142027,77,IL6R,,2021-10-19,2021-05-10,False,,,,,,,IMPC,0.0,,,
97717,4423,ANK1,,2021-06-07,2021-05-10,True,,,,,,,IMPC,0.0,,,
134267,1933,EZH2,,2022-07-29,2022-03-24,True,,,,,,,IMPC,0.0,0.0,,
113583,18572,MS4A2,,2023-12-21,2023-11-21,True,,,,,,,IMPC,0.0,0.0,,
140408,2458,PIK3CA,,2022-03-08,2021-05-10,True,,,,,,,IMPC,0.0,,,
105910,5735,CCNL2,,2023-05-10,2023-05-09,True,,,,,,,IMPC,0.0,,,
109956,222,VEGFA,,2020-12-16,2020-10-06,True,,,,,,,IMPC,0.0,,,
99522,26065,APBB1,,2020-11-06,2020-10-06,True,,,,,,,IMPC,0.0,,,
128713,26208,DRG2,,2021-03-15,2020-10-06,True,,,,,,,IMPC,0.0,,,
123853,32260,AMD1P2,,2022-08-19,2022-03-24,True,,,,,,,IMPC,0.0,,,
123854,32260,AMD1P2,,2022-08-19,2022-03-24,True,,,,,,,IMPC,0.0,,,
87392,1822,SNAP25,,2021-03-29,2020-10-06,False,,,,,,,IMPC,0.0,,,
138118,19219,XPO1,,2021-05-12,2021-05-10,True,,,,,,,IMPC,2.0,12.0,,
118245,4648,JAK1,,2021-06-30,2021-05-10,True,,,,,,,IMPC,0.0,,,
138461,4648,JAK1,,2021-12-21,2021-05-10,True,,,,,,,IMPC,0.0,,,
81430,23470,ACRV1,,2021-05-31,2021-05-10,False,,,,,,,IMPC,0.0,,,
122146,23470,ACRV1,,2023-01-09,2022-11-28,False,,,,,,,IMPC,0.0,,,
135861,23470,ACRV1,,2022-10-31,2022-03-24,False,,,,,,,IMPC,0.0,,,
140018,1419,PDCD1,,2021-11-30,2021-05-10,True,,,,,,,IMPC,0.0,,,
151650,1419,PDCD1,,2020-11-15,2020-10-06,True,,,,,,,IMPC,0.0,,,
140016,1419,PDCD1,,2021-11-30,2021-05-10,True,,,,,,,IMPC,0.0,,,
140017,1419,PDCD1,,2021-11-30,2021-05-10,True,,,,,,,IMPC,0.0,,,
122907,142,NGF,,2022-01-19,2021-05-10,False,,,,,,,IMPC,0.0,,,
146239,1614,IFNG,,2021-05-25,2021-05-10,True,,,,,,,IMPC,6.0,6.0,,
85589,4876,BRAF,,2021-09-14,2021-05-10,True,,,,,,,IMPC,0.0,,,
85588,4876,BRAF,,2021-09-14,2021-05-10,True,,,,,,,IMPC,0.0,,,
101682,1223,KLKB1,,2022-06-22,2022-03-24,True,,,,,,,IMPC,3.0,2.0,,
85558,247,C5,,2020-12-07,2020-10-06,True,,,,,,,IMPC,0.0,,,
134764,5203,CDK4,,2021-01-20,2020-10-06,True,,,,,,,IMPC,10.0,13.0,,
142254,6274,DLD,,2022-12-07,2022-11-28,True,,,,,,,IMPC,0.0,,,
151628,2406,MAT1A,,2024-05-01,2023-11-21,True,,,,,,,IMPC,0.0,,,
135620,2406,MAT1A,,2023-05-13,2023-05-09,True,,,,,,,IMPC,0.0,,,
135621,2406,MAT1A,,2023-05-13,2023-05-09,True,,,,,,,IMPC,0.0,,,
135622,2406,MAT1A,,2023-05-13,2023-05-09,True,,,,,,,IMPC,0.0,,,
135625,2406,MAT1A,,2023-05-13,2023-05-09,True,,,,,,,IMPC,0.0,,,
135623,2406,MAT1A,,2023-05-13,2023-05-09,True,,,,,,,IMPC,0.0,,,
135624,2406,MAT1A,,2023-05-13,2023-05-09,True,,,,,,,IMPC,0.0,,,
97862,1155,IL23A,,2022-07-13,2022-03-24,True,,,,,,,IMPC,0.0,,,
97863,1155,IL23A,,2022-07-13,2022-03-24,True,,,,,,,IMPC,0.0,,,
85679,5965,LTB4R,,2021-11-16,2021-05-10,True,,,,,,,IMPC,0.0,,,
148653,4536,APAF1,,2020-11-06,2020-10-06,True,,,,,,,IMPC,0.0,,,
139974,4715,PARP2,,2022-03-15,2021-05-10,True,,,,,,,IMPC,0.0,,,
139965,4715,PARP2,,2022-03-15,2021-05-10,True,,,,,,,IMPC,0.0,,,
139970,4715,PARP2,,2022-03-15,2021-05-10,True,,,,,,,IMPC,0.0,,,
139964,4715,PARP2,,2022-03-15,2021-05-10,True,,,,,,,IMPC,0.0,,,
139971,4715,PARP2,,2022-03-15,2021-05-10,True,,,,,,,IMPC,0.0,,,
139972,4715,PARP2,,2022-03-15,2021-05-10,True,,,,,,,IMPC,0.0,,,
139967,4715,PARP2,,2022-03-15,2021-05-10,True,,,,,,,IMPC,0.0,,,
139973,4715,PARP2,,2022-03-15,2021-05-10,True,,,,,,,IMPC,0.0,,,
139966,4715,PARP2,,2022-03-15,2021-05-10,True,,,,,,,IMPC,0.0,,,
139968,4715,PARP2,,2022-03-15,2021-05-10,True,,,,,,,IMPC,0.0,,,
139969,4715,PARP2,,2022-03-15,2021-05-10,True,,,,,,,IMPC,0.0,,,
139963,4715,PARP2,,2022-03-15,2021-05-10,True,,,,,,,IMPC,0.0,,,
152769,4715,PARP2,,2023-11-01,2023-05-09,True,,,,,,,IMPC,0.0,,,
152768,4715,PARP2,,2023-11-01,2023-05-09,True,,,,,,,IMPC,0.0,,,
152770,4715,PARP2,,2023-11-01,2023-05-09,True,,,,,,,IMPC,0.0,,,
85903,4715,PARP2,,2020-10-26,2020-10-06,True,,,,,,,IMPC,0.0,,,
147031,3925,ALPL,,2022-10-27,2022-03-24,False,,,,,,,IMPC,0.0,,,
108107,3925,ALPL,,2021-05-18,2021-05-10,True,,,,,,,IMPC,0.0,,,
129592,3925,ALPL,,2024-02-29,2023-11-21,True,,,,,,,IMPC,0.0,,,
110619,3925,ALPL,,2023-04-03,2022-11-28,True,,,,,,,IMPC,0.0,,,
112151,3925,ALPL,,2022-11-16,2022-03-24,True,,,,,,,IMPC,0.0,,,
112152,3925,ALPL,,2022-11-16,2022-03-24,True,,,,,,,IMPC,0.0,,,
99674,3925,ALPL,,2022-11-16,2022-03-24,True,,,,,,,IMPC,0.0,,,
125564,3925,ALPL,,2024-05-20,2024-05-07,True,,,,,,,IMPC,0.0,,,
80195,3925,ALPL,,2023-02-01,2022-11-28,True,,,,,,,IMPC,0.0,,,
129591,3925,ALPL,,2024-02-29,2023-11-21,True,,,,,,,IMPC,0.0,,,
113865,6163,SLC18A2,,2021-11-29,2021-05-10,True,,,,,,,IMPC,0.0,,,
121676,2406,MAT1A,,2021-03-02,2020-10-06,True,,,,,,,IMPC,0.0,,,
294896,2406,MAT1A,,2023-06-29,2023-05-09,True,,,,,,,IMPC,0.0,,,
294897,2406,MAT1A,,2023-06-29,2023-05-09,True,,,,,,,IMPC,0.0,,,
294898,2406,MAT1A,,2023-06-29,2023-05-09,True,,,,,,,IMPC,0.0,,,
81886,2406,MAT1A,,2020-10-30,2020-10-06,True,,,,,,,IMPC,0.0,,,
448846,2406,MAT1A,,2023-06-29,2023-05-09,True,,,,,,,IMPC,0.0,,,
448844,2406,MAT1A,,2023-06-29,2023-05-09,True,,,,,,,IMPC,0.0,,,
371872,2406,MAT1A,,2023-06-29,2023-05-09,True,,,,,,,IMPC,0.0,,,
96991,2406,MAT1A,,2020-12-16,2020-10-06,True,,,,,,,IMPC,0.0,,,
371871,2406,MAT1A,,2023-06-29,2023-05-09,True,,,,,,,IMPC,0.0,,,
88225,2406,MAT1A,,2021-01-13,2020-10-06,True,,,,,,,IMPC,0.0,,,
151262,2406,MAT1A,,2022-05-19,2022-03-24,True,,,,,,,IMPC,0.0,,,
151263,2406,MAT1A,,2022-05-19,2022-03-24,True,,,,,,,IMPC,0.0,,,
129293,2406,MAT1A,,2021-02-23,2020-10-06,True,,,,,,,IMPC,0.0,,,
98802,2406,MAT1A,,2023-08-28,2023-05-09,True,,,,,,,IMPC,0.0,,,
371870,2406,MAT1A,,2023-06-29,2023-05-09,True,,,,,,,IMPC,0.0,,,
448845,2406,MAT1A,,2023-06-29,2023-05-09,True,,,,,,,IMPC,0.0,,,
149539,17010,COL13A1,,2022-11-24,2022-03-24,False,,,,,,,IMPC,0.0,0.0,,
141479,2247,BCL2,,2021-07-01,2021-05-10,True,,,,,,,IMPC,0.0,,,
127348,2247,BCL2,,2020-10-13,2020-10-06,True,,,,,,,IMPC,0.0,,,
143400,4849,ALK,,2021-05-24,2021-05-10,True,,,,,,,IMPC,0.0,,,
143407,4849,ALK,,2021-05-24,2021-05-10,True,,,,,,,IMPC,0.0,,,
143397,4849,ALK,,2021-05-24,2021-05-10,True,,,,,,,IMPC,0.0,,,
143396,4849,ALK,,2021-05-24,2021-05-10,True,,,,,,,IMPC,0.0,,,
143394,4849,ALK,,2021-05-24,2021-05-10,True,,,,,,,IMPC,0.0,,,
143398,4849,ALK,,2021-05-24,2021-05-10,True,,,,,,,IMPC,0.0,,,
143399,4849,ALK,,2021-05-24,2021-05-10,True,,,,,,,IMPC,0.0,,,
88223,4849,ALK,,2021-01-13,2020-10-06,True,,,,,,,IMPC,0.0,,,
143401,4849,ALK,,2021-05-24,2021-05-10,True,,,,,,,IMPC,0.0,,,
143402,4849,ALK,,2021-05-24,2021-05-10,True,,,,,,,IMPC,0.0,,,
143395,4849,ALK,,2021-05-24,2021-05-10,True,,,,,,,IMPC,0.0,,,
143403,4849,ALK,,2021-05-24,2021-05-10,True,,,,,,,IMPC,0.0,,,
143404,4849,ALK,,2021-05-24,2021-05-10,True,,,,,,,IMPC,0.0,,,
143405,4849,ALK,,2021-05-24,2021-05-10,True,,,,,,,IMPC,0.0,,,
143406,4849,ALK,,2021-05-24,2021-05-10,True,,,,,,,IMPC,0.0,,,
143408,4849,ALK,,2021-05-24,2021-05-10,True,,,,,,,IMPC,0.0,,,
88973,727,INSR,,2021-02-04,2020-10-06,True,,,,,,,IMPC,0.0,,,
82334,1300,KDR,,2021-07-15,2021-05-10,True,,,,,,,IMPC,0.0,,,
123225,1300,KDR,,2021-07-28,2021-05-10,True,,,,,,,IMPC,0.0,,,
98887,1300,KDR,,2020-12-30,2020-10-06,True,,,,,,,IMPC,0.0,,,
131577,1300,KDR,,2021-02-23,2020-10-06,True,,,,,,,IMPC,0.0,,,
123270,1300,KDR,,2021-09-18,2021-05-10,True,,,,,,,IMPC,0.0,,,
149285,23516,DXO,,2021-09-22,2021-05-10,True,,,,,,,IMPC,0.0,,,
152535,23516,DXO,,2024-05-31,2024-05-07,True,,,,,,,IMPC,0.0,,,
147410,23516,DXO,,2022-01-19,2021-05-10,True,,,,,,,IMPC,0.0,,,
136637,5203,CDK4,,2023-07-28,2023-05-09,True,,,,,,,IMPC,13.0,13.0,,
136633,5203,CDK4,,2023-07-28,2023-05-09,True,,,,,,,IMPC,13.0,13.0,,
136629,5203,CDK4,,2023-07-28,2023-05-09,True,,,,,,,IMPC,13.0,13.0,,
136630,5203,CDK4,,2023-07-28,2023-05-09,True,,,,,,,IMPC,13.0,13.0,,
136631,5203,CDK4,,2023-07-28,2023-05-09,True,,,,,,,IMPC,13.0,13.0,,
136636,5203,CDK4,,2023-07-28,2023-05-09,True,,,,,,,IMPC,13.0,13.0,,
136635,5203,CDK4,,2023-07-28,2023-05-09,True,,,,,,,IMPC,13.0,13.0,,
136628,5203,CDK4,,2023-07-28,2023-05-09,True,,,,,,,IMPC,13.0,13.0,,
136632,5203,CDK4,,2023-07-28,2023-05-09,True,,,,,,,IMPC,13.0,13.0,,
136634,5203,CDK4,,2023-07-28,2023-05-09,True,,,,,,,IMPC,13.0,13.0,,
135219,1228,IL17A,,2023-08-02,2023-05-09,True,,,,,,,IMPC,7.0,7.0,,
108368,7009,CKAP2,,2024-06-25,2024-05-07,False,,,,,,,IMPC,0.0,,,
93307,7009,CKAP2,,2020-10-20,2020-10-06,False,,,,,,,IMPC,0.0,,,
125436,159,ATP4A,,2021-05-29,2021-05-10,False,,,,,,,IMPC,0.0,,,
125439,159,ATP4A,,2021-05-29,2021-05-10,False,,,,,,,IMPC,0.0,,,
125435,159,ATP4A,,2021-05-29,2021-05-10,False,,,,,,,IMPC,0.0,,,
125437,159,ATP4A,,2021-05-29,2021-05-10,False,,,,,,,IMPC,0.0,,,
125438,159,ATP4A,,2021-05-29,2021-05-10,False,,,,,,,IMPC,0.0,,,
115319,4319,AAMP,,2022-02-24,2021-05-10,False,,,,,,,IMPC,2.0,2.0,,
95148,81228,A2MP1,,2020-12-15,2020-10-06,False,,,,,,,IMPC,0.0,,,
150640,31588,NBEAP1,,2025-03-26,2024-05-07,False,,,,,,,IMPC,0.0,,,
151196,31588,NBEAP1,,2023-09-15,2023-05-09,False,,,,,,,IMPC,0.0,,,
108684,31588,NBEAP1,,2022-03-24,2022-03-24,False,,,,,,,IMPC,0.0,,,
123231,31588,NBEAP1,,2021-07-28,2021-05-10,False,,,,,,,IMPC,0.0,,,
147684,31588,NBEAP1,,2021-04-23,2020-10-06,False,,,,,,,IMPC,0.0,,,
135157,31588,NBEAP1,,2021-03-01,2020-10-06,False,,,,,,,IMPC,0.0,,,
81888,31588,NBEAP1,,2020-10-30,2020-10-06,False,,,,,,,IMPC,0.0,,,
150674,31588,NBEAP1,,2021-05-15,2021-05-10,False,,,,,,,IMPC,0.0,,,
150673,31588,NBEAP1,,2021-05-15,2021-05-10,False,,,,,,,IMPC,0.0,,,
145267,31588,NBEAP1,,2021-07-22,2021-05-10,False,,,,,,,IMPC,0.0,,,
88230,31588,NBEAP1,,2021-01-13,2020-10-06,False,,,,,,,IMPC,0.0,,,
85623,6799,DLX6,,2022-03-18,2021-05-10,True,,,,,,,IMPC,0.0,,,
93471,3925,ALPL,,2024-09-20,2024-05-07,True,,,,,,,IMPC,0.0,,,
99675,3925,ALPL,,2023-04-21,2022-11-28,True,,,,,,,IMPC,0.0,,,
81385,3925,ALPL,,2024-04-29,2023-11-21,True,,,,,,,IMPC,0.0,,,
81386,3925,ALPL,,2024-04-29,2023-11-21,True,,,,,,,IMPC,0.0,,,
114953,3925,ALPL,,2021-04-28,2020-10-06,True,,,,,,,IMPC,0.0,,,
134032,3925,ALPL,,2021-06-15,2021-05-10,True,,,,,,,IMPC,0.0,,,
128744,3925,ALPL,,2024-10-08,2024-05-07,True,,,,,,,IMPC,0.0,,,
113637,3925,ALPL,,2023-06-23,2023-05-09,True,,,,,,,IMPC,0.0,,,
113636,3925,ALPL,,2023-06-23,2023-05-09,True,,,,,,,IMPC,0.0,,,
113635,3925,ALPL,,2023-06-23,2023-05-09,True,,,,,,,IMPC,0.0,,,
113634,3925,ALPL,,2023-06-23,2023-05-09,True,,,,,,,IMPC,0.0,,,
128472,3925,ALPL,,2023-06-20,2023-05-09,True,,,,,,,IMPC,0.0,,,
85464,3925,ALPL,,2024-02-23,2023-11-21,False,,,,,,,IMPC,0.0,,,
103267,6163,SLC18A2,,2022-04-15,2022-03-24,True,,,,,,,IMPC,0.0,,,
103266,6163,SLC18A2,,2022-04-15,2022-03-24,True,,,,,,,IMPC,0.0,,,
217924,2406,MAT1A,,2023-06-29,2023-05-09,True,,,,,,,IMPC,0.0,,,
146246,2406,MAT1A,,2021-11-15,2021-05-10,True,,,,,,,IMPC,0.0,,,
142038,2406,MAT1A,,2021-08-06,2021-05-10,True,,,,,,,IMPC,0.0,,,
217923,2406,MAT1A,,2023-06-29,2023-05-09,True,,,,,,,IMPC,0.0,,,
140948,2406,MAT1A,,2023-06-29,2023-05-09,True,,,,,,,IMPC,0.0,,,
140949,2406,MAT1A,,2023-06-29,2023-05-09,True,,,,,,,IMPC,0.0,,,
140950,2406,MAT1A,,2023-06-29,2023-05-09,True,,,,,,,IMPC,0.0,,,
142036,2406,MAT1A,,2021-08-06,2021-05-10,True,,,,,,,IMPC,0.0,,,
87315,2406,MAT1A,,2022-04-12,2022-03-24,True,,,,,,,IMPC,0.0,,,
217922,2406,MAT1A,,2023-06-29,2023-05-09,True,,,,,,,IMPC,0.0,,,
142037,2406,MAT1A,,2021-08-06,2021-05-10,True,,,,,,,IMPC,0.0,,,
146245,2406,MAT1A,,2021-11-15,2021-05-10,True,,,,,,,IMPC,0.0,,,
146244,2406,MAT1A,,2021-11-15,2021-05-10,True,,,,,,,IMPC,0.0,,,
77852,6272,SV2A,,2021-02-07,2020-10-06,True,,,,,,,IMPC,0.0,,,
99778,1726,ITGB2,,2025-10-24,2024-05-07,True,,,,,,,IMPC,0.0,0.0,,
152237,2247,BCL2,,2022-11-22,2022-03-24,True,,,,,,,IMPC,0.0,,,
140219,2247,BCL2,,2021-05-31,2021-05-10,True,,,,,,,IMPC,0.0,,,
146393,2247,BCL2,,2021-08-26,2021-05-10,True,,,,,,,IMPC,0.0,,,
119923,727,INSR,,2020-10-30,2020-10-06,True,,,,,,,IMPC,0.0,,,
95614,727,INSR,,2023-08-11,2023-05-09,True,,,,,,,IMPC,0.0,,,
101255,1300,KDR,,2021-09-16,2021-05-10,True,,,,,,,IMPC,0.0,,,
132244,1300,KDR,,2023-09-29,2023-05-09,True,,,,,,,IMPC,0.0,,,
132243,1300,KDR,,2023-09-29,2023-05-09,True,,,,,,,IMPC,0.0,,,
132242,1300,KDR,,2023-09-29,2023-05-09,True,,,,,,,IMPC,0.0,,,
101247,1300,KDR,,2021-09-16,2021-05-10,True,,,,,,,IMPC,0.0,,,
101248,1300,KDR,,2021-09-16,2021-05-10,True,,,,,,,IMPC,0.0,,,
101249,1300,KDR,,2021-09-16,2021-05-10,True,,,,,,,IMPC,0.0,,,
101250,1300,KDR,,2021-09-16,2021-05-10,True,,,,,,,IMPC,0.0,,,
101251,1300,KDR,,2021-09-16,2021-05-10,True,,,,,,,IMPC,0.0,,,
101252,1300,KDR,,2021-09-16,2021-05-10,True,,,,,,,IMPC,0.0,,,
101253,1300,KDR,,2021-09-16,2021-05-10,True,,,,,,,IMPC,0.0,,,
101254,1300,KDR,,2021-09-16,2021-05-10,True,,,,,,,IMPC,0.0,,,
91047,1300,KDR,,2021-03-16,2020-10-06,True,,,,,,,IMPC,0.0,,,
136640,5203,CDK4,,2023-07-28,2023-05-09,True,,,,,,,IMPC,13.0,13.0,,
136638,5203,CDK4,,2023-07-28,2023-05-09,True,,,,,,,IMPC,13.0,13.0,,
136641,5203,CDK4,,2023-07-28,2023-05-09,True,,,,,,,IMPC,13.0,13.0,,
136639,5203,CDK4,,2023-07-28,2023-05-09,True,,,,,,,IMPC,13.0,13.0,,
95354,1228,IL17A,,2023-02-15,2022-11-28,True,,,,,,,IMPC,7.0,7.0,,
152238,1228,IL17A,,2022-08-16,2022-03-24,True,,,,,,,IMPC,7.0,7.0,,
140273,1228,IL17A,,2021-11-29,2021-05-10,True,,,,,,,IMPC,7.0,7.0,,
140272,1228,IL17A,,2021-11-29,2021-05-10,True,,,,,,,IMPC,7.0,7.0,,
134225,5161,PTGIR,,2021-05-03,2020-10-06,True,,,,,,,IMPC,0.0,,,
130782,19108,COL16A1,,2022-03-25,2022-03-24,False,,,,,,,IMPC,2.0,4.0,,
130783,19108,COL16A1,,2022-03-25,2022-03-24,False,,,,,,,IMPC,2.0,4.0,,
138163,2129,DRD2,,2021-06-30,2021-05-10,False,,,,,,,IMPC,0.0,,,
85747,19548,INHA,,2022-04-12,2022-03-24,False,,,,,,,IMPC,0.0,,,
90195,31588,NBEAP1,,2022-07-25,2022-03-24,False,,,,,,,IMPC,0.0,,,
90194,31588,NBEAP1,,2022-07-25,2022-03-24,False,,,,,,,IMPC,0.0,,,
97498,31588,NBEAP1,,2021-06-11,2021-05-10,False,,,,,,,IMPC,0.0,,,
142352,31588,NBEAP1,,2021-04-22,2020-10-06,False,,,,,,,IMPC,0.0,,,
144006,31588,NBEAP1,,2022-12-14,2022-11-28,False,,,,,,,IMPC,0.0,,,
141179,5222,IL4R,,2021-05-03,2020-10-06,True,,,,,,,IMPC,0.0,,,
80791,5222,IL4R,,2021-04-14,2020-10-06,True,,,,,,,IMPC,0.0,,,
77128,5222,IL4R,,2023-05-16,2023-05-09,True,,,,,,,IMPC,0.0,,,
148137,2406,MAT1A,,2021-06-17,2021-05-10,True,,,,,,,IMPC,0.0,,,
113318,2406,MAT1A,,2021-11-11,2021-05-10,True,,,,,,,IMPC,0.0,,,
118511,2026,ACP5,,2024-11-04,2024-05-07,False,,,,,,,IMPC,0.0,,,
144566,1155,IL23A,,2023-02-21,2022-11-28,True,,,,,,,IMPC,0.0,,,
131937,1155,IL23A,,2023-08-24,2023-05-09,True,,,,,,,IMPC,0.0,,,
103906,3925,ALPL,,2023-09-20,2023-05-09,False,,,,,,,IMPC,0.0,,,
113327,3925,ALPL,,2024-01-16,2023-11-21,True,,,,,,,IMPC,0.0,,,
525819,2406,MAT1A,,2023-06-29,2023-05-09,True,,,,,,,IMPC,0.0,,,
525818,2406,MAT1A,,2023-06-29,2023-05-09,True,,,,,,,IMPC,0.0,,,
525820,2406,MAT1A,,2023-06-29,2023-05-09,True,,,,,,,IMPC,0.0,,,
107535,1228,IL17A,,2024-09-24,2024-05-07,True,,,,,,,IMPC,7.0,7.0,,
86909,19833,PARP3,,2021-03-22,2020-10-06,True,,,,,,,IMPC,0.0,,,
146582,2247,BCL2,,2021-06-28,2021-05-10,True,,,,,,,IMPC,0.0,,,
111579,4,PCSK9,,2021-04-22,2020-10-06,True,,,,,,,IMPC,6.0,5.0,,
111580,4,PCSK9,,2021-04-22,2020-10-06,True,,,,,,,IMPC,6.0,5.0,,
146930,3619,CD38,,2020-12-21,2020-10-06,True,,,,,,,IMPC,0.0,14.0,,
146931,3619,CD38,,2020-12-21,2020-10-06,True,,,,,,,IMPC,0.0,14.0,,
146777,3619,CD38,,2021-11-09,2021-05-10,True,,,,,,,IMPC,0.0,14.0,,
111578,4,PCSK9,,2021-04-22,2020-10-06,True,,,,,,,IMPC,6.0,5.0,,
111577,4,PCSK9,,2021-04-22,2020-10-06,True,,,,,,,IMPC,6.0,5.0,,
118944,727,INSR,,2022-06-03,2022-03-24,True,,,,,,,IMPC,0.0,,,
118945,727,INSR,,2022-03-08,2021-05-10,True,,,,,,,IMPC,0.0,,,
109348,1300,KDR,,2021-03-29,2020-10-06,True,,,,,,,IMPC,0.0,,,
150210,5203,CDK4,,2022-04-21,2022-03-24,True,,,,,,,IMPC,12.0,13.0,,
150153,3211,MME,,2021-05-26,2021-05-10,True,,,,,,,IMPC,0.0,1.0,,
127972,1228,IL17A,,2021-07-21,2021-05-10,True,,,,,,,IMPC,7.0,7.0,,
148355,5161,PTGIR,,2021-02-26,2020-10-06,True,,,,,,,IMPC,0.0,,,
107083,4612,SLC12A3,,2021-11-05,2021-05-10,False,,,,,,,IMPC,0.0,,,
150294,4281,BPI,,2025-12-15,2024-05-07,False,,,,,,,IMPC,0.0,0.0,,
105018,159,ATP4A,,2021-08-11,2021-05-10,False,,,,,,,IMPC,0.0,,,
107359,81228,A2MP1,,2023-04-13,2022-11-28,False,,,,,,,IMPC,0.0,,,
107360,81228,A2MP1,,2023-04-13,2022-11-28,False,,,,,,,IMPC,0.0,,,
128159,31588,NBEAP1,,2021-04-01,2020-10-06,False,,,,,,,IMPC,0.0,,,
84558,31588,NBEAP1,,2021-08-17,2021-05-10,False,,,,,,,IMPC,0.0,,,
104184,31588,NBEAP1,,2021-01-12,2020-10-06,False,,,,,,,IMPC,0.0,,,
98245,31588,NBEAP1,,2023-03-15,2022-11-28,False,,,,,,,IMPC,0.0,,,
107394,31588,NBEAP1,,2023-02-01,2022-11-28,False,,,,,,,IMPC,0.0,,,
111323,31588,NBEAP1,,2022-09-09,2022-03-24,False,,,,,,,IMPC,0.0,,,
141419,2721,FOLH1,,2021-09-07,2021-05-10,False,,,,,,,IMPC,3.0,0.0,,
144470,2721,FOLH1,,2022-02-14,2021-05-10,False,,,,,,,IMPC,3.0,0.0,,
132961,2721,FOLH1,,2022-05-13,2022-03-24,False,,,,,,,IMPC,1.0,0.0,,
145320,2721,FOLH1,,2022-01-06,2021-05-10,False,,,,,,,IMPC,3.0,0.0,,
110510,2721,FOLH1,,2021-10-26,2021-05-10,False,,,,,,,IMPC,3.0,0.0,,
139442,2721,FOLH1,,2021-10-01,2021-05-10,False,,,,,,,IMPC,3.0,0.0,,
93050,358,GABRA4,,2021-02-11,2020-10-06,False,,,,,,,IMPC,0.0,,,
123379,358,GABRA4,,2021-07-26,2021-05-10,False,,,,,,,IMPC,0.0,,,
149621,3927,RARA,,2021-12-02,2021-05-10,False,,,,,,,IMPC,0.0,,,
129219,5634,CHRM1,,2021-02-15,2020-10-06,False,,,,,,,IMPC,0.0,,,
100937,25126,POLR3D,,2023-07-20,2023-05-09,False,,,,,,,IMPC,7.0,7.0,,
100936,25126,POLR3D,,2023-07-20,2023-05-09,False,,,,,,,IMPC,7.0,7.0,,
125441,17227,NFE4,,2021-05-29,2021-05-10,False,,,,,,,IMPC,0.0,,,
150849,17227,NFE4,,2024-09-20,2024-05-07,False,,,,,,,IMPC,0.0,,,
108560,17227,NFE4,,2023-05-22,2023-05-09,False,,,,,,,IMPC,0.0,,,
125442,17227,NFE4,,2021-05-29,2021-05-10,False,,,,,,,IMPC,0.0,,,
125443,17227,NFE4,,2021-05-29,2021-05-10,False,,,,,,,IMPC,0.0,,,
125444,17227,NFE4,,2021-05-29,2021-05-10,False,,,,,,,IMPC,0.0,,,
125440,17227,NFE4,,2021-05-29,2021-05-10,False,,,,,,,IMPC,0.0,,,
100787,2537,BAAT,,2022-09-10,2022-03-24,False,,,,,,,IMPC,8.0,10.0,,
141806,3656,NLRC4,,2021-06-16,2021-05-10,False,,,,,,,IMPC,0.0,,,
141805,3656,NLRC4,,2021-06-16,2021-05-10,False,,,,,,,IMPC,0.0,,,
141809,3656,NLRC4,,2021-06-16,2021-05-10,False,,,,,,,IMPC,0.0,,,
141808,3656,NLRC4,,2021-06-16,2021-05-10,False,,,,,,,IMPC,0.0,,,
141807,3656,NLRC4,,2021-06-16,2021-05-10,False,,,,,,,IMPC,0.0,,,
137667,3656,NLRC4,,2022-06-24,2022-03-24,False,,,,,,,IMPC,0.0,,,
151417,17227,NFE4,,2020-12-01,2020-10-06,False,,,,,,,IMPC,0.0,,,
152480,17227,NFE4,,2020-12-01,2020-10-06,False,,,,,,,IMPC,0.0,,,
152479,17227,NFE4,,2020-12-01,2020-10-06,False,,,,,,,IMPC,0.0,,,
101018,261,OPRM1,,2021-01-28,2020-10-06,False,,,,,,,IMPC,0.0,,,
101019,261,OPRM1,,2021-01-28,2020-10-06,False,,,,,,,IMPC,0.0,,,
91189,23429,COL9A2,,2021-01-11,2020-10-06,False,,,,,,,IMPC,11.0,15.0,,
133027,3274,RPSA,,2022-07-26,2022-03-24,False,,,,,,,IMPC,0.0,,,
117612,1040,NR3C1,,2021-05-05,2020-10-06,False,,,,,,,IMPC,0.0,,,
117611,1040,NR3C1,,2021-05-05,2020-10-06,False,,,,,,,IMPC,0.0,,,
117610,1040,NR3C1,,2021-05-05,2020-10-06,False,,,,,,,IMPC,0.0,,,
112223,1040,NR3C1,,2020-12-01,2020-10-06,False,,,,,,,IMPC,0.0,,,
112224,1040,NR3C1,,2020-12-01,2020-10-06,False,,,,,,,IMPC,0.0,,,
92955,1040,NR3C1,,2023-03-06,2022-11-28,False,,,,,,,IMPC,0.0,,,
94881,1040,NR3C1,,2021-10-07,2021-05-10,False,,,,,,,IMPC,0.0,,,
125454,119,ATP2B1,,2021-05-29,2021-05-10,False,,,,,,,IMPC,8.0,9.0,,
125450,119,ATP2B1,,2021-05-29,2021-05-10,False,,,,,,,IMPC,8.0,9.0,,
125453,119,ATP2B1,,2021-05-29,2021-05-10,False,,,,,,,IMPC,8.0,9.0,,
125452,119,ATP2B1,,2021-05-29,2021-05-10,False,,,,,,,IMPC,8.0,9.0,,
125451,119,ATP2B1,,2021-05-29,2021-05-10,False,,,,,,,IMPC,8.0,9.0,,
123425,670,ESR1,,2022-11-15,2022-03-24,False,,,,,,,IMPC,0.0,,,
123426,670,ESR1,,2022-11-15,2022-03-24,False,,,,,,,IMPC,0.0,,,
152492,18,PTGS2,,2025-09-15,2024-05-07,False,,,,,,,IMPC,0.0,,,
152782,23516,DXO,,2023-11-30,2023-11-21,False,,,,,,,IMPC,0.0,,,
117780,2695,SCN2A,,2021-02-24,2020-10-06,False,,,,,,,IMPC,0.0,,,
143739,4041,NR4A3,,2021-01-05,2020-10-06,False,,,,,,,IMPC,0.0,,,
143738,4041,NR4A3,,2021-01-05,2020-10-06,False,,,,,,,IMPC,0.0,,,
143737,4041,NR4A3,,2021-01-05,2020-10-06,False,,,,,,,IMPC,0.0,,,
143736,4041,NR4A3,,2021-01-05,2020-10-06,False,,,,,,,IMPC,0.0,,,
115909,4041,NR4A3,,2022-07-14,2022-03-24,False,,,,,,,IMPC,0.0,,,
84466,3541,KCNJ8,,2025-07-14,2024-05-07,False,,,,,,,IMPC,0.0,0.0,,
84467,3541,KCNJ8,,2025-07-14,2024-05-07,False,,,,,,,IMPC,0.0,0.0,,
108559,20,PTGS1,,2023-05-22,2023-05-09,False,,,,,,,IMPC,3.0,3.0,,
101283,31588,NBEAP1,,2021-09-16,2021-05-10,False,,,,,,,IMPC,0.0,,,
101284,31588,NBEAP1,,2021-09-16,2021-05-10,False,,,,,,,IMPC,0.0,,,
101282,31588,NBEAP1,,2021-09-16,2021-05-10,False,,,,,,,IMPC,0.0,,,
101281,31588,NBEAP1,,2021-09-16,2021-05-10,False,,,,,,,IMPC,0.0,,,
101280,31588,NBEAP1,,2021-09-16,2021-05-10,False,,,,,,,IMPC,0.0,,,
110775,31588,NBEAP1,,2021-11-16,2021-05-10,False,,,,,,,IMPC,0.0,,,
110774,31588,NBEAP1,,2021-11-16,2021-05-10,False,,,,,,,IMPC,0.0,,,
110773,31588,NBEAP1,,2021-11-16,2021-05-10,False,,,,,,,IMPC,0.0,,,
136682,31588,NBEAP1,,2023-11-27,2023-11-21,False,,,,,,,IMPC,0.0,,,
101279,31588,NBEAP1,,2021-09-16,2021-05-10,False,,,,,,,IMPC,0.0,,,
115549,31588,NBEAP1,,2022-03-03,2021-05-10,False,,,,,,,IMPC,0.0,,,
115550,31588,NBEAP1,,2022-03-03,2021-05-10,False,,,,,,,IMPC,0.0,,,
101278,31588,NBEAP1,,2021-09-16,2021-05-10,False,,,,,,,IMPC,0.0,,,
101277,31588,NBEAP1,,2021-09-16,2021-05-10,False,,,,,,,IMPC,0.0,,,
123845,31588,NBEAP1,,2021-02-17,2020-10-06,False,,,,,,,IMPC,0.0,,,
123846,31588,NBEAP1,,2021-02-17,2020-10-06,False,,,,,,,IMPC,0.0,,,
150445,31588,NBEAP1,,2022-09-30,2022-03-24,False,,,,,,,IMPC,0.0,,,
119242,89,ABO,,2021-03-31,2020-10-06,False,,,,,,,IMPC,0.0,3.0,,
119243,89,ABO,,2021-03-31,2020-10-06,False,,,,,,,IMPC,0.0,3.0,,
101310,2721,FOLH1,,2021-09-16,2021-05-10,False,,,,,,,IMPC,3.0,0.0,,
90203,2721,FOLH1,,2022-07-25,2022-03-24,False,,,,,,,IMPC,1.0,0.0,,
106144,2721,FOLH1,,2023-09-28,2023-05-09,False,,,,,,,IMPC,1.0,0.0,,
106143,2721,FOLH1,,2023-09-28,2023-05-09,False,,,,,,,IMPC,1.0,0.0,,
101304,2721,FOLH1,,2021-09-16,2021-05-10,False,,,,,,,IMPC,3.0,0.0,,
90202,2721,FOLH1,,2022-07-25,2022-03-24,False,,,,,,,IMPC,1.0,0.0,,
101305,2721,FOLH1,,2021-09-16,2021-05-10,False,,,,,,,IMPC,3.0,0.0,,
149096,2721,FOLH1,,2021-04-30,2020-10-06,False,,,,,,,IMPC,3.0,0.0,,
101306,2721,FOLH1,,2021-09-16,2021-05-10,False,,,,,,,IMPC,3.0,0.0,,
101311,2721,FOLH1,,2021-09-16,2021-05-10,False,,,,,,,IMPC,3.0,0.0,,
149097,2721,FOLH1,,2021-04-30,2020-10-06,False,,,,,,,IMPC,3.0,0.0,,
101307,2721,FOLH1,,2021-09-16,2021-05-10,False,,,,,,,IMPC,3.0,0.0,,
149098,2721,FOLH1,,2021-04-30,2020-10-06,False,,,,,,,IMPC,3.0,0.0,,
101308,2721,FOLH1,,2021-09-16,2021-05-10,False,,,,,,,IMPC,3.0,0.0,,
142031,2721,FOLH1,,2021-12-22,2021-05-10,False,,,,,,,IMPC,3.0,0.0,,
101312,2721,FOLH1,,2021-09-16,2021-05-10,False,,,,,,,IMPC,3.0,0.0,,
150577,2721,FOLH1,,2024-06-27,2024-05-07,False,,,,,,,IMPC,0.0,0.0,,
101313,2721,FOLH1,,2021-09-16,2021-05-10,False,,,,,,,IMPC,3.0,0.0,,
150578,2721,FOLH1,,2024-06-27,2024-05-07,False,,,,,,,IMPC,0.0,0.0,,
150579,2721,FOLH1,,2024-06-27,2024-05-07,False,,,,,,,IMPC,0.0,0.0,,
108862,2721,FOLH1,,2021-02-23,2020-10-06,False,,,,,,,IMPC,3.0,0.0,,
142284,2721,FOLH1,,2022-10-03,2022-03-24,False,,,,,,,IMPC,1.0,0.0,,
101309,2721,FOLH1,,2021-09-16,2021-05-10,False,,,,,,,IMPC,3.0,0.0,,
106151,2721,FOLH1,,2023-09-28,2023-05-09,False,,,,,,,IMPC,1.0,0.0,,
106150,2721,FOLH1,,2023-09-28,2023-05-09,False,,,,,,,IMPC,1.0,0.0,,
106149,2721,FOLH1,,2023-09-28,2023-05-09,False,,,,,,,IMPC,1.0,0.0,,
106148,2721,FOLH1,,2023-09-28,2023-05-09,False,,,,,,,IMPC,1.0,0.0,,
106147,2721,FOLH1,,2023-09-28,2023-05-09,False,,,,,,,IMPC,1.0,0.0,,
106146,2721,FOLH1,,2023-09-28,2023-05-09,False,,,,,,,IMPC,1.0,0.0,,
106145,2721,FOLH1,,2023-09-28,2023-05-09,False,,,,,,,IMPC,1.0,0.0,,
120173,358,GABRA4,,2020-12-08,2020-10-06,False,,,,,,,IMPC,0.0,,,
103141,358,GABRA4,,2022-04-28,2022-03-24,False,,,,,,,IMPC,0.0,,,
119954,25126,POLR3D,,2023-07-21,2023-05-09,False,,,,,,,IMPC,7.0,7.0,,
119955,25126,POLR3D,,2023-07-21,2023-05-09,False,,,,,,,IMPC,7.0,7.0,,
89291,17227,NFE4,,2022-11-17,2022-03-24,False,,,,,,,IMPC,0.0,,,
132594,23,ABCA1,,2022-09-21,2022-03-24,False,,,,,,,IMPC,5.0,4.0,,
138162,363,GABRD,,2021-06-30,2021-05-10,False,,,,,,,IMPC,0.0,,,
122902,6373,CPT2,,2021-01-28,2020-10-06,False,,,,,,,IMPC,6.0,3.0,,
89130,72674,pbp2,,2022-08-28,2022-03-24,False,,,,,,,IMPC,0.0,,,
89131,72674,pbp2,,2022-08-28,2022-03-24,False,,,,,,,IMPC,0.0,,,
106153,1040,NR3C1,,2023-09-28,2023-05-09,False,,,,,,,IMPC,0.0,,,
106152,1040,NR3C1,,2023-09-28,2023-05-09,False,,,,,,,IMPC,0.0,,,
99641,1040,NR3C1,,2022-06-09,2022-03-24,False,,,,,,,IMPC,0.0,,,
106154,1040,NR3C1,,2023-09-28,2023-05-09,False,,,,,,,IMPC,0.0,,,
106160,1040,NR3C1,,2023-09-28,2023-05-09,False,,,,,,,IMPC,0.0,,,
106157,1040,NR3C1,,2023-09-28,2023-05-09,False,,,,,,,IMPC,0.0,,,
106156,1040,NR3C1,,2023-09-28,2023-05-09,False,,,,,,,IMPC,0.0,,,
106155,1040,NR3C1,,2023-09-28,2023-05-09,False,,,,,,,IMPC,0.0,,,
150385,1040,NR3C1,,2024-03-29,2023-11-21,False,,,,,,,IMPC,0.0,,,
106159,1040,NR3C1,,2023-09-28,2023-05-09,False,,,,,,,IMPC,0.0,,,
106158,1040,NR3C1,,2023-09-28,2023-05-09,False,,,,,,,IMPC,0.0,,,
85681,6409,AOC1,,2021-11-16,2021-05-10,False,,,,,,,IMPC,7.0,6.0,,
101630,361,GABRG1,,2021-01-14,2020-10-06,False,,,,,,,IMPC,0.0,,,
135502,3927,RARA,,2021-02-08,2020-10-06,False,,,,,,,IMPC,0.0,,,
87530,3886,AKR1A1,,2023-10-20,2023-05-09,False,,,,,,,IMPC,0.0,,,
87529,3886,AKR1A1,,2023-10-20,2023-05-09,False,,,,,,,IMPC,0.0,,,
117411,1808,COMP,,2020-11-16,2020-10-06,False,,,,,,,IMPC,0.0,,,
130854,1808,COMP,,2021-07-27,2021-05-10,False,,,,,,,IMPC,0.0,,,
78711,3789,SLC6A2,,2021-10-26,2021-05-10,False,,,,,,,IMPC,4.0,5.0,,
78713,3789,SLC6A2,,2021-10-26,2021-05-10,False,,,,,,,IMPC,4.0,5.0,,
78712,3789,SLC6A2,,2021-10-26,2021-05-10,False,,,,,,,IMPC,4.0,5.0,,
85971,3453,THRB,,2023-07-21,2023-05-09,False,,,,,,,IMPC,0.0,,,
85972,3453,THRB,,2023-07-21,2023-05-09,False,,,,,,,IMPC,0.0,,,
143487,5587,KCNQ5,,2021-03-29,2020-10-06,False,,,,,,,IMPC,0.0,0.0,,
143486,5587,KCNQ5,,2021-03-29,2020-10-06,False,,,,,,,IMPC,0.0,0.0,,
143491,5587,KCNQ5,,2021-03-29,2020-10-06,False,,,,,,,IMPC,0.0,0.0,,
143488,5587,KCNQ5,,2021-03-29,2020-10-06,False,,,,,,,IMPC,0.0,0.0,,
143492,5587,KCNQ5,,2021-03-29,2020-10-06,False,,,,,,,IMPC,0.0,0.0,,
143489,5587,KCNQ5,,2021-03-29,2020-10-06,False,,,,,,,IMPC,0.0,0.0,,
143490,5587,KCNQ5,,2021-03-29,2020-10-06,False,,,,,,,IMPC,0.0,0.0,,
143485,5587,KCNQ5,,2021-03-29,2020-10-06,False,,,,,,,IMPC,0.0,0.0,,
139592,3391,VIP,,2023-03-06,2022-11-28,False,,,,,,,IMPC,0.0,,,
131425,1657,SLC6A4,,2021-10-04,2021-05-10,False,,,,,,,IMPC,0.0,,,
96994,24200,GBX2,,2020-12-16,2020-10-06,False,,,,,,,IMPC,0.0,,,
82335,24200,GBX2,,2021-07-15,2021-05-10,False,,,,,,,IMPC,0.0,,,
92963,24200,GBX2,,2022-04-18,2022-03-24,False,,,,,,,IMPC,0.0,,,
94877,24200,GBX2,,2021-10-07,2021-05-10,False,,,,,,,IMPC,0.0,,,
96646,24200,GBX2,,2020-12-16,2020-10-06,False,,,,,,,IMPC,0.0,,,
151382,792,SLCO1B1,,2023-08-31,2023-05-09,False,,,,,,,IMPC,0.0,,,
147371,1335,ABCC11,,2021-10-28,2021-05-10,False,,,,,,,IMPC,0.0,,,
152361,17,PLG,,2021-10-31,2021-05-10,False,,,,,,,IMPC,0.0,,,
152362,17,PLG,,2021-10-31,2021-05-10,False,,,,,,,IMPC,0.0,,,
152363,17,PLG,,2021-10-31,2021-05-10,False,,,,,,,IMPC,0.0,,,
115628,102,PRKCE,,2020-12-16,2020-10-06,False,,,,,,,IMPC,0.0,,,
104691,4336,DCT,,2023-01-31,2022-11-28,False,,,,,,,IMPC,3.0,4.0,,
151958,31588,NBEAP1,,2021-01-15,2020-10-06,False,,,,,,,IMPC,0.0,,,
151959,31588,NBEAP1,,2021-01-15,2020-10-06,False,,,,,,,IMPC,0.0,,,
136764,31588,NBEAP1,,2022-01-10,2021-05-10,False,,,,,,,IMPC,0.0,,,
136763,31588,NBEAP1,,2022-01-10,2021-05-10,False,,,,,,,IMPC,0.0,,,
136762,31588,NBEAP1,,2022-01-10,2021-05-10,False,,,,,,,IMPC,0.0,,,
139255,31588,NBEAP1,,2021-12-14,2021-05-10,False,,,,,,,IMPC,0.0,,,
152899,31588,NBEAP1,,2023-07-28,2023-05-09,False,,,,,,,IMPC,0.0,,,
131967,31588,NBEAP1,,2021-01-13,2020-10-06,False,,,,,,,IMPC,0.0,,,
131968,2721,FOLH1,,2021-01-13,2020-10-06,False,,,,,,,IMPC,3.0,0.0,,
136494,2721,FOLH1,,2021-07-27,2021-05-10,False,,,,,,,IMPC,3.0,0.0,,
151953,2721,FOLH1,,2021-01-15,2020-10-06,False,,,,,,,IMPC,3.0,0.0,,
153221,2721,FOLH1,,2022-05-12,2022-03-24,False,,,,,,,IMPC,1.0,0.0,,
151954,2721,FOLH1,,2021-01-15,2020-10-06,False,,,,,,,IMPC,3.0,0.0,,
120798,358,GABRA4,,2020-11-24,2020-10-06,False,,,,,,,IMPC,0.0,,,
82839,358,GABRA4,,2022-07-26,2022-03-24,False,,,,,,,IMPC,0.0,,,
88438,3274,RPSA,,2022-06-20,2022-03-24,False,,,,,,,IMPC,0.0,,,
124125,3274,RPSA,,2020-12-22,2020-10-06,False,,,,,,,IMPC,0.0,,,
138917,3274,RPSA,,2021-11-16,2021-05-10,False,,,,,,,IMPC,0.0,,,
88439,3274,RPSA,,2022-06-20,2022-03-24,False,,,,,,,IMPC,0.0,,,
103800,119,ATP2B1,,2023-03-24,2022-11-28,False,,,,,,,IMPC,8.0,9.0,,
114502,23257,DPP6,,2020-11-25,2020-10-06,False,,,,,,,IMPC,0.0,,,
137025,19044,EHHADH,,2022-08-03,2022-03-24,False,,,,,,,IMPC,0.0,2.0,,
137024,19044,EHHADH,,2022-08-03,2022-03-24,False,,,,,,,IMPC,0.0,2.0,,
151879,7006,NGRN,,2022-06-01,2022-03-24,False,,,,,,,IMPC,1.0,1.0,,
94281,17227,NFE4,,2021-02-24,2020-10-06,False,,,,,,,IMPC,0.0,,,
100070,6373,CPT2,,2021-12-29,2021-05-10,False,,,,,,,IMPC,4.0,3.0,,
100069,6373,CPT2,,2021-12-29,2021-05-10,False,,,,,,,IMPC,4.0,3.0,,
100071,6373,CPT2,,2021-12-29,2021-05-10,False,,,,,,,IMPC,4.0,3.0,,
100072,6373,CPT2,,2021-12-29,2021-05-10,False,,,,,,,IMPC,4.0,3.0,,
100073,6373,CPT2,,2021-12-29,2021-05-10,False,,,,,,,IMPC,4.0,3.0,,
100067,6373,CPT2,,2021-12-29,2021-05-10,False,,,,,,,IMPC,4.0,3.0,,
100076,6373,CPT2,,2021-12-29,2021-05-10,False,,,,,,,IMPC,4.0,3.0,,
100077,6373,CPT2,,2021-12-29,2021-05-10,False,,,,,,,IMPC,4.0,3.0,,
100068,6373,CPT2,,2021-12-29,2021-05-10,False,,,,,,,IMPC,4.0,3.0,,
100074,6373,CPT2,,2021-12-29,2021-05-10,False,,,,,,,IMPC,4.0,3.0,,
100075,6373,CPT2,,2021-12-29,2021-05-10,False,,,,,,,IMPC,4.0,3.0,,
153385,17227,NFE4,,2025-09-01,2024-05-07,False,,,,,,,IMPC,0.0,,,
101020,261,OPRM1,,2021-01-28,2020-10-06,False,,,,,,,IMPC,0.0,,,
151753,72674,pbp2,,2025-06-01,2024-05-07,False,,,,,,,IMPC,0.0,,,
151752,72674,pbp2,,2025-06-01,2024-05-07,False,,,,,,,IMPC,0.0,,,
130902,1040,NR3C1,,2020-11-12,2020-10-06,False,,,,,,,IMPC,0.0,,,
94280,1040,NR3C1,,2021-02-24,2020-10-06,False,,,,,,,IMPC,0.0,,,
80700,2793,NR3C2,,2020-11-26,2020-10-06,False,,,,,,,IMPC,0.0,,,
153235,361,GABRG1,,2021-10-05,2021-05-10,False,,,,,,,IMPC,0.0,,,
153234,361,GABRG1,,2021-10-05,2021-05-10,False,,,,,,,IMPC,0.0,,,
153233,361,GABRG1,,2021-10-05,2021-05-10,False,,,,,,,IMPC,0.0,,,
153232,361,GABRG1,,2021-10-05,2021-05-10,False,,,,,,,IMPC,0.0,,,
153231,361,GABRG1,,2021-10-05,2021-05-10,False,,,,,,,IMPC,0.0,,,
85181,639,GCK,,2022-06-15,2022-03-24,False,,,,,,,IMPC,6.0,6.0,,
153228,3612,GRIN1,,2021-10-05,2021-05-10,False,,,,,,,IMPC,0.0,0.0,,
153227,3612,GRIN1,,2021-10-05,2021-05-10,False,,,,,,,IMPC,0.0,0.0,,
153226,3612,GRIN1,,2021-10-05,2021-05-10,False,,,,,,,IMPC,0.0,0.0,,
153230,3612,GRIN1,,2021-10-05,2021-05-10,False,,,,,,,IMPC,0.0,0.0,,
153229,3612,GRIN1,,2021-10-05,2021-05-10,False,,,,,,,IMPC,0.0,0.0,,
92639,20,PTGS1,,2021-09-29,2021-05-10,False,,,,,,,IMPC,2.0,3.0,,
92640,20,PTGS1,,2021-09-29,2021-05-10,False,,,,,,,IMPC,2.0,3.0,,
146585,18778,POLA1,,2021-06-28,2021-05-10,False,,,,,,,IMPC,0.0,,,
141190,18778,POLA1,,2021-11-24,2021-05-10,False,,,,,,,IMPC,0.0,,,
146778,17763,CUL4A,,2021-11-09,2021-05-10,False,,,,,,,IMPC,7.0,10.0,,
142744,3391,VIP,,2022-04-15,2022-03-24,False,,,,,,,IMPC,0.0,,,
105014,7001,PIP4P2,,2021-11-09,2021-05-10,False,,,,,,,IMPC,0.0,,,
146584,24200,GBX2,,2021-06-28,2021-05-10,False,,,,,,,IMPC,0.0,,,
124385,24200,GBX2,,2021-07-15,2021-05-10,False,,,,,,,IMPC,0.0,,,
134002,24200,GBX2,,2021-03-17,2020-10-06,False,,,,,,,IMPC,0.0,,,
113321,24200,GBX2,,2021-11-11,2021-05-10,False,,,,,,,IMPC,0.0,,,
120826,792,SLCO1B1,,2023-03-23,2022-11-28,False,,,,,,,IMPC,0.0,,,
144870,17,PLG,,2022-06-28,2022-03-24,False,,,,,,,IMPC,0.0,,,
100066,6910,NDST1,,2021-12-29,2021-05-10,False,,,,,,,IMPC,0.0,,,
100062,6910,NDST1,,2021-12-29,2021-05-10,False,,,,,,,IMPC,0.0,,,
100063,6910,NDST1,,2021-12-29,2021-05-10,False,,,,,,,IMPC,0.0,,,
100064,6910,NDST1,,2021-12-29,2021-05-10,False,,,,,,,IMPC,0.0,,,
100065,6910,NDST1,,2021-12-29,2021-05-10,False,,,,,,,IMPC,0.0,,,
100056,6910,NDST1,,2021-12-29,2021-05-10,False,,,,,,,IMPC,0.0,,,
100057,6910,NDST1,,2021-12-29,2021-05-10,False,,,,,,,IMPC,0.0,,,
100058,6910,NDST1,,2021-12-29,2021-05-10,False,,,,,,,IMPC,0.0,,,
100059,6910,NDST1,,2021-12-29,2021-05-10,False,,,,,,,IMPC,0.0,,,
100060,6910,NDST1,,2021-12-29,2021-05-10,False,,,,,,,IMPC,0.0,,,
100061,6910,NDST1,,2021-12-29,2021-05-10,False,,,,,,,IMPC,0.0,,,
153374,102,PRKCE,,2025-01-01,2024-05-07,False,,,,,,,IMPC,0.0,,,
121176,620,AGTR1,,2021-05-17,2021-05-10,False,,,,,,,IMPC,0.0,,,
152051,2578,CYP3A4,,2022-12-13,2022-11-28,False,,,,,,,IMPC,0.0,,,
147475,515,NDUFB8,,2022-11-10,2022-03-24,False,,,,,,,IMPC,1.0,1.0,,
147479,515,NDUFB8,,2022-11-10,2022-03-24,False,,,,,,,IMPC,1.0,1.0,,
147477,515,NDUFB8,,2022-11-10,2022-03-24,False,,,,,,,IMPC,1.0,1.0,,
147478,515,NDUFB8,,2022-11-10,2022-03-24,False,,,,,,,IMPC,1.0,1.0,,
147476,515,NDUFB8,,2022-11-10,2022-03-24,False,,,,,,,IMPC,1.0,1.0,,
84243,1181,VDR,,2022-03-16,2021-05-10,False,,,,,,,IMPC,0.0,12.0,,
139315,17559,CACNA1I,,2021-01-22,2020-10-06,False,,,,,,,IMPC,6.0,7.0,,
114126,448,SLC22A4,,2021-06-10,2021-05-10,False,,,,,,,IMPC,1.0,1.0,,
139385,448,SLC22A4,,2021-09-30,2021-05-10,False,,,,,,,IMPC,1.0,1.0,,
139384,448,SLC22A4,,2021-09-30,2021-05-10,False,,,,,,,IMPC,1.0,1.0,,
78406,1040,NR3C1,,2022-05-24,2022-03-24,False,,,,,,,IMPC,0.0,,,
127509,320,SCN4A,,2022-01-18,2021-05-10,False,,,,,,,IMPC,3.0,4.0,,
81939,1520,HTR1A,,2024-05-23,2024-05-07,False,,,,,,,IMPC,0.0,0.0,,
96872,3467,CD9,,2020-11-09,2020-10-06,False,,,,,,,IMPC,0.0,,,
78340,3265,GBA1,,2023-03-15,2022-11-28,False,,,,,,,IMPC,0.0,3.0,,
88273,3265,GBA1,,2024-07-08,2024-05-07,False,,,,,,,IMPC,3.0,3.0,,
150872,1040,NR3C1,,2022-08-01,2022-03-24,False,,,,,,,IMPC,0.0,,,
102405,2033,CTNND1,,2023-05-01,2022-11-28,False,,,,,,,IMPC,0.0,,,
152494,6305,CACNA1B,,2024-12-03,2024-05-07,False,,,,,,,IMPC,9.0,9.0,,
152493,6305,CACNA1B,,2024-12-03,2024-05-07,False,,,,,,,IMPC,9.0,9.0,,
100678,729,ESR2,,2023-11-16,2023-05-09,False,,,,,,,IMPC,8.0,8.0,,
100676,729,ESR2,,2023-11-16,2023-05-09,False,,,,,,,IMPC,8.0,8.0,,
100677,729,ESR2,,2023-11-16,2023-05-09,False,,,,,,,IMPC,8.0,8.0,,
151333,3654,ADRA2A,,2022-04-19,2022-03-24,False,,,,,,,IMPC,7.0,7.0,,
151332,3654,ADRA2A,,2022-04-19,2022-03-24,False,,,,,,,IMPC,7.0,7.0,,
139481,3323,CXCR2,,2021-01-12,2020-10-06,False,,,,,,,IMPC,38.0,37.0,,
150827,670,ESR1,,2021-06-05,2021-05-10,False,,,,,,,IMPC,0.0,,,
96808,7006,NGRN,,2022-10-12,2022-03-24,False,,,,,,,IMPC,1.0,1.0,,
89718,7006,NGRN,,2022-06-10,2022-03-24,False,,,,,,,IMPC,1.0,1.0,,
133169,3697,IRAK1,,2023-02-15,2022-11-28,False,,,,,,,IMPC,1.0,1.0,,
133024,17379,DPYSL5,,2022-07-26,2022-03-24,False,,,,,,,IMPC,0.0,,,
96976,2793,NR3C2,,2021-10-12,2021-05-10,False,,,,,,,IMPC,0.0,,,
152803,2793,NR3C2,,2022-03-04,2021-05-10,False,,,,,,,IMPC,0.0,,,
149542,1040,NR3C1,,2022-09-01,2022-03-24,False,,,,,,,IMPC,0.0,,,
91796,21224,GRIK3,,2023-10-07,2023-05-09,False,,,,,,,IMPC,8.0,13.0,,
135064,1402,TYMS,,2022-07-08,2022-03-24,False,,,,,,,IMPC,0.0,0.0,,
98891,1402,TYMS,,2020-12-30,2020-10-06,False,,,,,,,IMPC,0.0,0.0,,
141420,1402,TYMS,,2021-09-07,2021-05-10,False,,,,,,,IMPC,0.0,0.0,,
123227,1402,TYMS,,2021-07-28,2021-05-10,False,,,,,,,IMPC,0.0,0.0,,
125428,5559,BLOC1S6,,2021-05-29,2021-05-10,False,,,,,,,IMPC,11.0,10.0,,
125427,5559,BLOC1S6,,2021-05-29,2021-05-10,False,,,,,,,IMPC,11.0,10.0,,
125426,5559,BLOC1S6,,2021-05-29,2021-05-10,False,,,,,,,IMPC,11.0,10.0,,
125425,5559,BLOC1S6,,2021-05-29,2021-05-10,False,,,,,,,IMPC,11.0,10.0,,
125429,5559,BLOC1S6,,2021-05-29,2021-05-10,False,,,,,,,IMPC,11.0,10.0,,
147387,1402,TYMS,,2024-07-19,2024-05-07,False,,,,,,,IMPC,0.0,0.0,,
149286,1402,TYMS,,2021-09-22,2021-05-10,False,,,,,,,IMPC,0.0,0.0,,
119784,1402,TYMS,,2020-12-15,2020-10-06,False,,,,,,,IMPC,0.0,0.0,,
108686,1402,TYMS,,2022-03-24,2022-03-24,False,,,,,,,IMPC,0.0,0.0,,
94713,4466,SLC22A12,,2022-09-28,2022-03-24,False,,,,,,,IMPC,0.0,,,
135316,20252,KCNT1,,2021-04-30,2020-10-06,False,,,,,,,IMPC,6.0,11.0,,
92957,1040,NR3C1,,2023-03-06,2022-11-28,False,,,,,,,IMPC,0.0,,,
100464,5764,OXTR,,2022-12-06,2022-11-28,False,,,,,,,IMPC,1.0,1.0,,
100467,5764,OXTR,,2022-12-06,2022-11-28,False,,,,,,,IMPC,1.0,1.0,,
100465,5764,OXTR,,2022-12-06,2022-11-28,False,,,,,,,IMPC,1.0,1.0,,
100466,5764,OXTR,,2022-12-06,2022-11-28,False,,,,,,,IMPC,1.0,1.0,,
152259,3571,NR1H4,,2024-05-27,2024-05-07,False,,,,,,,IMPC,0.0,,,
127349,2616,DNMT1,,2020-10-13,2020-10-06,False,,,,,,,IMPC,0.0,,,
139692,2616,DNMT1,,2021-05-31,2021-05-10,False,,,,,,,IMPC,0.0,,,
152048,2578,CYP3A4,,2022-12-13,2022-11-28,False,,,,,,,IMPC,0.0,,,
152049,2578,CYP3A4,,2022-12-13,2022-11-28,False,,,,,,,IMPC,0.0,,,
152050,2578,CYP3A4,,2022-12-13,2022-11-28,False,,,,,,,IMPC,0.0,,,
152052,2578,CYP3A4,,2022-12-13,2022-11-28,False,,,,,,,IMPC,0.0,,,
129001,14,CACNA1C,,2022-10-27,2022-03-24,False,,,,,,,IMPC,10.0,12.0,,
117127,308,SCN5A,,2020-12-28,2020-10-06,False,,,,,,,IMPC,0.0,,,
98161,20,PTGS1,,2021-11-23,2021-05-10,False,,,,,,,IMPC,2.0,3.0,,
129983,320,SCN4A,,2020-10-20,2020-10-06,False,,,,,,,IMPC,3.0,4.0,,
129981,320,SCN4A,,2020-10-20,2020-10-06,False,,,,,,,IMPC,3.0,4.0,,
129980,320,SCN4A,,2020-10-20,2020-10-06,False,,,,,,,IMPC,3.0,4.0,,
129979,320,SCN4A,,2020-10-20,2020-10-06,False,,,,,,,IMPC,3.0,4.0,,
94633,320,SCN4A,,2025-02-03,2024-05-07,False,,,,,,,IMPC,4.0,4.0,,
129984,320,SCN4A,,2020-10-20,2020-10-06,False,,,,,,,IMPC,3.0,4.0,,
129982,320,SCN4A,,2020-10-20,2020-10-06,False,,,,,,,IMPC,3.0,4.0,,
146780,18463,PSMD1,,2021-11-09,2021-05-10,False,,,,,,,IMPC,0.0,,,
103798,6142,AREL1,,2023-03-24,2022-11-28,False,,,,,,,IMPC,2.0,2.0,,
147913,24216,CRYBB3,,2021-06-30,2021-05-10,False,,,,,,,IMPC,3.0,2.0,,
147914,24216,CRYBB3,,2021-06-30,2021-05-10,False,,,,,,,IMPC,3.0,2.0,,
77130,1142,BDNF,,2023-05-16,2023-05-09,False,,,,,,,IMPC,0.0,,,
122428,3654,ADRA2A,,2021-02-14,2020-10-06,False,,,,,,,IMPC,9.0,7.0,,
109625,20,PTGS1,,2022-06-03,2022-03-24,False,,,,,,,IMPC,3.0,3.0,,
109626,20,PTGS1,,2022-06-03,2022-03-24,False,,,,,,,IMPC,3.0,3.0,,
109627,20,PTGS1,,2022-06-03,2022-03-24,False,,,,,,,IMPC,3.0,3.0,,
149733,3323,CXCR2,,2021-09-30,2021-05-10,False,,,,,,,IMPC,39.0,37.0,,
137022,3323,CXCR2,,2022-09-14,2022-03-24,False,,,,,,,IMPC,37.0,37.0,,
139233,1142,BDNF,,2025-11-24,2024-05-07,False,,,,,,,IMPC,0.0,,,
146929,2793,NR3C2,,2020-12-21,2020-10-06,False,,,,,,,IMPC,0.0,,,
146928,2793,NR3C2,,2020-12-21,2020-10-06,False,,,,,,,IMPC,0.0,,,
86817,2793,NR3C2,,2022-08-09,2022-03-24,False,,,,,,,IMPC,0.0,,,
88771,2793,NR3C2,,2020-10-09,2020-10-06,False,,,,,,,IMPC,0.0,,,
142888,2793,NR3C2,,2021-08-23,2021-05-10,False,,,,,,,IMPC,0.0,,,
146779,2793,NR3C2,,2021-11-09,2021-05-10,False,,,,,,,IMPC,0.0,,,
84504,1040,NR3C1,,2022-08-22,2022-03-24,False,,,,,,,IMPC,0.0,,,
84505,1040,NR3C1,,2022-08-22,2022-03-24,False,,,,,,,IMPC,0.0,,,
122537,1402,TYMS,,2021-05-25,2021-05-10,False,,,,,,,IMPC,0.0,0.0,,
136534,1402,TYMS,,2021-03-10,2020-10-06,False,,,,,,,IMPC,0.0,0.0,,
84560,1402,TYMS,,2021-08-17,2021-05-10,False,,,,,,,IMPC,0.0,0.0,,
88444,5559,BLOC1S6,,2020-10-16,2020-10-06,False,,,,,,,IMPC,7.0,10.0,,
131729,3871,XK,,2022-11-21,2022-03-24,False,,,,,,,IMPC,3.0,5.0,,
148115,1402,TYMS,,2020-10-26,2020-10-06,False,,,,,,,IMPC,0.0,0.0,,
117083,1402,TYMS,,2021-02-22,2020-10-06,False,,,,,,,IMPC,0.0,0.0,,
111326,1402,TYMS,,2022-09-09,2022-03-24,False,,,,,,,IMPC,0.0,0.0,,
151955,1402,TYMS,,2021-01-15,2020-10-06,False,,,,,,,IMPC,0.0,0.0,,
152898,1402,TYMS,,2023-07-28,2023-05-09,False,,,,,,,IMPC,0.0,0.0,,
149746,1402,TYMS,,2021-08-02,2021-05-10,False,,,,,,,IMPC,0.0,0.0,,
149745,1402,TYMS,,2021-08-02,2021-05-10,False,,,,,,,IMPC,0.0,0.0,,
84512,1040,NR3C1,,2021-11-23,2021-05-10,False,,,,,,,IMPC,0.0,,,
92439,2308,CPD,,2024-07-11,2024-05-07,False,,,,,,,IMPC,7.0,7.0,,
142678,20252,KCNT1,,2021-09-03,2021-05-10,False,,,,,,,IMPC,7.0,11.0,,
105269,614,GCKR,,2023-04-17,2022-11-28,False,,,,,,,IMPC,3.0,3.0,,
139246,5017,MYO18B,,2022-05-05,2022-03-24,False,,,,,,,IMPC,3.0,3.0,,
139245,5017,MYO18B,,2022-05-05,2022-03-24,False,,,,,,,IMPC,3.0,3.0,,
139247,5017,MYO18B,,2022-05-05,2022-03-24,False,,,,,,,IMPC,3.0,3.0,,
150032,4303,NRP1,,2021-12-01,2021-05-10,False,,,,,,,IMPC,2.0,3.0,,
144846,17379,DPYSL5,,2021-05-22,2021-05-10,False,,,,,,,IMPC,0.0,,,
150298,2616,DNMT1,,2021-05-06,2020-10-06,False,,,,,,,IMPC,0.0,,,
150297,2616,DNMT1,,2021-05-06,2020-10-06,False,,,,,,,IMPC,0.0,,,
146581,2616,DNMT1,,2021-06-28,2021-05-10,False,,,,,,,IMPC,0.0,,,
141092,1040,NR3C1,,2025-07-25,2024-05-07,False,,,,,,,IMPC,0.0,,,
139387,448,SLC22A4,,2021-09-30,2021-05-10,False,,,,,,,IMPC,1.0,1.0,,
95794,4044,TRIM55,,2020-11-19,2020-10-06,False,,,,,,,IMPC,0.0,3.0,,
150387,3391,VIP,,2024-03-29,2023-11-21,False,,,,,,,IMPC,0.0,,,
86423,3391,VIP,,2022-12-06,2022-11-28,False,,,,,,,IMPC,0.0,,,
89153,2578,CYP3A4,,2021-07-16,2021-05-10,False,,,,,,,IMPC,0.0,,,
110728,17559,CACNA1I,,2022-12-20,2022-11-28,False,,,,,,,IMPC,6.0,7.0,,
114939,5973,HPGD,,2021-01-11,2020-10-06,False,,,,,,,IMPC,0.0,1.0,,
99526,4564,CA9,,2021-11-23,2021-05-10,False,,,,,,,IMPC,0.0,,,
144037,22460,ALDH1A3,,2021-02-08,2020-10-06,False,,,,,,,IMPC,3.0,4.0,,
144036,22460,ALDH1A3,,2021-02-08,2020-10-06,False,,,,,,,IMPC,3.0,4.0,,
86425,18463,PSMD1,,2022-12-06,2022-11-28,False,,,,,,,IMPC,0.0,,,
106957,5116,AMD1,,2024-07-08,2024-05-07,False,,,,,,,IMPC,0.0,,,
101631,22009,ATP6V1B1,,2021-01-14,2020-10-06,False,,,,,,,IMPC,2.0,1.0,,
146006,3654,ADRA2A,,2022-04-27,2022-03-24,False,,,,,,,IMPC,7.0,7.0,,
146005,3654,ADRA2A,,2022-04-27,2022-03-24,False,,,,,,,IMPC,7.0,7.0,,
107826,20,PTGS1,,2022-08-05,2022-03-24,False,,,,,,,IMPC,3.0,3.0,,
140315,3323,CXCR2,,2020-12-14,2020-10-06,False,,,,,,,IMPC,38.0,37.0,,
142203,33,PDE4B,,2021-07-12,2021-05-10,False,,,,,,,IMPC,0.0,,,
87185,33,PDE4B,,2023-02-07,2022-11-28,False,,,,,,,IMPC,0.0,,,
152200,7006,NGRN,,2023-01-01,2022-11-28,False,,,,,,,IMPC,1.0,1.0,,
152201,7006,NGRN,,2023-01-01,2022-11-28,False,,,,,,,IMPC,1.0,1.0,,
152202,7006,NGRN,,2023-01-01,2022-11-28,False,,,,,,,IMPC,1.0,1.0,,
152203,7006,NGRN,,2023-01-01,2022-11-28,False,,,,,,,IMPC,1.0,1.0,,
152204,7006,NGRN,,2023-01-01,2022-11-28,False,,,,,,,IMPC,1.0,1.0,,
85746,792,SLCO1B1,,2022-04-12,2022-03-24,False,,,,,,,IMPC,0.0,,,
85743,17379,DPYSL5,,2022-04-12,2022-03-24,False,,,,,,,IMPC,0.0,,,
139943,2793,NR3C2,,2021-06-04,2021-05-10,False,,,,,,,IMPC,0.0,,,
113620,1917,FASLG,,2021-12-20,2021-05-10,False,,,,,,,IMPC,0.0,,,
113619,1917,FASLG,,2021-12-20,2021-05-10,False,,,,,,,IMPC,0.0,,,
101256,1402,TYMS,,2021-09-16,2021-05-10,False,,,,,,,IMPC,0.0,0.0,,
101257,1402,TYMS,,2021-09-16,2021-05-10,False,,,,,,,IMPC,0.0,0.0,,
101258,1402,TYMS,,2021-09-16,2021-05-10,False,,,,,,,IMPC,0.0,0.0,,
101259,1402,TYMS,,2021-09-16,2021-05-10,False,,,,,,,IMPC,0.0,0.0,,
101260,1402,TYMS,,2021-09-16,2021-05-10,False,,,,,,,IMPC,0.0,0.0,,
101262,1402,TYMS,,2021-09-16,2021-05-10,False,,,,,,,IMPC,0.0,0.0,,
101263,1402,TYMS,,2021-09-16,2021-05-10,False,,,,,,,IMPC,0.0,0.0,,
101264,1402,TYMS,,2021-09-16,2021-05-10,False,,,,,,,IMPC,0.0,0.0,,
101265,1402,TYMS,,2021-09-16,2021-05-10,False,,,,,,,IMPC,0.0,0.0,,
147156,1402,TYMS,,2021-09-01,2021-05-10,False,,,,,,,IMPC,0.0,0.0,,
147155,1402,TYMS,,2021-09-01,2021-05-10,False,,,,,,,IMPC,0.0,0.0,,
147154,1402,TYMS,,2021-09-01,2021-05-10,False,,,,,,,IMPC,0.0,0.0,,
147153,1402,TYMS,,2021-09-01,2021-05-10,False,,,,,,,IMPC,0.0,0.0,,
152161,27993,TRGV4,,2023-02-10,2022-11-28,False,,,,,,,IMPC,0.0,,,
152160,27993,TRGV4,,2023-02-10,2022-11-28,False,,,,,,,IMPC,0.0,,,
145932,5559,BLOC1S6,,2022-03-14,2021-05-10,False,,,,,,,IMPC,11.0,10.0,,
148949,5559,BLOC1S6,,2020-10-16,2020-10-06,False,,,,,,,IMPC,7.0,10.0,,
139945,5559,BLOC1S6,,2021-06-04,2021-05-10,False,,,,,,,IMPC,11.0,10.0,,
144003,1402,TYMS,,2022-12-14,2022-11-28,False,,,,,,,IMPC,0.0,0.0,,
82446,1402,TYMS,,2022-08-13,2022-03-24,False,,,,,,,IMPC,0.0,0.0,,
110784,1402,TYMS,,2021-11-16,2021-05-10,False,,,,,,,IMPC,0.0,0.0,,
123850,1402,TYMS,,2021-02-17,2020-10-06,False,,,,,,,IMPC,0.0,0.0,,
148914,1402,TYMS,,2021-12-08,2021-05-10,False,,,,,,,IMPC,0.0,0.0,,
136679,1402,TYMS,,2023-11-27,2023-11-21,False,,,,,,,IMPC,0.0,0.0,,
110782,1402,TYMS,,2021-11-16,2021-05-10,False,,,,,,,IMPC,0.0,0.0,,
110783,1402,TYMS,,2021-11-16,2021-05-10,False,,,,,,,IMPC,0.0,0.0,,
105708,1402,TYMS,,2022-01-25,2021-05-10,False,,,,,,,IMPC,0.0,0.0,,
123849,1402,TYMS,,2021-02-17,2020-10-06,False,,,,,,,IMPC,0.0,0.0,,
109704,1402,TYMS,,2021-10-06,2021-05-10,False,,,,,,,IMPC,0.0,0.0,,
109703,1402,TYMS,,2021-10-06,2021-05-10,False,,,,,,,IMPC,0.0,0.0,,
114990,614,GCKR,,2023-03-30,2022-11-28,False,,,,,,,IMPC,3.0,3.0,,
106899,614,GCKR,,2021-06-15,2021-05-10,False,,,,,,,IMPC,3.0,3.0,,
114991,614,GCKR,,2023-03-30,2022-11-28,False,,,,,,,IMPC,3.0,3.0,,
114989,614,GCKR,,2023-03-30,2022-11-28,False,,,,,,,IMPC,3.0,3.0,,
114988,614,GCKR,,2023-03-30,2022-11-28,False,,,,,,,IMPC,3.0,3.0,,
139915,5017,MYO18B,,2022-12-05,2022-11-28,False,,,,,,,IMPC,3.0,3.0,,
139916,5017,MYO18B,,2022-12-05,2022-11-28,False,,,,,,,IMPC,3.0,3.0,,
130778,1443,APEX1,,2022-03-25,2022-03-24,False,,,,,,,IMPC,0.0,,,
130779,1443,APEX1,,2022-03-25,2022-03-24,False,,,,,,,IMPC,0.0,,,
135504,2616,DNMT1,,2021-02-08,2020-10-06,False,,,,,,,IMPC,0.0,,,
79542,1040,NR3C1,,2022-08-31,2022-03-24,False,,,,,,,IMPC,0.0,,,
130428,4146,PGR,,2022-08-02,2022-03-24,False,,,,,,,IMPC,0.0,,,
130429,4146,PGR,,2022-08-02,2022-03-24,False,,,,,,,IMPC,0.0,,,
139386,448,SLC22A4,,2021-09-30,2021-05-10,False,,,,,,,IMPC,1.0,1.0,,
117607,22640,SRD5A1,,2021-05-05,2020-10-06,False,,,,,,,IMPC,0.0,,,
141340,22640,SRD5A1,,2023-06-13,2023-05-09,False,,,,,,,IMPC,0.0,,,
141341,22640,SRD5A1,,2023-06-13,2023-05-09,False,,,,,,,IMPC,0.0,,,
117609,22640,SRD5A1,,2021-05-05,2020-10-06,False,,,,,,,IMPC,0.0,,,
141339,22640,SRD5A1,,2023-06-13,2023-05-09,False,,,,,,,IMPC,0.0,,,
141342,22640,SRD5A1,,2023-06-13,2023-05-09,False,,,,,,,IMPC,0.0,,,
141338,22640,SRD5A1,,2023-06-13,2023-05-09,False,,,,,,,IMPC,0.0,,,
141343,22640,SRD5A1,,2023-06-13,2023-05-09,False,,,,,,,IMPC,0.0,,,
141346,22640,SRD5A1,,2023-06-13,2023-05-09,False,,,,,,,IMPC,0.0,,,
141344,22640,SRD5A1,,2023-06-13,2023-05-09,False,,,,,,,IMPC,0.0,,,
117608,22640,SRD5A1,,2021-05-05,2020-10-06,False,,,,,,,IMPC,0.0,,,
141345,22640,SRD5A1,,2023-06-13,2023-05-09,False,,,,,,,IMPC,0.0,,,
141347,22640,SRD5A1,,2023-06-13,2023-05-09,False,,,,,,,IMPC,0.0,,,
119630,28078,RPL28,,2021-12-29,2021-05-10,False,,,,,,,IMPC,0.0,,,
152686,3571,NR1H4,,2021-03-01,2020-10-06,False,,,,,,,IMPC,0.0,,,
152687,3571,NR1H4,,2021-03-01,2020-10-06,False,,,,,,,IMPC,0.0,,,
152684,3571,NR1H4,,2021-03-01,2020-10-06,False,,,,,,,IMPC,0.0,,,
152688,3571,NR1H4,,2021-03-01,2020-10-06,False,,,,,,,IMPC,0.0,,,
152690,3571,NR1H4,,2021-03-01,2020-10-06,False,,,,,,,IMPC,0.0,,,
152689,3571,NR1H4,,2021-03-01,2020-10-06,False,,,,,,,IMPC,0.0,,,
152685,3571,NR1H4,,2021-03-01,2020-10-06,False,,,,,,,IMPC,0.0,,,
85151,33,PDE4B,,2025-04-18,2024-05-07,False,,,,,,,IMPC,0.0,,,
97106,27748,PNLIPRP3,,2021-10-05,2021-05-10,False,,,,,,,IMPC,0.0,,,
150837,72603,reverse,,2024-01-04,2023-11-21,False,,,,,,,IMPC,0.0,,,
150838,72603,reverse,,2024-01-04,2023-11-21,False,,,,,,,IMPC,0.0,,,
150338,72603,reverse,,2022-10-17,2022-03-24,False,,,,,,,IMPC,0.0,,,
141659,72603,reverse,,2021-02-24,2020-10-06,False,,,,,,,IMPC,0.0,,,
141660,72603,reverse,,2021-02-24,2020-10-06,False,,,,,,,IMPC,0.0,,,
141661,72603,reverse,,2021-02-24,2020-10-06,False,,,,,,,IMPC,0.0,,,
145266,19833,PARP3,,2021-07-22,2021-05-10,False,,,,,,,IMPC,0.0,,,
150902,22353,AADAC,,2023-02-01,2022-11-28,False,,,,,,,IMPC,9.0,9.0,,
134784,837,RPS6KA1,,2021-04-08,2020-10-06,False,,,,,,,IMPC,2.0,2.0,,
134785,837,RPS6KA1,,2021-04-08,2020-10-06,False,,,,,,,IMPC,2.0,2.0,,
134786,837,RPS6KA1,,2021-04-08,2020-10-06,False,,,,,,,IMPC,2.0,2.0,,
134787,837,RPS6KA1,,2021-04-08,2020-10-06,False,,,,,,,IMPC,2.0,2.0,,
145747,19782,GCGR,,2023-10-17,2023-05-09,False,,,,,,,IMPC,5.0,18.0,,
150646,19782,GCGR,,2025-03-26,2024-05-07,False,,,,,,,IMPC,18.0,18.0,,
98889,19782,GCGR,,2020-12-30,2020-10-06,False,,,,,,,IMPC,9.0,18.0,,
123097,27882,ALG1L2,,2022-03-07,2021-05-10,False,,,,,,,IMPC,0.0,,,
141349,903,INO80,,2023-06-13,2023-05-09,False,,,,,,,IMPC,8.0,8.0,,
129303,903,INO80,,2022-12-19,2022-11-28,False,,,,,,,IMPC,8.0,8.0,,
141348,903,INO80,,2023-06-13,2023-05-09,False,,,,,,,IMPC,8.0,8.0,,
137656,903,INO80,,2021-03-15,2020-10-06,False,,,,,,,IMPC,7.0,8.0,,
137657,903,INO80,,2021-03-15,2020-10-06,False,,,,,,,IMPC,7.0,8.0,,
141350,903,INO80,,2023-06-13,2023-05-09,False,,,,,,,IMPC,8.0,8.0,,
141351,903,INO80,,2023-06-13,2023-05-09,False,,,,,,,IMPC,8.0,8.0,,
141352,903,INO80,,2023-06-13,2023-05-09,False,,,,,,,IMPC,8.0,8.0,,
141353,903,INO80,,2023-06-13,2023-05-09,False,,,,,,,IMPC,8.0,8.0,,
141354,903,INO80,,2023-06-13,2023-05-09,False,,,,,,,IMPC,8.0,8.0,,
141355,903,INO80,,2023-06-13,2023-05-09,False,,,,,,,IMPC,8.0,8.0,,
141356,903,INO80,,2023-06-13,2023-05-09,False,,,,,,,IMPC,8.0,8.0,,
141357,903,INO80,,2023-06-13,2023-05-09,False,,,,,,,IMPC,8.0,8.0,,
141303,7006,NGRN,,2021-11-03,2021-05-10,False,,,,,,,IMPC,1.0,1.0,,
129339,1040,NR3C1,,2022-12-07,2022-11-28,False,,,,,,,IMPC,0.0,,,
102636,614,GCKR,,2021-12-21,2021-05-10,False,,,,,,,IMPC,3.0,3.0,,
145402,3697,IRAK1,,2021-10-12,2021-05-10,False,,,,,,,IMPC,3.0,1.0,,
106339,1040,NR3C1,,2023-01-11,2022-11-28,False,,,,,,,IMPC,0.0,,,
112377,7299,PTGFR,,2020-11-19,2020-10-06,False,,,,,,,IMPC,0.0,,,
152775,2616,DNMT1,,2021-10-01,2021-05-10,False,,,,,,,IMPC,0.0,,,
139693,2616,DNMT1,,2022-03-17,2021-05-10,False,,,,,,,IMPC,0.0,,,
104318,1822,SNAP25,,2022-07-29,2022-03-24,False,,,,,,,IMPC,0.0,,,
97114,727,INSR,,2023-04-03,2022-11-28,False,,,,,,,IMPC,0.0,,,
89774,727,INSR,,2023-03-31,2022-11-28,False,,,,,,,IMPC,0.0,,,
97115,727,INSR,,2023-04-03,2022-11-28,False,,,,,,,IMPC,0.0,,,
97113,727,INSR,,2023-04-03,2022-11-28,False,,,,,,,IMPC,0.0,,,
116144,727,INSR,,2024-04-30,2023-11-21,False,,,,,,,IMPC,0.0,,,
108492,727,INSR,,2023-03-31,2022-11-28,False,,,,,,,IMPC,0.0,,,
97116,727,INSR,,2023-04-03,2022-11-28,False,,,,,,,IMPC,0.0,,,
97112,727,INSR,,2023-04-03,2022-11-28,False,,,,,,,IMPC,0.0,,,
78471,1193,ALB,,2023-06-16,2023-05-09,False,,,,,,,IMPC,0.0,,,
100714,17,PLG,,2023-01-29,2022-11-28,False,,,,,,,IMPC,0.0,,,
125434,6933,GBE1,,2021-05-29,2021-05-10,False,,,,,,,IMPC,1.0,1.0,,
125430,6933,GBE1,,2021-05-29,2021-05-10,False,,,,,,,IMPC,1.0,1.0,,
125431,6933,GBE1,,2021-05-29,2021-05-10,False,,,,,,,IMPC,1.0,1.0,,
125432,6933,GBE1,,2021-05-29,2021-05-10,False,,,,,,,IMPC,1.0,1.0,,
125433,6933,GBE1,,2021-05-29,2021-05-10,False,,,,,,,IMPC,1.0,1.0,,
129389,16756,CLDN2,,2022-11-07,2022-03-24,False,,,,,,,IMPC,0.0,,,
151154,16756,CLDN2,,2021-03-03,2020-10-06,False,,,,,,,IMPC,0.0,,,
127255,16756,CLDN2,,2022-04-25,2022-03-24,False,,,,,,,IMPC,0.0,,,
113774,16756,CLDN2,,2022-12-13,2022-11-28,False,,,,,,,IMPC,0.0,,,
152359,17836,INSC,,2022-11-15,2022-03-24,False,,,,,,,IMPC,0.0,,,
129294,17836,INSC,,2021-02-23,2020-10-06,False,,,,,,,IMPC,0.0,,,
114266,17836,INSC,,2022-08-30,2022-03-24,False,,,,,,,IMPC,0.0,,,
114265,17836,INSC,,2022-08-30,2022-03-24,False,,,,,,,IMPC,0.0,,,
114264,17836,INSC,,2022-08-30,2022-03-24,False,,,,,,,IMPC,0.0,,,
150669,17836,INSC,,2021-05-15,2021-05-10,False,,,,,,,IMPC,0.0,,,
133017,17836,INSC,,2023-03-17,2022-11-28,False,,,,,,,IMPC,0.0,,,
145748,17836,INSC,,2023-10-17,2023-05-09,False,,,,,,,IMPC,0.0,,,
150670,17836,INSC,,2021-05-15,2021-05-10,False,,,,,,,IMPC,0.0,,,
114181,17836,INSC,,2021-05-24,2021-05-10,False,,,,,,,IMPC,0.0,,,
135062,17836,INSC,,2022-07-08,2022-03-24,False,,,,,,,IMPC,0.0,,,
93054,442,GLRA1,,2024-06-19,2024-05-07,False,,,,,,,IMPC,0.0,,,
121464,7112,NDRG3,,2021-01-12,2020-10-06,False,,,,,,,IMPC,8.0,10.0,,
121463,7112,NDRG3,,2021-01-12,2020-10-06,False,,,,,,,IMPC,8.0,10.0,,
100803,727,INSR,,2021-09-29,2021-05-10,False,,,,,,,IMPC,0.0,,,
100804,727,INSR,,2021-09-29,2021-05-10,False,,,,,,,IMPC,0.0,,,
125514,5269,IFNAR2,,2022-08-23,2022-03-24,False,,,,,,,IMPC,0.0,,,
137820,110,SERPINC1,,2022-09-27,2022-03-24,False,,,,,,,IMPC,0.0,,,
137819,110,SERPINC1,,2022-09-27,2022-03-24,False,,,,,,,IMPC,0.0,,,
137818,110,SERPINC1,,2022-09-27,2022-03-24,False,,,,,,,IMPC,0.0,,,
141819,1350,ERBB2,,2021-08-13,2021-05-10,False,,,,,,,IMPC,0.0,1.0,,
139740,1350,ERBB2,,2020-12-15,2020-10-06,False,,,,,,,IMPC,0.0,1.0,,
152794,1350,ERBB2,,2022-12-30,2022-11-28,False,,,,,,,IMPC,2.0,1.0,,
152795,1350,ERBB2,,2022-12-30,2022-11-28,False,,,,,,,IMPC,2.0,1.0,,
141538,1350,ERBB2,,2022-02-01,2021-05-10,False,,,,,,,IMPC,0.0,1.0,,
141820,1350,ERBB2,,2021-08-13,2021-05-10,False,,,,,,,IMPC,0.0,1.0,,
149357,23516,DXO,,2021-10-08,2021-05-10,False,,,,,,,IMPC,0.0,,,
131515,23516,DXO,,2021-12-09,2021-05-10,False,,,,,,,IMPC,0.0,,,
131514,23516,DXO,,2021-12-09,2021-05-10,False,,,,,,,IMPC,0.0,,,
131516,23516,DXO,,2021-12-09,2021-05-10,False,,,,,,,IMPC,0.0,,,
131512,23516,DXO,,2021-12-09,2021-05-10,False,,,,,,,IMPC,0.0,,,
83974,23516,DXO,,2022-12-13,2022-11-28,False,,,,,,,IMPC,0.0,,,
131513,23516,DXO,,2021-12-09,2021-05-10,False,,,,,,,IMPC,0.0,,,
139353,23516,DXO,,2021-01-28,2020-10-06,False,,,,,,,IMPC,0.0,,,
83976,23516,DXO,,2022-12-13,2022-11-28,False,,,,,,,IMPC,0.0,,,
83973,23516,DXO,,2022-12-13,2022-11-28,False,,,,,,,IMPC,0.0,,,
83972,23516,DXO,,2022-12-13,2022-11-28,False,,,,,,,IMPC,0.0,,,
146437,23516,DXO,,2022-12-22,2022-11-28,False,,,,,,,IMPC,0.0,,,
83975,23516,DXO,,2022-12-13,2022-11-28,False,,,,,,,IMPC,0.0,,,
93362,1350,ERBB2,,2020-11-23,2020-10-06,False,,,,,,,IMPC,0.0,1.0,,
111848,22640,SRD5A1,,2021-04-23,2020-10-06,False,,,,,,,IMPC,0.0,,,
107811,654,SLC5A2,,2021-06-17,2021-05-10,False,,,,,,,IMPC,3.0,3.0,,
107812,654,SLC5A2,,2021-06-17,2021-05-10,False,,,,,,,IMPC,3.0,3.0,,
107813,654,SLC5A2,,2021-06-17,2021-05-10,False,,,,,,,IMPC,3.0,3.0,,
126754,654,SLC5A2,,2024-06-04,2024-05-07,False,,,,,,,IMPC,3.0,3.0,,
107810,654,SLC5A2,,2021-06-17,2021-05-10,False,,,,,,,IMPC,3.0,3.0,,
115365,22620,NUDT2,,2024-09-17,2024-05-07,False,,,,,,,IMPC,0.0,,,
138061,3440,RRM1,,2023-10-10,2023-05-09,False,,,,,,,IMPC,2.0,2.0,,
138060,3440,RRM1,,2023-10-10,2023-05-09,False,,,,,,,IMPC,2.0,2.0,,
151619,3440,RRM1,,2024-01-16,2023-11-21,False,,,,,,,IMPC,2.0,2.0,,
148611,3440,RRM1,,2022-11-01,2022-03-24,False,,,,,,,IMPC,2.0,2.0,,
150388,3440,RRM1,,2024-03-29,2023-11-21,False,,,,,,,IMPC,2.0,2.0,,
148612,3440,RRM1,,2022-11-01,2022-03-24,False,,,,,,,IMPC,2.0,2.0,,
148610,3440,RRM1,,2022-11-01,2022-03-24,False,,,,,,,IMPC,2.0,2.0,,
148609,3440,RRM1,,2022-11-01,2022-03-24,False,,,,,,,IMPC,2.0,2.0,,
108929,33,PDE4B,,2022-03-08,2021-05-10,False,,,,,,,IMPC,0.0,,,
139942,4525,LRRC4,,2021-06-04,2021-05-10,False,,,,,,,IMPC,0.0,,,
116311,2876,GZMB,,2024-05-28,2024-05-07,False,,,,,,,IMPC,0.0,,,
80537,2876,GZMB,,2020-10-13,2020-10-06,False,,,,,,,IMPC,0.0,,,
106972,2876,GZMB,,2022-07-13,2022-03-24,False,,,,,,,IMPC,0.0,,,
106973,2876,GZMB,,2022-07-13,2022-03-24,False,,,,,,,IMPC,0.0,,,
101330,19782,GCGR,,2021-09-16,2021-05-10,False,,,,,,,IMPC,8.0,18.0,,
149027,19782,GCGR,,2022-02-28,2021-05-10,False,,,,,,,IMPC,8.0,18.0,,
142045,19782,GCGR,,2021-08-06,2021-05-10,False,,,,,,,IMPC,8.0,18.0,,
101329,19782,GCGR,,2021-09-16,2021-05-10,False,,,,,,,IMPC,8.0,18.0,,
101328,19782,GCGR,,2021-09-16,2021-05-10,False,,,,,,,IMPC,8.0,18.0,,
101327,19782,GCGR,,2021-09-16,2021-05-10,False,,,,,,,IMPC,8.0,18.0,,
101326,19782,GCGR,,2021-09-16,2021-05-10,False,,,,,,,IMPC,8.0,18.0,,
101325,19782,GCGR,,2021-09-16,2021-05-10,False,,,,,,,IMPC,8.0,18.0,,
142046,19782,GCGR,,2021-08-06,2021-05-10,False,,,,,,,IMPC,8.0,18.0,,
142047,19782,GCGR,,2021-08-06,2021-05-10,False,,,,,,,IMPC,8.0,18.0,,
101331,19782,GCGR,,2021-09-16,2021-05-10,False,,,,,,,IMPC,8.0,18.0,,
101332,19782,GCGR,,2021-09-16,2021-05-10,False,,,,,,,IMPC,8.0,18.0,,
101333,19782,GCGR,,2021-09-16,2021-05-10,False,,,,,,,IMPC,8.0,18.0,,
109949,4373,HCRTR1,,2020-10-22,2020-10-06,False,,,,,,,IMPC,0.0,,,
142372,7006,NGRN,,2021-05-20,2021-05-10,False,,,,,,,IMPC,1.0,1.0,,
114439,614,GCKR,,2024-07-10,2024-05-07,False,,,,,,,IMPC,3.0,3.0,,
99566,1040,NR3C1,,2022-04-28,2022-03-24,False,,,,,,,IMPC,0.0,,,
99565,1040,NR3C1,,2022-04-28,2022-03-24,False,,,,,,,IMPC,0.0,,,
85734,1040,NR3C1,,2022-08-31,2022-03-24,False,,,,,,,IMPC,0.0,,,
120113,3,GUCY1A1,,2023-08-02,2023-05-09,False,,,,,,,IMPC,0.0,,,
130853,22579,SRD5A2,,2021-07-27,2021-05-10,False,,,,,,,IMPC,6.0,5.0,,
89292,1911,ACAT1,,2022-11-17,2022-03-24,False,,,,,,,IMPC,1.0,1.0,,
132262,1822,SNAP25,,2023-10-01,2023-05-09,False,,,,,,,IMPC,0.0,,,
89019,1822,SNAP25,,2022-03-22,2021-05-10,False,,,,,,,IMPC,0.0,,,
85470,1822,SNAP25,,2021-07-08,2021-05-10,False,,,,,,,IMPC,0.0,,,
97924,17,PLG,,2020-12-15,2020-10-06,False,,,,,,,IMPC,0.0,,,
142200,727,INSR,,2025-12-19,2024-05-07,False,,,,,,,IMPC,0.0,,,
141992,6933,GBE1,,2022-03-07,2021-05-10,False,,,,,,,IMPC,1.0,1.0,,
87602,6933,GBE1,,2023-05-24,2023-05-09,False,,,,,,,IMPC,1.0,1.0,,
138062,1706,IL2RA,,2023-10-10,2023-05-09,False,,,,,,,IMPC,36.0,36.0,,
138063,1706,IL2RA,,2023-10-10,2023-05-09,False,,,,,,,IMPC,36.0,36.0,,
135655,6933,GBE1,,2021-02-08,2020-10-06,False,,,,,,,IMPC,0.0,1.0,,
153001,16756,CLDN2,,2021-06-01,2021-05-10,False,,,,,,,IMPC,0.0,,,
87316,17836,INSC,,2022-04-12,2022-03-24,False,,,,,,,IMPC,0.0,,,
101324,17836,INSC,,2021-09-16,2021-05-10,False,,,,,,,IMPC,0.0,,,
101323,17836,INSC,,2021-09-16,2021-05-10,False,,,,,,,IMPC,0.0,,,
101322,17836,INSC,,2021-09-16,2021-05-10,False,,,,,,,IMPC,0.0,,,
90199,17836,INSC,,2022-07-25,2022-03-24,False,,,,,,,IMPC,0.0,,,
90198,17836,INSC,,2022-07-25,2022-03-24,False,,,,,,,IMPC,0.0,,,
101321,17836,INSC,,2021-09-16,2021-05-10,False,,,,,,,IMPC,0.0,,,
101320,17836,INSC,,2021-09-16,2021-05-10,False,,,,,,,IMPC,0.0,,,
101319,17836,INSC,,2021-09-16,2021-05-10,False,,,,,,,IMPC,0.0,,,
101318,17836,INSC,,2021-09-16,2021-05-10,False,,,,,,,IMPC,0.0,,,
101317,17836,INSC,,2021-09-16,2021-05-10,False,,,,,,,IMPC,0.0,,,
101316,17836,INSC,,2021-09-16,2021-05-10,False,,,,,,,IMPC,0.0,,,
101315,17836,INSC,,2021-09-16,2021-05-10,False,,,,,,,IMPC,0.0,,,
101314,17836,INSC,,2021-09-16,2021-05-10,False,,,,,,,IMPC,0.0,,,
85332,17836,INSC,,2021-07-01,2021-05-10,False,,,,,,,IMPC,0.0,,,
134065,17836,INSC,,2021-08-20,2021-05-10,False,,,,,,,IMPC,0.0,,,
140953,17836,INSC,,2023-06-29,2023-05-09,False,,,,,,,IMPC,0.0,,,
140952,17836,INSC,,2023-06-29,2023-05-09,False,,,,,,,IMPC,0.0,,,
140951,17836,INSC,,2023-06-29,2023-05-09,False,,,,,,,IMPC,0.0,,,
132765,72648,F,,2021-11-30,2021-05-10,False,,,,,,,IMPC,0.0,,,
87203,442,GLRA1,,2024-01-26,2023-11-21,False,,,,,,,IMPC,0.0,,,
134279,442,GLRA1,,2021-04-15,2020-10-06,False,,,,,,,IMPC,0.0,,,
146028,786,LHCGR,,2022-10-04,2022-03-24,False,,,,,,,IMPC,11.0,11.0,,
149024,3428,CSF2RB,,2022-02-28,2021-05-10,False,,,,,,,IMPC,1.0,6.0,,
86424,1350,ERBB2,,2022-12-06,2022-11-28,False,,,,,,,IMPC,2.0,1.0,,
152236,1350,ERBB2,,2022-11-22,2022-03-24,False,,,,,,,IMPC,2.0,1.0,,
122553,448,SLC22A4,,2022-07-05,2022-03-24,False,,,,,,,IMPC,1.0,1.0,,
107085,620,AGTR1,,2021-11-05,2021-05-10,False,,,,,,,IMPC,0.0,,,
153311,22640,SRD5A1,,2025-09-01,2024-05-07,False,,,,,,,IMPC,0.0,,,
153312,22640,SRD5A1,,2025-09-01,2024-05-07,False,,,,,,,IMPC,0.0,,,
92179,654,SLC5A2,,2020-12-22,2020-10-06,False,,,,,,,IMPC,3.0,3.0,,
118654,654,SLC5A2,,2020-11-18,2020-10-06,False,,,,,,,IMPC,3.0,3.0,,
142918,654,SLC5A2,,2022-04-06,2022-03-24,False,,,,,,,IMPC,3.0,3.0,,
100362,654,SLC5A2,,2024-01-10,2023-11-21,False,,,,,,,IMPC,3.0,3.0,,
92180,654,SLC5A2,,2020-12-22,2020-10-06,False,,,,,,,IMPC,3.0,3.0,,
86816,3440,RRM1,,2022-08-09,2022-03-24,False,,,,,,,IMPC,2.0,2.0,,
105058,33,PDE4B,,2024-07-25,2024-05-07,False,,,,,,,IMPC,0.0,,,
92779,33,PDE4B,,2020-11-24,2020-10-06,False,,,,,,,IMPC,0.0,,,
116576,33,PDE4B,,2023-11-06,2023-05-09,False,,,,,,,IMPC,0.0,,,
136831,4525,LRRC4,,2023-04-19,2022-11-28,False,,,,,,,IMPC,0.0,,,
146781,25285,PSMB11,,2021-11-09,2021-05-10,False,,,,,,,IMPC,0.0,22.0,,
114625,4337,DECR1,,2020-10-16,2020-10-06,False,,,,,,,IMPC,0.0,,,
145169,19782,GCGR,,2021-11-05,2021-05-10,False,,,,,,,IMPC,8.0,18.0,,
136536,19782,GCGR,,2021-03-10,2020-10-06,False,,,,,,,IMPC,9.0,18.0,,
103879,27882,ALG1L2,,2024-01-23,2023-11-21,False,,,,,,,IMPC,0.0,,,
114438,614,GCKR,,2024-07-10,2024-05-07,False,,,,,,,IMPC,3.0,3.0,,
99968,6393,SLC6A9,,2022-10-31,2022-03-24,False,,,,,,,IMPC,0.0,,,
126143,3,GUCY1A1,,2021-11-01,2021-05-10,False,,,,,,,IMPC,0.0,,,
126016,1822,SNAP25,,2025-01-22,2024-05-07,False,,,,,,,IMPC,0.0,,,
94334,1822,SNAP25,,2022-03-30,2022-03-24,False,,,,,,,IMPC,0.0,,,
125985,727,INSR,,2022-04-13,2022-03-24,False,,,,,,,IMPC,0.0,,,
125986,727,INSR,,2022-04-13,2022-03-24,False,,,,,,,IMPC,0.0,,,
88399,727,INSR,,2024-04-19,2023-11-21,False,,,,,,,IMPC,0.0,,,
105429,727,INSR,,2023-01-14,2022-11-28,False,,,,,,,IMPC,0.0,,,
120332,727,INSR,,2024-05-08,2024-05-07,False,,,,,,,IMPC,0.0,,,
94030,727,INSR,,2024-02-15,2023-11-21,False,,,,,,,IMPC,0.0,,,
150110,1193,ALB,,2024-02-01,2023-11-21,False,,,,,,,IMPC,0.0,,,
151877,16756,CLDN2,,2021-09-01,2021-05-10,False,,,,,,,IMPC,0.0,,,
81167,16756,CLDN2,,2021-10-04,2021-05-10,False,,,,,,,IMPC,0.0,,,
136227,16756,CLDN2,,2021-10-12,2021-05-10,False,,,,,,,IMPC,0.0,,,
140666,17836,INSC,,2023-10-10,2023-05-09,False,,,,,,,IMPC,0.0,,,
142878,17836,INSC,,2021-11-02,2021-05-10,False,,,,,,,IMPC,0.0,,,
142877,17836,INSC,,2021-11-02,2021-05-10,False,,,,,,,IMPC,0.0,,,
142876,17836,INSC,,2021-11-02,2021-05-10,False,,,,,,,IMPC,0.0,,,
142879,17836,INSC,,2021-11-02,2021-05-10,False,,,,,,,IMPC,0.0,,,
97988,17836,INSC,,2020-11-25,2020-10-06,False,,,,,,,IMPC,0.0,,,
128158,17836,INSC,,2021-04-01,2020-10-06,False,,,,,,,IMPC,0.0,,,
79110,442,GLRA1,,2020-12-09,2020-10-06,False,,,,,,,IMPC,0.0,,,
150063,3428,CSF2RB,,2024-01-01,2023-11-21,False,,,,,,,IMPC,6.0,6.0,,
117019,3428,CSF2RB,,2021-04-27,2020-10-06,False,,,,,,,IMPC,1.0,6.0,,
150062,3428,CSF2RB,,2024-01-01,2023-11-21,False,,,,,,,IMPC,6.0,6.0,,
150166,1350,ERBB2,,2023-08-03,2023-05-09,False,,,,,,,IMPC,1.0,1.0,,
100773,17836,INSC,,2022-07-07,2022-03-24,False,,,,,,,IMPC,0.0,,,
152983,17836,INSC,,2023-12-29,2023-11-21,False,,,,,,,IMPC,0.0,,,
114182,17836,INSC,,2021-05-24,2021-05-10,False,,,,,,,IMPC,0.0,,,
101088,23516,DXO,,2022-04-19,2022-03-24,False,,,,,,,IMPC,0.0,,,
96726,1867,HES6,,2021-03-08,2020-10-06,False,,,,,,,IMPC,0.0,,,
149245,1867,HES6,,2020-12-18,2020-10-06,False,,,,,,,IMPC,0.0,,,
149246,1867,HES6,,2020-12-18,2020-10-06,False,,,,,,,IMPC,0.0,,,
140499,1867,HES6,,2022-10-06,2022-03-24,False,,,,,,,IMPC,0.0,,,
151380,7096,MPL,,2023-08-31,2023-05-09,False,,,,,,,IMPC,0.0,,,
117965,7096,MPL,,2021-09-09,2021-05-10,False,,,,,,,IMPC,0.0,,,
95119,1377,IL1B,,2023-12-12,2023-11-21,False,,,,,,,IMPC,0.0,,,
141300,1377,IL1B,,2021-08-27,2021-05-10,False,,,,,,,IMPC,0.0,,,
108575,1377,IL1B,,2021-03-30,2020-10-06,False,,,,,,,IMPC,0.0,,,
78425,1155,IL23A,,2021-06-03,2021-05-10,False,,,,,,,IMPC,0.0,,,
92823,1155,IL23A,,2022-06-28,2022-03-24,False,,,,,,,IMPC,0.0,,,
141828,1155,IL23A,,2021-12-02,2021-05-10,False,,,,,,,IMPC,0.0,,,
121359,2077,GATM,,2021-07-23,2021-05-10,False,,,,,,,IMPC,18.0,25.0,,
104349,7060,XCL1,,2023-01-03,2022-11-28,False,,,,,,,IMPC,0.0,,,
85899,17812,CYP2A7,,2020-11-30,2020-10-06,False,,,,,,,IMPC,0.0,,,
152774,17474,RHOBTB2,,2021-10-01,2021-05-10,False,,,,,,,IMPC,0.0,,,
127347,17474,RHOBTB2,,2020-10-13,2020-10-06,False,,,,,,,IMPC,0.0,,,
80450,16787,STBD1,,2021-06-17,2021-05-10,False,,,,,,,IMPC,2.0,1.0,,
100664,16787,STBD1,,2022-07-04,2022-03-24,False,,,,,,,IMPC,1.0,1.0,,
131526,16787,STBD1,,2022-06-17,2022-03-24,False,,,,,,,IMPC,1.0,1.0,,
145319,23257,DPP6,,2022-01-06,2021-05-10,False,,,,,,,IMPC,0.0,,,
84236,23257,DPP6,,2021-04-05,2020-10-06,False,,,,,,,IMPC,0.0,,,
102893,5499,ABHD14B,,2023-07-06,2023-05-09,False,,,,,,,IMPC,0.0,2.0,,
102894,5499,ABHD14B,,2023-07-06,2023-05-09,False,,,,,,,IMPC,0.0,2.0,,
133380,2729,ATP6V0A1,,2022-12-01,2022-11-28,False,,,,,,,IMPC,6.0,6.0,,
133379,2729,ATP6V0A1,,2022-12-01,2022-11-28,False,,,,,,,IMPC,6.0,6.0,,
78809,2729,ATP6V0A1,,2021-12-06,2021-05-10,False,,,,,,,IMPC,7.0,6.0,,
133015,1522,FABP3,,2023-03-17,2022-11-28,False,,,,,,,IMPC,0.0,,,
145401,903,INO80,,2021-10-12,2021-05-10,False,,,,,,,IMPC,8.0,8.0,,
152984,4567,PIGF,,2023-12-29,2023-11-21,False,,,,,,,IMPC,4.0,4.0,,
117170,4567,PIGF,,2023-01-23,2022-11-28,False,,,,,,,IMPC,4.0,4.0,,
100655,4567,PIGF,,2023-05-31,2023-05-09,False,,,,,,,IMPC,4.0,4.0,,
152551,4567,PIGF,,2021-02-01,2020-10-06,False,,,,,,,IMPC,4.0,4.0,,
149534,4082,TNFSF13,,2022-11-02,2022-03-24,False,,,,,,,IMPC,0.0,,,
152546,16738,CD3G,,2022-04-30,2022-03-24,False,,,,,,,IMPC,0.0,,,
152545,16738,CD3G,,2022-04-30,2022-03-24,False,,,,,,,IMPC,0.0,,,
152544,16738,CD3G,,2022-04-30,2022-03-24,False,,,,,,,IMPC,0.0,,,
145569,16954,GRM7,,2022-04-29,2022-03-24,False,,,,,,,IMPC,6.0,6.0,,
145571,16954,GRM7,,2022-04-29,2022-03-24,False,,,,,,,IMPC,6.0,6.0,,
145568,16954,GRM7,,2022-04-29,2022-03-24,False,,,,,,,IMPC,6.0,6.0,,
152305,16954,GRM7,,2020-11-01,2020-10-06,False,,,,,,,IMPC,3.0,6.0,,
145570,16954,GRM7,,2022-04-29,2022-03-24,False,,,,,,,IMPC,6.0,6.0,,
145572,16954,GRM7,,2022-04-29,2022-03-24,False,,,,,,,IMPC,6.0,6.0,,
152797,2077,GATM,,2022-12-30,2022-11-28,False,,,,,,,IMPC,25.0,25.0,,
110511,2077,GATM,,2021-10-26,2021-05-10,False,,,,,,,IMPC,18.0,25.0,,
152796,2077,GATM,,2022-12-30,2022-11-28,False,,,,,,,IMPC,25.0,25.0,,
88226,1350,ERBB2,,2021-01-13,2020-10-06,False,,,,,,,IMPC,0.0,1.0,,
112075,1350,ERBB2,,2022-07-05,2022-03-24,False,,,,,,,IMPC,2.0,1.0,,
112074,1350,ERBB2,,2022-07-05,2022-03-24,False,,,,,,,IMPC,2.0,1.0,,
112076,1350,ERBB2,,2022-07-05,2022-03-24,False,,,,,,,IMPC,2.0,1.0,,
80427,6106,GYPC,,2020-12-09,2020-10-06,False,,,,,,,IMPC,1.0,1.0,,
80428,6106,GYPC,,2020-12-09,2020-10-06,False,,,,,,,IMPC,1.0,1.0,,
137651,443,GLRB,,2021-09-03,2021-05-10,False,,,,,,,IMPC,5.0,9.0,,
151264,443,GLRB,,2022-05-19,2022-03-24,False,,,,,,,IMPC,8.0,9.0,,
151265,443,GLRB,,2022-05-19,2022-03-24,False,,,,,,,IMPC,8.0,9.0,,
91556,933,NQO1,,2020-12-17,2020-10-06,False,,,,,,,IMPC,0.0,,,
149497,23516,DXO,,2023-03-01,2022-11-28,False,,,,,,,IMPC,0.0,,,
149496,23516,DXO,,2023-03-01,2022-11-28,False,,,,,,,IMPC,0.0,,,
149498,23516,DXO,,2023-03-01,2022-11-28,False,,,,,,,IMPC,0.0,,,
149500,23516,DXO,,2023-03-01,2022-11-28,False,,,,,,,IMPC,0.0,,,
149501,23516,DXO,,2023-03-01,2022-11-28,False,,,,,,,IMPC,0.0,,,
149502,23516,DXO,,2023-03-01,2022-11-28,False,,,,,,,IMPC,0.0,,,
149503,23516,DXO,,2023-03-01,2022-11-28,False,,,,,,,IMPC,0.0,,,
149499,23516,DXO,,2023-03-01,2022-11-28,False,,,,,,,IMPC,0.0,,,
143745,3035,ACAA1,,2021-03-15,2020-10-06,False,,,,,,,IMPC,0.0,,,
143744,3035,ACAA1,,2021-03-15,2020-10-06,False,,,,,,,IMPC,0.0,,,
101090,104,FLT1,,2022-04-19,2022-03-24,False,,,,,,,IMPC,0.0,,,
150745,1350,ERBB2,,2025-05-01,2024-05-07,False,,,,,,,IMPC,1.0,1.0,,
93364,1350,ERBB2,,2020-11-23,2020-10-06,False,,,,,,,IMPC,0.0,1.0,,
143352,1350,ERBB2,,2023-11-30,2023-11-21,False,,,,,,,IMPC,1.0,1.0,,
143353,1350,ERBB2,,2023-11-30,2023-11-21,False,,,,,,,IMPC,1.0,1.0,,
150384,1350,ERBB2,,2024-03-29,2023-11-21,False,,,,,,,IMPC,1.0,1.0,,
152225,1350,ERBB2,,2022-03-11,2021-05-10,False,,,,,,,IMPC,0.0,1.0,,
151617,1350,ERBB2,,2024-01-16,2023-11-21,False,,,,,,,IMPC,1.0,1.0,,
85591,23516,DXO,,2021-09-14,2021-05-10,False,,,,,,,IMPC,0.0,,,
85590,23516,DXO,,2021-09-14,2021-05-10,False,,,,,,,IMPC,0.0,,,
112509,5961,HTRA3,,2022-02-15,2021-05-10,False,,,,,,,IMPC,0.0,0.0,,
112508,5961,HTRA3,,2022-02-15,2021-05-10,False,,,,,,,IMPC,0.0,0.0,,
112507,5961,HTRA3,,2022-02-15,2021-05-10,False,,,,,,,IMPC,0.0,0.0,,
101555,17836,INSC,,2024-03-06,2023-11-21,False,,,,,,,IMPC,0.0,,,
85333,17836,INSC,,2021-07-01,2021-05-10,False,,,,,,,IMPC,0.0,,,
134315,1867,HES6,,2025-01-06,2024-05-07,False,,,,,,,IMPC,0.0,,,
134581,1867,HES6,,2023-07-14,2023-05-09,False,,,,,,,IMPC,0.0,,,
134314,1867,HES6,,2025-01-06,2024-05-07,False,,,,,,,IMPC,0.0,,,
153000,16756,CLDN2,,2021-06-01,2021-05-10,False,,,,,,,IMPC,0.0,,,
144229,1377,IL1B,,2021-10-28,2021-05-10,False,,,,,,,IMPC,0.0,,,
144230,1377,IL1B,,2021-10-28,2021-05-10,False,,,,,,,IMPC,0.0,,,
148872,1155,IL23A,,2021-09-15,2021-05-10,False,,,,,,,IMPC,0.0,,,
142255,1155,IL23A,,2022-12-07,2022-11-28,False,,,,,,,IMPC,0.0,,,
79473,16787,STBD1,,2022-08-23,2022-03-24,False,,,,,,,IMPC,1.0,1.0,,
85610,16787,STBD1,,2022-05-24,2022-03-24,False,,,,,,,IMPC,1.0,1.0,,
109764,16787,STBD1,,2021-11-08,2021-05-10,False,,,,,,,IMPC,2.0,1.0,,
153017,16787,STBD1,,2025-10-01,2024-05-07,False,,,,,,,IMPC,1.0,1.0,,
132429,16787,STBD1,,2021-12-10,2021-05-10,False,,,,,,,IMPC,2.0,1.0,,
97870,5499,ABHD14B,,2022-07-26,2022-03-24,False,,,,,,,IMPC,0.0,2.0,,
121133,1040,NR3C1,,2023-09-29,2023-05-09,False,,,,,,,IMPC,0.0,,,
82424,19102,ALDH1B1,,2021-04-28,2020-10-06,False,,,,,,,IMPC,1.0,1.0,,
81383,903,INO80,,2024-04-29,2023-11-21,False,,,,,,,IMPC,8.0,8.0,,
81384,903,INO80,,2024-04-29,2023-11-21,False,,,,,,,IMPC,8.0,8.0,,
93725,6909,MUC4,,2021-03-26,2020-10-06,False,,,,,,,IMPC,0.0,,,
126902,4567,PIGF,,2021-03-02,2020-10-06,False,,,,,,,IMPC,4.0,4.0,,
91076,4567,PIGF,,2023-08-23,2023-05-09,False,,,,,,,IMPC,4.0,4.0,,
141147,4567,PIGF,,2020-12-29,2020-10-06,False,,,,,,,IMPC,4.0,4.0,,
91077,4567,PIGF,,2023-08-23,2023-05-09,False,,,,,,,IMPC,4.0,4.0,,
91078,4567,PIGF,,2023-08-23,2023-05-09,False,,,,,,,IMPC,4.0,4.0,,
130764,4567,PIGF,,2021-06-23,2021-05-10,False,,,,,,,IMPC,4.0,4.0,,
141146,4567,PIGF,,2020-12-29,2020-10-06,False,,,,,,,IMPC,4.0,4.0,,
140269,4567,PIGF,,2021-08-27,2021-05-10,False,,,,,,,IMPC,4.0,4.0,,
91079,4567,PIGF,,2023-08-23,2023-05-09,False,,,,,,,IMPC,4.0,4.0,,
134527,4567,PIGF,,2021-03-02,2020-10-06,False,,,,,,,IMPC,4.0,4.0,,
91080,4567,PIGF,,2023-08-23,2023-05-09,False,,,,,,,IMPC,4.0,4.0,,
126904,4567,PIGF,,2021-03-02,2020-10-06,False,,,,,,,IMPC,4.0,4.0,,
91081,4567,PIGF,,2023-08-23,2023-05-09,False,,,,,,,IMPC,4.0,4.0,,
140267,4567,PIGF,,2021-08-27,2021-05-10,False,,,,,,,IMPC,4.0,4.0,,
126903,4567,PIGF,,2021-03-02,2020-10-06,False,,,,,,,IMPC,4.0,4.0,,
140268,4567,PIGF,,2021-08-27,2021-05-10,False,,,,,,,IMPC,4.0,4.0,,
141149,4567,PIGF,,2020-12-29,2020-10-06,False,,,,,,,IMPC,4.0,4.0,,
141148,4567,PIGF,,2020-12-29,2020-10-06,False,,,,,,,IMPC,4.0,4.0,,
91073,4567,PIGF,,2023-08-23,2023-05-09,False,,,,,,,IMPC,4.0,4.0,,
91074,4567,PIGF,,2023-08-23,2023-05-09,False,,,,,,,IMPC,4.0,4.0,,
91075,4567,PIGF,,2023-08-23,2023-05-09,False,,,,,,,IMPC,4.0,4.0,,
113543,3770,CD80,,2023-12-28,2023-11-21,False,,,,,,,IMPC,0.0,,,
126856,145,TUBA3C,,2021-01-26,2020-10-06,False,,,,,,,IMPC,0.0,,,
126855,145,TUBA3C,,2021-01-26,2020-10-06,False,,,,,,,IMPC,0.0,,,
126854,145,TUBA3C,,2021-01-26,2020-10-06,False,,,,,,,IMPC,0.0,,,
142067,3476,GSR,,2022-08-31,2022-03-24,False,,,,,,,IMPC,5.0,5.0,,
135942,406,IL6,,2021-03-31,2020-10-06,False,,,,,,,IMPC,1.0,2.0,,
77802,1274,IL13,,2023-08-28,2023-05-09,False,,,,,,,IMPC,3.0,2.0,,
148871,1527,ITGB7,,2024-09-23,2024-05-07,False,,,,,,,IMPC,0.0,,,
105707,443,GLRB,,2022-01-25,2021-05-10,False,,,,,,,IMPC,5.0,9.0,,
119169,23516,DXO,,2021-11-08,2021-05-10,False,,,,,,,IMPC,0.0,,,
119170,23516,DXO,,2021-11-08,2021-05-10,False,,,,,,,IMPC,0.0,,,
101143,104,FLT1,,2021-11-10,2021-05-10,False,,,,,,,IMPC,0.0,,,
144035,104,FLT1,,2021-09-26,2021-05-10,False,,,,,,,IMPC,0.0,,,
77721,448,SLC22A4,,2023-07-13,2023-05-09,False,,,,,,,IMPC,1.0,1.0,,
77722,448,SLC22A4,,2023-07-13,2023-05-09,False,,,,,,,IMPC,1.0,1.0,,
78590,2053,KCNA3,,2023-11-20,2023-05-09,False,,,,,,,IMPC,0.0,,,
78597,2053,KCNA3,,2023-11-20,2023-05-09,False,,,,,,,IMPC,0.0,,,
78589,2053,KCNA3,,2023-11-20,2023-05-09,False,,,,,,,IMPC,0.0,,,
78593,2053,KCNA3,,2023-11-20,2023-05-09,False,,,,,,,IMPC,0.0,,,
78594,2053,KCNA3,,2023-11-20,2023-05-09,False,,,,,,,IMPC,0.0,,,
78598,2053,KCNA3,,2023-11-20,2023-05-09,False,,,,,,,IMPC,0.0,,,
78599,2053,KCNA3,,2023-05-19,2023-05-09,False,,,,,,,IMPC,0.0,,,
78595,2053,KCNA3,,2023-11-20,2023-05-09,False,,,,,,,IMPC,0.0,,,
78596,2053,KCNA3,,2023-11-20,2023-05-09,False,,,,,,,IMPC,0.0,,,
78600,2053,KCNA3,,2023-11-20,2023-05-09,False,,,,,,,IMPC,0.0,,,
78592,2053,KCNA3,,2023-11-20,2023-05-09,False,,,,,,,IMPC,0.0,,,
78591,2053,KCNA3,,2023-11-20,2023-05-09,False,,,,,,,IMPC,0.0,,,
78601,2053,KCNA3,,2023-11-20,2023-05-09,False,,,,,,,IMPC,0.0,,,
78602,2053,KCNA3,,2023-11-20,2023-05-09,False,,,,,,,IMPC,0.0,,,
93750,59,EDNRA,,2022-11-14,2022-03-24,False,,,,,,,IMPC,3.0,4.0,,
102472,5715,CD3E,,2022-06-29,2022-03-24,False,,,,,,,IMPC,0.0,,,
102473,5715,CD3E,,2022-06-29,2022-03-24,False,,,,,,,IMPC,0.0,,,
143706,5715,CD3E,,2022-06-28,2022-03-24,False,,,,,,,IMPC,0.0,,,
143705,5715,CD3E,,2022-06-28,2022-03-24,False,,,,,,,IMPC,0.0,,,
117189,5715,CD3E,,2024-08-27,2024-05-07,False,,,,,,,IMPC,0.0,,,
121683,5715,CD3E,,2022-01-11,2021-05-10,False,,,,,,,IMPC,0.0,,,
128375,2949,TLR3,,2023-06-30,2023-05-09,False,,,,,,,IMPC,0.0,,,
128376,2949,TLR3,,2023-06-30,2023-05-09,False,,,,,,,IMPC,0.0,,,
149620,3480,CCL26,,2021-12-02,2021-05-10,False,,,,,,,IMPC,3.0,4.0,,
106528,211,GLP1R,,2024-02-06,2023-11-21,False,,,,,,,IMPC,2.0,2.0,,
134952,211,GLP1R,,2024-04-08,2023-11-21,False,,,,,,,IMPC,2.0,2.0,,
365075,1822,SNAP25,,2023-11-22,2023-11-21,False,,,,,,,IMPC,0.0,,,
80192,17838,CYP2A13,,2021-03-17,2020-10-06,False,,,,,,,IMPC,0.0,,,
102485,4750,SERPING1,,2020-11-30,2020-10-06,False,,,,,,,IMPC,0.0,7.0,,
94429,5961,HTRA3,,2020-12-03,2020-10-06,False,,,,,,,IMPC,0.0,0.0,,
94430,5961,HTRA3,,2020-12-03,2020-10-06,False,,,,,,,IMPC,0.0,0.0,,
94431,5961,HTRA3,,2020-12-03,2020-10-06,False,,,,,,,IMPC,0.0,0.0,,
150295,16756,CLDN2,,2025-12-15,2024-05-07,False,,,,,,,IMPC,0.0,,,
90372,5650,H4C2,,2024-03-29,2023-11-21,False,,,,,,,IMPC,0.0,,,
139012,2453,ACAT2,,2020-10-14,2020-10-06,False,,,,,,,IMPC,5.0,6.0,,
139013,2453,ACAT2,,2020-10-14,2020-10-06,False,,,,,,,IMPC,5.0,6.0,,
81149,1867,HES6,,2021-01-25,2020-10-06,False,,,,,,,IMPC,0.0,,,
86658,1867,HES6,,2021-10-14,2021-05-10,False,,,,,,,IMPC,0.0,,,
138694,1867,HES6,,2021-12-06,2021-05-10,False,,,,,,,IMPC,0.0,,,
107158,1867,HES6,,2023-07-05,2023-05-09,False,,,,,,,IMPC,0.0,,,
87110,16756,CLDN2,,2021-10-25,2021-05-10,False,,,,,,,IMPC,0.0,,,
129020,1155,IL23A,,2020-12-21,2020-10-06,False,,,,,,,IMPC,0.0,,,
92158,1155,IL23A,,2021-03-24,2020-10-06,False,,,,,,,IMPC,0.0,,,
133640,1155,IL23A,,2020-11-11,2020-10-06,False,,,,,,,IMPC,0.0,,,
111153,1155,IL23A,,2021-01-11,2020-10-06,False,,,,,,,IMPC,0.0,,,
105122,1155,IL23A,,2021-04-28,2020-10-06,False,,,,,,,IMPC,0.0,,,
115254,77,IL6R,,2023-02-13,2022-11-28,False,,,,,,,IMPC,0.0,,,
101983,16787,STBD1,,2021-09-21,2021-05-10,False,,,,,,,IMPC,2.0,1.0,,
141125,5499,ABHD14B,,2022-04-29,2022-03-24,False,,,,,,,IMPC,0.0,2.0,,
141124,5499,ABHD14B,,2022-04-29,2022-03-24,False,,,,,,,IMPC,0.0,2.0,,
142913,5314,MAP2K2,,2024-01-15,2023-11-21,False,,,,,,,IMPC,1.0,1.0,,
142914,5314,MAP2K2,,2024-01-15,2023-11-21,False,,,,,,,IMPC,1.0,1.0,,
142915,5314,MAP2K2,,2024-01-15,2023-11-21,False,,,,,,,IMPC,1.0,1.0,,
113138,3274,RPSA,,2021-10-28,2021-05-10,False,,,,,,,IMPC,0.0,,,
116892,3274,RPSA,,2024-01-16,2023-11-21,False,,,,,,,IMPC,0.0,,,
116891,3274,RPSA,,2024-01-16,2023-11-21,False,,,,,,,IMPC,0.0,,,
136222,3274,RPSA,,2022-04-26,2022-03-24,False,,,,,,,IMPC,0.0,,,
113137,3274,RPSA,,2021-10-28,2021-05-10,False,,,,,,,IMPC,0.0,,,
122534,1522,FABP3,,2021-05-25,2021-05-10,False,,,,,,,IMPC,0.0,,,
77089,4567,PIGF,,2021-07-22,2021-05-10,False,,,,,,,IMPC,4.0,4.0,,
76975,4567,PIGF,,2022-05-16,2022-03-24,False,,,,,,,IMPC,4.0,4.0,,
130899,145,TUBA3C,,2020-11-12,2020-10-06,False,,,,,,,IMPC,0.0,,,
145076,3754,APP,,2022-04-19,2022-03-24,False,,,,,,,IMPC,7.0,7.0,,
140994,3476,GSR,,2022-08-23,2022-03-24,False,,,,,,,IMPC,5.0,5.0,,
136532,2129,DRD2,,2021-03-10,2020-10-06,False,,,,,,,IMPC,0.0,,,
136738,406,IL6,,2020-11-13,2020-10-06,False,,,,,,,IMPC,1.0,2.0,,
136739,406,IL6,,2020-11-13,2020-10-06,False,,,,,,,IMPC,1.0,2.0,,
136741,406,IL6,,2020-11-13,2020-10-06,False,,,,,,,IMPC,1.0,2.0,,
136740,406,IL6,,2020-11-13,2020-10-06,False,,,,,,,IMPC,1.0,2.0,,
136737,406,IL6,,2020-11-13,2020-10-06,False,,,,,,,IMPC,1.0,2.0,,
150296,1527,ITGB7,,2025-12-15,2024-05-07,False,,,,,,,IMPC,0.0,,,
144840,443,GLRB,,2023-06-13,2023-05-09,False,,,,,,,IMPC,9.0,9.0,,
149724,4179,MYL4,,2020-12-18,2020-10-06,False,,,,,,,IMPC,0.0,,,
82713,933,NQO1,,2022-06-22,2022-03-24,False,,,,,,,IMPC,0.0,,,
118695,22620,NUDT2,,2022-06-22,2022-03-24,False,,,,,,,IMPC,0.0,,,
118696,22620,NUDT2,,2022-06-22,2022-03-24,False,,,,,,,IMPC,0.0,,,
142682,104,FLT1,,2022-04-28,2022-03-24,False,,,,,,,IMPC,0.0,,,
109349,104,FLT1,,2021-03-29,2020-10-06,False,,,,,,,IMPC,0.0,,,
109346,18042,COG8,,2020-11-30,2020-10-06,False,,,,,,,IMPC,0.0,3.0,,
109058,7014,STYK1,,2023-01-03,2022-11-28,False,,,,,,,IMPC,0.0,,,
86598,956,PLA2G10,,2021-08-15,2021-05-10,False,,,,,,,IMPC,6.0,9.0,,
86600,956,PLA2G10,,2021-08-15,2021-05-10,False,,,,,,,IMPC,6.0,9.0,,
86599,956,PLA2G10,,2021-08-15,2021-05-10,False,,,,,,,IMPC,6.0,9.0,,
86597,956,PLA2G10,,2021-08-15,2021-05-10,False,,,,,,,IMPC,6.0,9.0,,
97253,6284,TACR1,,2022-08-01,2022-03-24,False,,,,,,,IMPC,0.0,,,
97252,6284,TACR1,,2022-08-01,2022-03-24,False,,,,,,,IMPC,0.0,,,
79374,72579,pol,,2021-08-14,2021-05-10,False,,,,,,,IMPC,0.0,,,
85196,5715,CD3E,,2022-06-23,2022-03-24,False,,,,,,,IMPC,0.0,,,
111610,5715,CD3E,,2020-12-16,2020-10-06,False,,,,,,,IMPC,0.0,,,
85197,5715,CD3E,,2022-06-23,2022-03-24,False,,,,,,,IMPC,0.0,,,
288101,1822,SNAP25,,2023-11-22,2023-11-21,False,,,,,,,IMPC,0.0,,,
211127,1822,SNAP25,,2023-11-22,2023-11-21,False,,,,,,,IMPC,0.0,,,
134153,1822,SNAP25,,2023-11-22,2023-11-21,False,,,,,,,IMPC,0.0,,,
136843,7060,XCL1,,2021-12-28,2021-05-10,False,,,,,,,IMPC,0.0,,,
83284,7060,XCL1,,2022-05-01,2022-03-24,False,,,,,,,IMPC,0.0,,,
88650,4750,SERPING1,,2021-01-11,2020-10-06,False,,,,,,,IMPC,0.0,7.0,,
151466,17670,GM2A,,2023-05-31,2023-05-09,False,,,,,,,IMPC,2.0,2.0,,
125676,17670,GM2A,,2021-09-09,2021-05-10,False,,,,,,,IMPC,0.0,2.0,,
150835,17670,GM2A,,2021-08-25,2021-05-10,False,,,,,,,IMPC,0.0,2.0,,
141795,17670,GM2A,,2021-02-24,2020-10-06,False,,,,,,,IMPC,0.0,2.0,,
141796,17670,GM2A,,2021-02-24,2020-10-06,False,,,,,,,IMPC,0.0,2.0,,
141797,17670,GM2A,,2021-02-24,2020-10-06,False,,,,,,,IMPC,0.0,2.0,,
141798,17670,GM2A,,2021-02-24,2020-10-06,False,,,,,,,IMPC,0.0,2.0,,
151709,17670,GM2A,,2024-01-30,2023-11-21,False,,,,,,,IMPC,2.0,2.0,,
151710,17670,GM2A,,2024-01-30,2023-11-21,False,,,,,,,IMPC,2.0,2.0,,
151711,17670,GM2A,,2024-01-30,2023-11-21,False,,,,,,,IMPC,2.0,2.0,,
144471,17670,GM2A,,2022-02-14,2021-05-10,False,,,,,,,IMPC,0.0,2.0,,
150753,1719,FCGR3A,,2021-12-16,2021-05-10,False,,,,,,,IMPC,0.0,,,
86312,1242,IL18,,2021-11-18,2021-05-10,False,,,,,,,IMPC,1.0,0.0,,
145350,1867,HES6,,2021-03-31,2020-10-06,False,,,,,,,IMPC,0.0,,,
88224,28035,CSTP1,,2021-01-13,2020-10-06,False,,,,,,,IMPC,0.0,,,
139468,68,PDE9A,,2022-05-26,2022-03-24,False,,,,,,,IMPC,0.0,,,
139469,68,PDE9A,,2022-05-26,2022-03-24,False,,,,,,,IMPC,0.0,,,
139467,68,PDE9A,,2022-05-26,2022-03-24,False,,,,,,,IMPC,0.0,,,
152778,4188,EGLN1,,2022-05-23,2022-03-24,False,,,,,,,IMPC,0.0,,,
106224,6084,SLC6A3,,2022-06-29,2022-03-24,False,,,,,,,IMPC,5.0,6.0,,
81814,23098,GAS1,,2020-12-07,2020-10-06,False,,,,,,,IMPC,0.0,,,
80104,33,PDE4B,,2025-03-28,2024-05-07,False,,,,,,,IMPC,0.0,,,
135112,16874,PLOD3,,2021-12-06,2021-05-10,False,,,,,,,IMPC,8.0,7.0,,
135110,16874,PLOD3,,2021-12-06,2021-05-10,False,,,,,,,IMPC,8.0,7.0,,
135111,16874,PLOD3,,2021-12-06,2021-05-10,False,,,,,,,IMPC,8.0,7.0,,
135109,16874,PLOD3,,2021-12-06,2021-05-10,False,,,,,,,IMPC,8.0,7.0,,
143540,17670,GM2A,,2024-10-14,2024-05-07,False,,,,,,,IMPC,2.0,2.0,,
139808,17670,GM2A,,2022-08-17,2022-03-24,False,,,,,,,IMPC,0.0,2.0,,
139809,17670,GM2A,,2022-08-17,2022-03-24,False,,,,,,,IMPC,0.0,2.0,,
139810,17670,GM2A,,2022-08-17,2022-03-24,False,,,,,,,IMPC,0.0,2.0,,
139811,17670,GM2A,,2022-08-17,2022-03-24,False,,,,,,,IMPC,0.0,2.0,,
139812,17670,GM2A,,2022-08-17,2022-03-24,False,,,,,,,IMPC,0.0,2.0,,
139813,17670,GM2A,,2022-08-17,2022-03-24,False,,,,,,,IMPC,0.0,2.0,,
98886,17670,GM2A,,2020-12-30,2020-10-06,False,,,,,,,IMPC,0.0,2.0,,
82331,17670,GM2A,,2021-07-15,2021-05-10,False,,,,,,,IMPC,0.0,2.0,,
123224,17670,GM2A,,2021-07-28,2021-05-10,False,,,,,,,IMPC,0.0,2.0,,
131507,17670,GM2A,,2021-12-09,2021-05-10,False,,,,,,,IMPC,0.0,2.0,,
131508,17670,GM2A,,2021-12-09,2021-05-10,False,,,,,,,IMPC,0.0,2.0,,
131509,17670,GM2A,,2021-12-09,2021-05-10,False,,,,,,,IMPC,0.0,2.0,,
141418,17670,GM2A,,2021-09-07,2021-05-10,False,,,,,,,IMPC,0.0,2.0,,
131510,17670,GM2A,,2021-12-09,2021-05-10,False,,,,,,,IMPC,0.0,2.0,,
85904,17670,GM2A,,2020-10-26,2020-10-06,False,,,,,,,IMPC,0.0,2.0,,
123506,17670,GM2A,,2022-06-13,2022-03-24,False,,,,,,,IMPC,0.0,2.0,,
94872,17670,GM2A,,2021-10-07,2021-05-10,False,,,,,,,IMPC,0.0,2.0,,
141540,17670,GM2A,,2023-09-29,2023-05-09,False,,,,,,,IMPC,2.0,2.0,,
106239,17670,GM2A,,2020-10-21,2020-10-06,False,,,,,,,IMPC,0.0,2.0,,
106240,17670,GM2A,,2020-10-21,2020-10-06,False,,,,,,,IMPC,0.0,2.0,,
139738,17670,GM2A,,2021-09-23,2021-05-10,False,,,,,,,IMPC,0.0,2.0,,
139737,17670,GM2A,,2021-09-23,2021-05-10,False,,,,,,,IMPC,0.0,2.0,,
109604,17670,GM2A,,2021-04-07,2020-10-06,False,,,,,,,IMPC,0.0,2.0,,
109603,17670,GM2A,,2021-04-07,2020-10-06,False,,,,,,,IMPC,0.0,2.0,,
121431,17670,GM2A,,2021-11-09,2021-05-10,False,,,,,,,IMPC,0.0,2.0,,
91632,17670,GM2A,,2022-04-06,2022-03-24,False,,,,,,,IMPC,0.0,2.0,,
83962,17670,GM2A,,2022-12-13,2022-11-28,False,,,,,,,IMPC,2.0,2.0,,
149355,17670,GM2A,,2021-10-08,2021-05-10,False,,,,,,,IMPC,0.0,2.0,,
83963,17670,GM2A,,2022-12-13,2022-11-28,False,,,,,,,IMPC,2.0,2.0,,
83964,17670,GM2A,,2022-12-13,2022-11-28,False,,,,,,,IMPC,2.0,2.0,,
83965,17670,GM2A,,2022-12-13,2022-11-28,False,,,,,,,IMPC,2.0,2.0,,
106241,17670,GM2A,,2020-10-21,2020-10-06,False,,,,,,,IMPC,0.0,2.0,,
131511,17670,GM2A,,2021-12-09,2021-05-10,False,,,,,,,IMPC,0.0,2.0,,
150639,17670,GM2A,,2025-03-26,2024-05-07,False,,,,,,,IMPC,2.0,2.0,,
151199,17670,GM2A,,2023-09-15,2023-05-09,False,,,,,,,IMPC,2.0,2.0,,
83966,17670,GM2A,,2022-12-13,2022-11-28,False,,,,,,,IMPC,2.0,2.0,,
106242,17670,GM2A,,2020-10-21,2020-10-06,False,,,,,,,IMPC,0.0,2.0,,
150870,17670,GM2A,,2021-08-15,2021-05-10,False,,,,,,,IMPC,0.0,2.0,,
112150,5383,DNTT,,2022-11-16,2022-03-24,False,,,,,,,IMPC,4.0,4.0,,
112148,5383,DNTT,,2022-11-16,2022-03-24,False,,,,,,,IMPC,4.0,4.0,,
112149,5383,DNTT,,2022-11-16,2022-03-24,False,,,,,,,IMPC,4.0,4.0,,
149672,5383,DNTT,,2025-05-23,2024-05-07,False,,,,,,,IMPC,4.0,4.0,,
152776,2467,MALT1,,2021-10-01,2021-05-10,False,,,,,,,IMPC,0.0,,,
150301,23032,TRDMT1,,2021-06-01,2021-05-10,False,,,,,,,IMPC,4.0,5.0,,
150781,1170,TFPI,,2024-08-02,2024-05-07,False,,,,,,,IMPC,0.0,,,
108867,211,GLP1R,,2021-04-13,2020-10-06,False,,,,,,,IMPC,1.0,2.0,,
132443,211,GLP1R,,2023-01-10,2022-11-28,False,,,,,,,IMPC,2.0,2.0,,
108865,211,GLP1R,,2021-04-13,2020-10-06,False,,,,,,,IMPC,1.0,2.0,,
108866,211,GLP1R,,2021-04-13,2020-10-06,False,,,,,,,IMPC,1.0,2.0,,
108863,211,GLP1R,,2021-04-13,2020-10-06,False,,,,,,,IMPC,1.0,2.0,,
132442,211,GLP1R,,2023-01-10,2022-11-28,False,,,,,,,IMPC,2.0,2.0,,
108864,211,GLP1R,,2021-04-13,2020-10-06,False,,,,,,,IMPC,1.0,2.0,,
519023,1822,SNAP25,,2023-11-22,2023-11-21,False,,,,,,,IMPC,0.0,,,
442049,1822,SNAP25,,2023-11-22,2023-11-21,False,,,,,,,IMPC,0.0,,,
111740,349,F9,,2022-05-18,2022-03-24,False,,,,,,,IMPC,0.0,,,
105706,17670,GM2A,,2022-01-25,2021-05-10,False,,,,,,,IMPC,0.0,2.0,,
123837,17670,GM2A,,2021-02-17,2020-10-06,False,,,,,,,IMPC,0.0,2.0,,
123836,17670,GM2A,,2021-02-17,2020-10-06,False,,,,,,,IMPC,0.0,2.0,,
109763,17670,GM2A,,2021-11-08,2021-05-10,False,,,,,,,IMPC,0.0,2.0,,
136678,17670,GM2A,,2023-11-27,2023-11-21,False,,,,,,,IMPC,2.0,2.0,,
102989,6372,DHFR,,2023-02-13,2022-11-28,False,,,,,,,IMPC,6.0,5.0,,
144045,7171,GLUD1,,2021-11-16,2021-05-10,False,,,,,,,IMPC,0.0,,,
122107,1242,IL18,,2024-05-01,2023-11-21,False,,,,,,,IMPC,0.0,0.0,,
122106,1242,IL18,,2024-05-01,2023-11-21,False,,,,,,,IMPC,0.0,0.0,,
122108,1242,IL18,,2024-05-01,2023-11-21,False,,,,,,,IMPC,0.0,0.0,,
122109,1242,IL18,,2024-05-01,2023-11-21,False,,,,,,,IMPC,0.0,0.0,,
122110,1242,IL18,,2024-05-01,2023-11-21,False,,,,,,,IMPC,0.0,0.0,,
122111,1242,IL18,,2024-05-01,2023-11-21,False,,,,,,,IMPC,0.0,0.0,,
122112,1242,IL18,,2024-05-01,2023-11-21,False,,,,,,,IMPC,0.0,0.0,,
108850,1197,ALOX12,,2021-08-26,2021-05-10,False,,,,,,,IMPC,0.0,,,
99547,68,PDE9A,,2022-05-26,2022-03-24,False,,,,,,,IMPC,0.0,,,
99546,68,PDE9A,,2022-05-26,2022-03-24,False,,,,,,,IMPC,0.0,,,
142229,2626,F5,,2021-11-04,2021-05-10,False,,,,,,,IMPC,0.0,,,
151616,2626,F5,,2024-01-16,2023-11-21,False,,,,,,,IMPC,0.0,,,
142230,2626,F5,,2021-11-04,2021-05-10,False,,,,,,,IMPC,0.0,,,
130728,6406,NUPR1,,2021-10-06,2021-05-10,False,,,,,,,IMPC,0.0,0.0,,
130729,6406,NUPR1,,2021-10-06,2021-05-10,False,,,,,,,IMPC,0.0,0.0,,
122139,22620,NUDT2,,2024-07-18,2024-05-07,False,,,,,,,IMPC,0.0,,,
89030,2273,SLC10A2,,2021-08-27,2021-05-10,False,,,,,,,IMPC,1.0,1.0,,
136190,17670,GM2A,,2022-06-21,2022-03-24,False,,,,,,,IMPC,0.0,2.0,,
132430,17670,GM2A,,2021-12-10,2021-05-10,False,,,,,,,IMPC,0.0,2.0,,
149026,17670,GM2A,,2022-02-28,2021-05-10,False,,,,,,,IMPC,0.0,2.0,,
144137,17670,GM2A,,2021-01-21,2020-10-06,False,,,,,,,IMPC,0.0,2.0,,
91048,17670,GM2A,,2021-03-16,2020-10-06,False,,,,,,,IMPC,0.0,2.0,,
144247,17670,GM2A,,2021-09-27,2021-05-10,False,,,,,,,IMPC,0.0,2.0,,
136191,17670,GM2A,,2022-06-21,2022-03-24,False,,,,,,,IMPC,0.0,2.0,,
107740,17670,GM2A,,2021-02-03,2020-10-06,False,,,,,,,IMPC,0.0,2.0,,
90193,17670,GM2A,,2022-07-25,2022-03-24,False,,,,,,,IMPC,0.0,2.0,,
90192,17670,GM2A,,2022-07-25,2022-03-24,False,,,,,,,IMPC,0.0,2.0,,
136192,17670,GM2A,,2022-06-21,2022-03-24,False,,,,,,,IMPC,0.0,2.0,,
136193,17670,GM2A,,2022-06-21,2022-03-24,False,,,,,,,IMPC,0.0,2.0,,
149114,17670,GM2A,,2023-02-17,2022-11-28,False,,,,,,,IMPC,2.0,2.0,,
149115,17670,GM2A,,2023-02-17,2022-11-28,False,,,,,,,IMPC,2.0,2.0,,
136194,17670,GM2A,,2022-06-21,2022-03-24,False,,,,,,,IMPC,0.0,2.0,,
149116,17670,GM2A,,2023-02-17,2022-11-28,False,,,,,,,IMPC,2.0,2.0,,
101244,17670,GM2A,,2021-09-16,2021-05-10,False,,,,,,,IMPC,0.0,2.0,,
101241,17670,GM2A,,2021-09-16,2021-05-10,False,,,,,,,IMPC,0.0,2.0,,
101240,17670,GM2A,,2021-09-16,2021-05-10,False,,,,,,,IMPC,0.0,2.0,,
143132,17670,GM2A,,2021-01-07,2020-10-06,False,,,,,,,IMPC,0.0,2.0,,
126859,17670,GM2A,,2021-01-26,2020-10-06,False,,,,,,,IMPC,0.0,2.0,,
126858,17670,GM2A,,2021-01-26,2020-10-06,False,,,,,,,IMPC,0.0,2.0,,
138483,17670,GM2A,,2021-12-07,2021-05-10,False,,,,,,,IMPC,0.0,2.0,,
138119,17670,GM2A,,2021-05-12,2021-05-10,False,,,,,,,IMPC,0.0,2.0,,
126857,17670,GM2A,,2021-01-26,2020-10-06,False,,,,,,,IMPC,0.0,2.0,,
132240,17670,GM2A,,2023-09-29,2023-05-09,False,,,,,,,IMPC,2.0,2.0,,
132241,17670,GM2A,,2023-09-29,2023-05-09,False,,,,,,,IMPC,2.0,2.0,,
138482,17670,GM2A,,2021-12-07,2021-05-10,False,,,,,,,IMPC,0.0,2.0,,
144248,17670,GM2A,,2021-09-27,2021-05-10,False,,,,,,,IMPC,0.0,2.0,,
139922,1170,TFPI,,2021-06-27,2021-05-10,False,,,,,,,IMPC,0.0,,,
145331,1713,EPHB2,,2022-07-26,2022-03-24,False,,,,,,,IMPC,2.0,2.0,,
149396,1713,EPHB2,,2020-12-01,2020-10-06,False,,,,,,,IMPC,4.0,2.0,,
88091,6084,SLC6A3,,2025-03-26,2024-05-07,False,,,,,,,IMPC,6.0,6.0,,
88090,6084,SLC6A3,,2025-03-26,2024-05-07,False,,,,,,,IMPC,6.0,6.0,,
88092,6084,SLC6A3,,2025-03-26,2024-05-07,False,,,,,,,IMPC,6.0,6.0,,
88093,6084,SLC6A3,,2025-03-26,2024-05-07,False,,,,,,,IMPC,6.0,6.0,,
82181,6084,SLC6A3,,2022-09-12,2022-03-24,False,,,,,,,IMPC,5.0,6.0,,
86103,4419,DRD4,,2021-08-19,2021-05-10,False,,,,,,,IMPC,0.0,,,
119380,16729,ALCAM,,2024-08-26,2024-05-07,False,,,,,,,IMPC,0.0,,,
89660,199,CTRB1,,2023-03-30,2022-11-28,False,,,,,,,IMPC,0.0,,,
92718,199,CTRB1,,2022-08-04,2022-03-24,False,,,,,,,IMPC,0.0,,,
137531,6088,GRIN2D,,2021-12-02,2021-05-10,False,,,,,,,IMPC,0.0,,,
141514,7069,DUSP26,,2022-01-14,2021-05-10,False,,,,,,,IMPC,0.0,0.0,,
137481,17983,CTNNA1,,2022-05-26,2022-03-24,False,,,,,,,IMPC,0.0,,,
88648,4750,SERPING1,,2021-01-11,2020-10-06,False,,,,,,,IMPC,0.0,7.0,,
88649,4750,SERPING1,,2021-01-11,2020-10-06,False,,,,,,,IMPC,0.0,7.0,,
134003,17670,GM2A,,2021-03-17,2020-10-06,False,,,,,,,IMPC,0.0,2.0,,
122468,17670,GM2A,,2021-02-04,2020-10-06,False,,,,,,,IMPC,0.0,2.0,,
144841,17670,GM2A,,2023-06-13,2023-05-09,False,,,,,,,IMPC,2.0,2.0,,
122469,17670,GM2A,,2021-02-04,2020-10-06,False,,,,,,,IMPC,0.0,2.0,,
98350,17670,GM2A,,2021-06-25,2021-05-10,False,,,,,,,IMPC,0.0,2.0,,
122470,17670,GM2A,,2021-02-04,2020-10-06,False,,,,,,,IMPC,0.0,2.0,,
148185,17670,GM2A,,2022-03-14,2021-05-10,False,,,,,,,IMPC,0.0,2.0,,
148184,17670,GM2A,,2022-03-14,2021-05-10,False,,,,,,,IMPC,0.0,2.0,,
151948,17670,GM2A,,2021-01-15,2020-10-06,False,,,,,,,IMPC,0.0,2.0,,
79376,17670,GM2A,,2021-08-14,2021-05-10,False,,,,,,,IMPC,0.0,2.0,,
128181,17670,GM2A,,2021-12-18,2021-05-10,False,,,,,,,IMPC,0.0,2.0,,
99980,17670,GM2A,,2022-09-21,2022-03-24,False,,,,,,,IMPC,0.0,2.0,,
122467,17670,GM2A,,2021-02-04,2020-10-06,False,,,,,,,IMPC,0.0,2.0,,
94659,17,PLG,,2021-06-22,2021-05-10,False,,,,,,,IMPC,0.0,,,
124120,7146,PARD3,,2024-01-31,2023-11-21,False,,,,,,,IMPC,5.0,5.0,,
136210,7171,GLUD1,,2021-12-07,2021-05-10,False,,,,,,,IMPC,0.0,,,
127989,1121,SELP,,2021-10-04,2021-05-10,False,,,,,,,IMPC,0.0,,,
127988,1121,SELP,,2021-10-04,2021-05-10,False,,,,,,,IMPC,0.0,,,
127987,1121,SELP,,2021-10-04,2021-05-10,False,,,,,,,IMPC,0.0,,,
107482,1180,OLR1,,2021-06-30,2021-05-10,False,,,,,,,IMPC,0.0,,,
107483,1180,OLR1,,2021-06-30,2021-05-10,False,,,,,,,IMPC,0.0,,,
107480,1180,OLR1,,2021-06-30,2021-05-10,False,,,,,,,IMPC,0.0,,,
107481,1180,OLR1,,2021-06-30,2021-05-10,False,,,,,,,IMPC,0.0,,,
140572,1382,IL1A,,2021-05-03,2020-10-06,False,,,,,,,IMPC,0.0,7.0,,
131969,259,TUBB,,2021-01-13,2020-10-06,False,,,,,,,IMPC,0.0,,,
129000,3148,PIERCE2,,2022-10-27,2022-03-24,False,,,,,,,IMPC,0.0,3.0,,
151754,17670,GM2A,,2023-10-01,2023-05-09,False,,,,,,,IMPC,2.0,2.0,,
136753,17670,GM2A,,2022-01-10,2021-05-10,False,,,,,,,IMPC,0.0,2.0,,
144983,17670,GM2A,,2021-05-24,2021-05-10,False,,,,,,,IMPC,0.0,2.0,,
144800,17670,GM2A,,2025-07-25,2024-05-07,False,,,,,,,IMPC,2.0,2.0,,
144799,17670,GM2A,,2025-07-25,2024-05-07,False,,,,,,,IMPC,2.0,2.0,,
144851,17670,GM2A,,2021-06-29,2021-05-10,False,,,,,,,IMPC,0.0,2.0,,
144982,17670,GM2A,,2021-05-24,2021-05-10,False,,,,,,,IMPC,0.0,2.0,,
145195,17670,GM2A,,2025-06-03,2024-05-07,False,,,,,,,IMPC,2.0,2.0,,
120871,17670,GM2A,,2021-06-07,2021-05-10,False,,,,,,,IMPC,0.0,2.0,,
136755,17670,GM2A,,2022-01-10,2021-05-10,False,,,,,,,IMPC,0.0,2.0,,
139243,17670,GM2A,,2024-10-03,2024-05-07,False,,,,,,,IMPC,2.0,2.0,,
139244,17670,GM2A,,2024-10-03,2024-05-07,False,,,,,,,IMPC,2.0,2.0,,
144839,17670,GM2A,,2023-06-13,2023-05-09,False,,,,,,,IMPC,2.0,2.0,,
136754,17670,GM2A,,2022-01-10,2021-05-10,False,,,,,,,IMPC,0.0,2.0,,
138657,17670,GM2A,,2023-09-18,2023-05-09,False,,,,,,,IMPC,2.0,2.0,,
145192,17670,GM2A,,2025-06-03,2024-05-07,False,,,,,,,IMPC,2.0,2.0,,
98244,17670,GM2A,,2023-03-15,2022-11-28,False,,,,,,,IMPC,2.0,2.0,,
145191,17670,GM2A,,2025-06-03,2024-05-07,False,,,,,,,IMPC,2.0,2.0,,
145193,17670,GM2A,,2025-06-03,2024-05-07,False,,,,,,,IMPC,2.0,2.0,,
142886,17670,GM2A,,2022-04-19,2022-03-24,False,,,,,,,IMPC,0.0,2.0,,
120872,17670,GM2A,,2021-06-07,2021-05-10,False,,,,,,,IMPC,0.0,2.0,,
120759,17670,GM2A,,2023-03-01,2022-11-28,False,,,,,,,IMPC,2.0,2.0,,
145194,17670,GM2A,,2025-06-03,2024-05-07,False,,,,,,,IMPC,2.0,2.0,,
148112,17670,GM2A,,2020-10-26,2020-10-06,False,,,,,,,IMPC,0.0,2.0,,
147955,17670,GM2A,,2023-05-30,2023-05-09,False,,,,,,,IMPC,2.0,2.0,,
129018,17670,GM2A,,2021-05-18,2021-05-10,False,,,,,,,IMPC,0.0,2.0,,
144798,17670,GM2A,,2025-07-25,2024-05-07,False,,,,,,,IMPC,2.0,2.0,,
137267,27865,ZNF829,,2023-11-29,2023-11-21,False,,,,,,,IMPC,0.0,,,
141188,148,FDX1,,2021-11-24,2021-05-10,False,,,,,,,IMPC,2.0,4.0,,
124341,6084,SLC6A3,,2021-09-15,2021-05-10,False,,,,,,,IMPC,8.0,6.0,,
118745,6799,DLX6,,2022-12-29,2022-11-28,False,,,,,,,IMPC,0.0,,,
118746,6799,DLX6,,2022-12-29,2022-11-28,False,,,,,,,IMPC,0.0,,,
123078,17227,NFE4,,2021-04-21,2020-10-06,False,,,,,,,IMPC,0.0,,,
146966,21013,MLST8,,2022-07-21,2022-03-24,False,,,,,,,IMPC,0.0,,,
146963,21013,MLST8,,2022-07-21,2022-03-24,False,,,,,,,IMPC,0.0,,,
146965,21013,MLST8,,2022-07-21,2022-03-24,False,,,,,,,IMPC,0.0,,,
146964,21013,MLST8,,2022-07-21,2022-03-24,False,,,,,,,IMPC,0.0,,,
77904,7069,DUSP26,,2021-01-26,2020-10-06,False,,,,,,,IMPC,0.0,0.0,,
137482,17983,CTNNA1,,2022-05-26,2022-03-24,False,,,,,,,IMPC,0.0,,,
104643,1713,EPHB2,,2021-07-12,2021-05-10,False,,,,,,,IMPC,3.0,2.0,,
104642,1713,EPHB2,,2021-03-10,2020-10-06,False,,,,,,,IMPC,4.0,2.0,,
104644,1713,EPHB2,,2021-07-12,2021-05-10,False,,,,,,,IMPC,3.0,2.0,,
150677,23516,DXO,,2020-11-01,2020-10-06,False,,,,,,,IMPC,0.0,,,
113755,6142,AREL1,,2022-10-11,2022-03-24,False,,,,,,,IMPC,2.0,2.0,,
526464,3455,IGLC2,,2021-08-30,2021-05-10,False,,,,,,,IMPC,0.0,,,
295542,3455,IGLC2,,2021-08-30,2021-05-10,False,,,,,,,IMPC,0.0,,,
449490,3455,IGLC2,,2021-08-30,2021-05-10,False,,,,,,,IMPC,0.0,,,
91896,27930,SCDP1,,2023-05-30,2023-05-09,False,,,,,,,IMPC,0.0,,,
91895,27930,SCDP1,,2023-05-30,2023-05-09,False,,,,,,,IMPC,0.0,,,
91894,27930,SCDP1,,2023-05-30,2023-05-09,False,,,,,,,IMPC,0.0,,,
91893,27930,SCDP1,,2023-05-30,2023-05-09,False,,,,,,,IMPC,0.0,,,
91897,27930,SCDP1,,2023-05-30,2023-05-09,False,,,,,,,IMPC,0.0,,,
86017,2557,ETFB,,2021-03-29,2020-10-06,False,,,,,,,IMPC,0.0,7.0,,
135244,21094,PRKD3,,2021-05-07,2020-10-06,False,,,,,,,IMPC,0.0,6.0,,
78375,18069,HOXA3,,2021-02-24,2020-10-06,False,,,,,,,IMPC,0.0,,,
152286,1687,MAPK1,,2021-07-01,2021-05-10,False,,,,,,,IMPC,1.0,1.0,,
123283,3925,ALPL,,2021-11-30,2021-05-10,False,,,,,,,IMPC,0.0,,,
102468,21932,BCKDHA,,2022-06-29,2022-03-24,False,,,,,,,IMPC,5.0,4.0,,
102469,21932,BCKDHA,,2022-06-29,2022-03-24,False,,,,,,,IMPC,5.0,4.0,,
123378,365,GABRB3,,2021-07-26,2021-05-10,False,,,,,,,IMPC,0.0,,,
93049,365,GABRB3,,2021-02-11,2020-10-06,False,,,,,,,IMPC,0.0,,,
113948,5018,PIGT,,2023-04-07,2022-11-28,False,,,,,,,IMPC,0.0,,,
87952,17559,CACNA1I,,2021-04-20,2020-10-06,False,,,,,,,IMPC,6.0,7.0,,
115718,1300,KDR,,2020-12-01,2020-10-06,False,,,,,,,IMPC,0.0,,,
139341,104,FLT1,,2021-08-13,2021-05-10,False,,,,,,,IMPC,0.0,,,
139343,104,FLT1,,2021-08-13,2021-05-10,False,,,,,,,IMPC,0.0,,,
139342,104,FLT1,,2021-08-13,2021-05-10,False,,,,,,,IMPC,0.0,,,
147395,68,PDE9A,,2020-10-16,2020-10-06,False,,,,,,,IMPC,0.0,,,
85868,19457,EPHB3,,2024-08-28,2024-05-07,False,,,,,,,IMPC,0.0,,,
85867,19457,EPHB3,,2024-08-28,2024-05-07,False,,,,,,,IMPC,0.0,,,
114259,4104,DCTN3,,2022-08-30,2022-03-24,False,,,,,,,IMPC,0.0,,,
114258,4104,DCTN3,,2022-08-30,2022-03-24,False,,,,,,,IMPC,0.0,,,
114260,4104,DCTN3,,2022-08-30,2022-03-24,False,,,,,,,IMPC,0.0,,,
83420,6084,SLC6A3,,2021-12-22,2021-05-10,False,,,,,,,IMPC,8.0,6.0,,
116517,4419,DRD4,,2021-07-27,2021-05-10,False,,,,,,,IMPC,0.0,,,
116518,4419,DRD4,,2021-07-27,2021-05-10,False,,,,,,,IMPC,0.0,,,
125046,1644,ANPEP,,2021-05-18,2021-05-10,False,,,,,,,IMPC,4.0,3.0,,
146353,27,APOB,,2021-03-18,2020-10-06,False,,,,,,,IMPC,0.0,,,
145998,2407,EIF4G2,,2021-03-17,2020-10-06,False,,,,,,,IMPC,12.0,12.0,,
145997,2407,EIF4G2,,2021-03-17,2020-10-06,False,,,,,,,IMPC,12.0,12.0,,
142215,17983,CTNNA1,,2021-01-07,2020-10-06,False,,,,,,,IMPC,0.0,,,
142217,17983,CTNNA1,,2021-01-07,2020-10-06,False,,,,,,,IMPC,0.0,,,
142216,17983,CTNNA1,,2021-01-07,2020-10-06,False,,,,,,,IMPC,0.0,,,
142209,17983,CTNNA1,,2021-01-07,2020-10-06,False,,,,,,,IMPC,0.0,,,
142214,17983,CTNNA1,,2021-01-07,2020-10-06,False,,,,,,,IMPC,0.0,,,
142210,17983,CTNNA1,,2021-01-07,2020-10-06,False,,,,,,,IMPC,0.0,,,
142211,17983,CTNNA1,,2021-01-07,2020-10-06,False,,,,,,,IMPC,0.0,,,
142213,17983,CTNNA1,,2021-01-07,2020-10-06,False,,,,,,,IMPC,0.0,,,
142212,17983,CTNNA1,,2021-01-07,2020-10-06,False,,,,,,,IMPC,0.0,,,
93406,26065,APBB1,,2022-05-19,2022-03-24,False,,,,,,,IMPC,0.0,,,
148453,1713,EPHB2,,2021-03-10,2020-10-06,False,,,,,,,IMPC,4.0,2.0,,
138182,2273,SLC10A2,,2021-01-04,2020-10-06,False,,,,,,,IMPC,1.0,1.0,,
115042,4822,GP5,,2021-06-18,2021-05-10,False,,,,,,,IMPC,0.0,,,
130780,5027,MTREX,,2022-03-25,2022-03-24,False,,,,,,,IMPC,0.0,,,
130781,5027,MTREX,,2022-03-25,2022-03-24,False,,,,,,,IMPC,0.0,,,
126554,2728,TADA1,,2022-07-25,2022-03-24,False,,,,,,,IMPC,3.0,3.0,,
126555,2728,TADA1,,2022-07-25,2022-03-24,False,,,,,,,IMPC,3.0,3.0,,
83844,2728,TADA1,,2021-02-18,2020-10-06,False,,,,,,,IMPC,2.0,3.0,,
83843,2728,TADA1,,2022-06-27,2022-03-24,False,,,,,,,IMPC,3.0,3.0,,
126557,2728,TADA1,,2022-07-25,2022-03-24,False,,,,,,,IMPC,3.0,3.0,,
126556,2728,TADA1,,2022-07-25,2022-03-24,False,,,,,,,IMPC,3.0,3.0,,
83845,2728,TADA1,,2021-02-18,2020-10-06,False,,,,,,,IMPC,2.0,3.0,,
126558,2728,TADA1,,2022-07-25,2022-03-24,False,,,,,,,IMPC,3.0,3.0,,
130791,2728,TADA1,,2022-01-12,2021-05-10,False,,,,,,,IMPC,3.0,3.0,,
372516,3455,IGLC2,,2021-08-30,2021-05-10,False,,,,,,,IMPC,0.0,,,
141594,3455,IGLC2,,2021-08-30,2021-05-10,False,,,,,,,IMPC,0.0,,,
149091,21165,EIF4EBP2,,2021-04-30,2020-10-06,False,,,,,,,IMPC,0.0,,,
138240,21165,EIF4EBP2,,2021-01-06,2020-10-06,False,,,,,,,IMPC,0.0,,,
149090,21165,EIF4EBP2,,2021-04-30,2020-10-06,False,,,,,,,IMPC,0.0,,,
149092,21165,EIF4EBP2,,2021-04-30,2020-10-06,False,,,,,,,IMPC,0.0,,,
138239,21165,EIF4EBP2,,2021-01-06,2020-10-06,False,,,,,,,IMPC,0.0,,,
138238,21165,EIF4EBP2,,2021-01-06,2020-10-06,False,,,,,,,IMPC,0.0,,,
118431,2793,NR3C2,,2021-01-26,2020-10-06,False,,,,,,,IMPC,0.0,,,
118358,2515,KEAP1,,2021-11-18,2021-05-10,False,,,,,,,IMPC,0.0,,,
101602,5737,COL12A1,,2022-09-15,2022-03-24,False,,,,,,,IMPC,0.0,,,
126697,5737,COL12A1,,2022-05-23,2022-03-24,False,,,,,,,IMPC,0.0,,,
135724,3625,MET,,2022-11-21,2022-03-24,False,,,,,,,IMPC,0.0,,,
120172,365,GABRB3,,2020-12-08,2020-10-06,False,,,,,,,IMPC,0.0,,,
94587,17559,CACNA1I,,2021-04-26,2020-10-06,False,,,,,,,IMPC,6.0,7.0,,
94586,17559,CACNA1I,,2021-04-26,2020-10-06,False,,,,,,,IMPC,6.0,7.0,,
89231,1694,AQP9,,2022-08-02,2022-03-24,False,,,,,,,IMPC,3.0,4.0,,
150524,1694,AQP9,,2022-06-22,2022-03-24,False,,,,,,,IMPC,3.0,4.0,,
105807,5401,KDM1A,,2021-12-15,2021-05-10,False,,,,,,,IMPC,9.0,11.0,,
125034,5401,KDM1A,,2023-09-07,2023-05-09,False,,,,,,,IMPC,11.0,11.0,,
105808,5401,KDM1A,,2021-12-15,2021-05-10,False,,,,,,,IMPC,9.0,11.0,,
101135,19457,EPHB3,,2022-11-14,2022-03-24,False,,,,,,,IMPC,0.0,,,
101136,19457,EPHB3,,2022-11-14,2022-03-24,False,,,,,,,IMPC,0.0,,,
101134,19457,EPHB3,,2022-11-14,2022-03-24,False,,,,,,,IMPC,0.0,,,
113633,19782,GCGR,,2023-06-23,2023-05-09,False,,,,,,,IMPC,5.0,18.0,,
113632,19782,GCGR,,2023-06-23,2023-05-09,False,,,,,,,IMPC,5.0,18.0,,
113631,19782,GCGR,,2023-06-23,2023-05-09,False,,,,,,,IMPC,5.0,18.0,,
104562,1244,ACKR3,,2022-10-30,2022-03-24,False,,,,,,,IMPC,5.0,5.0,,
152792,2457,PIK3CD,,2022-12-30,2022-11-28,False,,,,,,,IMPC,0.0,,,
152793,2457,PIK3CD,,2022-12-30,2022-11-28,False,,,,,,,IMPC,0.0,,,
115989,211,GLP1R,,2022-07-14,2022-03-24,False,,,,,,,IMPC,1.0,2.0,,
135012,3038,RHO,,2021-07-15,2021-05-10,False,,,,,,,IMPC,0.0,,,
112821,3575,EFNB2,,2021-08-17,2021-05-10,False,,,,,,,IMPC,0.0,,,
84235,1419,PDCD1,,2021-04-05,2020-10-06,False,,,,,,,IMPC,0.0,,,
143730,1716,HMGB1,,2021-01-05,2020-10-06,False,,,,,,,IMPC,0.0,,,
143731,1716,HMGB1,,2021-01-05,2020-10-06,False,,,,,,,IMPC,0.0,,,
143728,1716,HMGB1,,2021-01-05,2020-10-06,False,,,,,,,IMPC,0.0,,,
143729,1716,HMGB1,,2021-01-05,2020-10-06,False,,,,,,,IMPC,0.0,,,
149488,17886,ROR1,,2023-03-01,2022-11-28,False,,,,,,,IMPC,9.0,9.0,,
149491,17886,ROR1,,2023-03-01,2022-11-28,False,,,,,,,IMPC,9.0,9.0,,
149492,17886,ROR1,,2023-03-01,2022-11-28,False,,,,,,,IMPC,9.0,9.0,,
149494,17886,ROR1,,2023-03-01,2022-11-28,False,,,,,,,IMPC,9.0,9.0,,
149493,17886,ROR1,,2023-03-01,2022-11-28,False,,,,,,,IMPC,9.0,9.0,,
149495,17886,ROR1,,2023-03-01,2022-11-28,False,,,,,,,IMPC,9.0,9.0,,
149489,17886,ROR1,,2023-03-01,2022-11-28,False,,,,,,,IMPC,9.0,9.0,,
149490,17886,ROR1,,2023-03-01,2022-11-28,False,,,,,,,IMPC,9.0,9.0,,
104458,27865,ZNF829,,2024-08-30,2024-05-07,False,,,,,,,IMPC,0.0,,,
110536,17670,GM2A,,2020-12-08,2020-10-06,False,,,,,,,IMPC,0.0,2.0,,
148000,5735,CCNL2,,2023-07-31,2023-05-09,False,,,,,,,IMPC,0.0,,,
129850,17224,CLDN10,,2021-11-16,2021-05-10,False,,,,,,,IMPC,0.0,,,
85218,2728,TADA1,,2021-02-18,2020-10-06,False,,,,,,,IMPC,2.0,3.0,,
85220,2728,TADA1,,2021-12-15,2021-05-10,False,,,,,,,IMPC,3.0,3.0,,
85219,2728,TADA1,,2021-12-15,2021-05-10,False,,,,,,,IMPC,3.0,3.0,,
96099,1341,GGT5,,2020-10-20,2020-10-06,False,,,,,,,IMPC,0.0,,,
218568,3455,IGLC2,,2021-08-30,2021-05-10,False,,,,,,,IMPC,0.0,,,
144518,21165,EIF4EBP2,,2021-06-04,2021-05-10,False,,,,,,,IMPC,0.0,,,
130910,21165,EIF4EBP2,,2021-05-14,2021-05-10,False,,,,,,,IMPC,0.0,,,
144516,21165,EIF4EBP2,,2021-06-04,2021-05-10,False,,,,,,,IMPC,0.0,,,
144519,21165,EIF4EBP2,,2021-06-04,2021-05-10,False,,,,,,,IMPC,0.0,,,
144517,21165,EIF4EBP2,,2021-06-04,2021-05-10,False,,,,,,,IMPC,0.0,,,
125947,374,CACNB2,,2021-01-06,2020-10-06,False,,,,,,,IMPC,2.0,6.0,,
125948,374,CACNB2,,2021-01-06,2020-10-06,False,,,,,,,IMPC,2.0,6.0,,
142660,27969,LINC02023,,2022-09-02,2022-03-24,False,,,,,,,IMPC,0.0,,,
142661,27969,LINC02023,,2022-09-02,2022-03-24,False,,,,,,,IMPC,0.0,,,
82838,365,GABRB3,,2022-07-26,2022-03-24,False,,,,,,,IMPC,0.0,,,
120797,365,GABRB3,,2020-11-24,2020-10-06,False,,,,,,,IMPC,0.0,,,
147918,2777,RAF1,,2021-09-20,2021-05-10,False,,,,,,,IMPC,3.0,3.0,,
136545,660,REN,,2022-03-21,2021-05-10,False,,,,,,,IMPC,0.0,,,
120732,104,FLT1,,2022-09-27,2022-03-24,False,,,,,,,IMPC,0.0,,,
147954,2291,STAT3,,2023-05-30,2023-05-09,False,,,,,,,IMPC,0.0,,,
151761,68,PDE9A,,2022-04-01,2022-03-24,False,,,,,,,IMPC,0.0,,,
126303,27814,CD300LD,,2021-01-05,2020-10-06,False,,,,,,,IMPC,0.0,1.0,,
112959,2406,MAT1A,,2020-12-29,2020-10-06,False,,,,,,,IMPC,0.0,,,
112963,2406,MAT1A,,2020-12-29,2020-10-06,False,,,,,,,IMPC,0.0,,,
112962,2406,MAT1A,,2020-12-29,2020-10-06,False,,,,,,,IMPC,0.0,,,
112961,2406,MAT1A,,2020-12-29,2020-10-06,False,,,,,,,IMPC,0.0,,,
112960,2406,MAT1A,,2020-12-29,2020-10-06,False,,,,,,,IMPC,0.0,,,
80899,19782,GCGR,,2024-07-29,2024-05-07,False,,,,,,,IMPC,18.0,18.0,,
80898,19782,GCGR,,2023-06-23,2023-05-09,False,,,,,,,IMPC,5.0,18.0,,
80897,19782,GCGR,,2024-07-29,2024-05-07,False,,,,,,,IMPC,18.0,18.0,,
150194,1957,F7,,2023-01-01,2022-11-28,False,,,,,,,IMPC,5.0,5.0,,
137059,2457,PIK3CD,,2021-05-24,2021-05-10,False,,,,,,,IMPC,0.0,,,
137061,2457,PIK3CD,,2021-05-24,2021-05-10,False,,,,,,,IMPC,0.0,,,
137060,2457,PIK3CD,,2021-05-24,2021-05-10,False,,,,,,,IMPC,0.0,,,
137058,2457,PIK3CD,,2021-05-24,2021-05-10,False,,,,,,,IMPC,0.0,,,
139058,1228,IL17A,,2021-08-24,2021-05-10,False,,,,,,,IMPC,7.0,7.0,,
90323,1228,IL17A,,2022-01-06,2021-05-10,False,,,,,,,IMPC,7.0,7.0,,
108972,1228,IL17A,,2022-05-05,2022-03-24,False,,,,,,,IMPC,7.0,7.0,,
82767,247,C5,,2021-07-08,2021-05-10,False,,,,,,,IMPC,0.0,,,
84940,18805,FCGRT,,2020-10-22,2020-10-06,False,,,,,,,IMPC,0.0,,,
84942,18805,FCGRT,,2020-10-22,2020-10-06,False,,,,,,,IMPC,0.0,,,
112956,259,TUBB,,2020-12-29,2020-10-06,False,,,,,,,IMPC,0.0,,,
112955,259,TUBB,,2020-12-29,2020-10-06,False,,,,,,,IMPC,0.0,,,
112954,259,TUBB,,2020-12-29,2020-10-06,False,,,,,,,IMPC,0.0,,,
112958,259,TUBB,,2020-12-29,2020-10-06,False,,,,,,,IMPC,0.0,,,
98459,3274,RPSA,,2022-11-28,2022-11-28,False,,,,,,,IMPC,0.0,,,
148049,7114,TRIM62,,2023-07-07,2023-05-09,False,,,,,,,IMPC,0.0,,,
148048,7114,TRIM62,,2023-07-07,2023-05-09,False,,,,,,,IMPC,0.0,,,
136531,17670,GM2A,,2021-03-10,2020-10-06,False,,,,,,,IMPC,0.0,2.0,,
141423,17670,GM2A,,2021-09-07,2021-05-10,False,,,,,,,IMPC,0.0,2.0,,
97085,2069,BTK,,2020-10-09,2020-10-06,False,,,,,,,IMPC,0.0,,,
150864,3569,TAF8,,2021-02-01,2020-10-06,False,,,,,,,IMPC,6.0,5.0,,
150863,1419,PDCD1,,2021-02-01,2020-10-06,False,,,,,,,IMPC,0.0,,,
151185,1419,PDCD1,,2021-10-01,2021-05-10,False,,,,,,,IMPC,0.0,,,
85143,4660,DCP1B,,2023-10-12,2023-05-09,False,,,,,,,IMPC,0.0,0.0,,
85142,4660,DCP1B,,2023-10-12,2023-05-09,False,,,,,,,IMPC,0.0,0.0,,
149192,1082,SOST,,2022-04-28,2022-03-24,False,,,,,,,IMPC,0.0,,,
91880,872,TOP1,,2021-03-30,2020-10-06,False,,,,,,,IMPC,0.0,,,
141417,2434,CFAP97D1,,2021-09-07,2021-05-10,False,,,,,,,IMPC,0.0,1.0,,
135061,2434,CFAP97D1,,2022-07-08,2022-03-24,False,,,,,,,IMPC,1.0,1.0,,
141478,2434,CFAP97D1,,2021-07-01,2021-05-10,False,,,,,,,IMPC,0.0,1.0,,
125515,1419,PDCD1,,2022-07-07,2022-03-24,False,,,,,,,IMPC,0.0,,,
113772,4520,IL17F,,2022-12-13,2022-11-28,False,,,,,,,IMPC,0.0,,,
81887,3703,TIGIT,,2020-10-30,2020-10-06,False,,,,,,,IMPC,0.0,2.0,,
121677,3703,TIGIT,,2021-03-02,2020-10-06,False,,,,,,,IMPC,0.0,2.0,,
88231,3703,TIGIT,,2021-01-13,2020-10-06,False,,,,,,,IMPC,0.0,2.0,,
139393,1228,IL17A,,2022-09-13,2022-03-24,False,,,,,,,IMPC,7.0,7.0,,
149598,5349,NIF3L1,,2022-01-01,2021-05-10,False,,,,,,,IMPC,0.0,,,
152328,6027,INHBA,,2021-10-13,2021-05-10,False,,,,,,,IMPC,0.0,,,
152327,6027,INHBA,,2021-10-13,2021-05-10,False,,,,,,,IMPC,0.0,,,
84037,2430,AZGP1,,2021-01-05,2020-10-06,False,,,,,,,IMPC,0.0,,,
127496,2813,GZMA,,2022-02-14,2021-05-10,False,,,,,,,IMPC,0.0,,,
91631,2813,GZMA,,2022-04-06,2022-03-24,False,,,,,,,IMPC,0.0,,,
127497,2813,GZMA,,2022-02-14,2021-05-10,False,,,,,,,IMPC,0.0,,,
145714,72648,F,,2021-11-17,2021-05-10,False,,,,,,,IMPC,0.0,,,
98905,5349,NIF3L1,,2021-08-20,2021-05-10,False,,,,,,,IMPC,0.0,,,
115896,5349,NIF3L1,,2021-10-14,2021-05-10,False,,,,,,,IMPC,0.0,,,
130288,25708,LILRA4,,2022-04-27,2022-03-24,False,,,,,,,IMPC,0.0,,,
104268,25708,LILRA4,,2023-12-04,2023-11-21,False,,,,,,,IMPC,0.0,,,
149185,25708,LILRA4,,2022-12-29,2022-11-28,False,,,,,,,IMPC,0.0,,,
91544,16773,HAS3,,2022-07-27,2022-03-24,False,,,,,,,IMPC,0.0,0.0,,
78150,1590,IL1RL1,,2021-10-05,2021-05-10,False,,,,,,,IMPC,0.0,0.0,,
104555,7096,MPL,,2021-03-29,2020-10-06,False,,,,,,,IMPC,0.0,,,
134646,1244,ACKR3,,2021-12-30,2021-05-10,False,,,,,,,IMPC,4.0,5.0,,
102635,6098,CDKN2C,,2021-12-21,2021-05-10,False,,,,,,,IMPC,0.0,,,
102892,17670,GM2A,,2023-07-06,2023-05-09,False,,,,,,,IMPC,2.0,2.0,,
102891,17670,GM2A,,2023-07-06,2023-05-09,False,,,,,,,IMPC,2.0,2.0,,
132960,17670,GM2A,,2022-05-13,2022-03-24,False,,,,,,,IMPC,0.0,2.0,,
145409,2431,BSN,,2022-03-21,2021-05-10,False,,,,,,,IMPC,0.0,,,
82234,2431,BSN,,2020-10-16,2020-10-06,False,,,,,,,IMPC,0.0,,,
145408,2431,BSN,,2022-03-21,2021-05-10,False,,,,,,,IMPC,0.0,,,
83913,1822,SNAP25,,2022-02-25,2021-05-10,False,,,,,,,IMPC,0.0,,,
149168,1419,PDCD1,,2023-06-15,2023-05-09,False,,,,,,,IMPC,0.0,,,
152358,1419,PDCD1,,2022-11-15,2022-03-24,False,,,,,,,IMPC,0.0,,,
97296,16794,COL9A3,,2023-10-06,2023-05-09,False,,,,,,,IMPC,12.0,11.0,,
139691,6574,OTULIN,,2022-03-17,2021-05-10,False,,,,,,,IMPC,4.0,3.0,,
141815,2626,F5,,2021-08-13,2021-05-10,False,,,,,,,IMPC,0.0,,,
141817,2626,F5,,2021-08-13,2021-05-10,False,,,,,,,IMPC,0.0,,,
141816,2626,F5,,2021-08-13,2021-05-10,False,,,,,,,IMPC,0.0,,,
84447,5491,B3GAT2,,2021-11-03,2021-05-10,False,,,,,,,IMPC,0.0,,,
100735,6571,H1-3,,2024-03-09,2023-11-21,False,,,,,,,IMPC,0.0,,,
315361,68,PDE9A,,2021-02-25,2020-10-06,False,,,,,,,IMPC,0.0,,,
315362,68,PDE9A,,2021-02-25,2020-10-06,False,,,,,,,IMPC,0.0,,,
238387,68,PDE9A,,2021-02-25,2020-10-06,False,,,,,,,IMPC,0.0,,,
392336,68,PDE9A,,2021-02-25,2020-10-06,False,,,,,,,IMPC,0.0,,,
469310,68,PDE9A,,2021-02-25,2020-10-06,False,,,,,,,IMPC,0.0,,,
238388,68,PDE9A,,2021-02-25,2020-10-06,False,,,,,,,IMPC,0.0,,,
469309,68,PDE9A,,2021-02-25,2020-10-06,False,,,,,,,IMPC,0.0,,,
161414,68,PDE9A,,2021-02-25,2020-10-06,False,,,,,,,IMPC,0.0,,,
161413,68,PDE9A,,2021-02-25,2020-10-06,False,,,,,,,IMPC,0.0,,,
392335,68,PDE9A,,2021-02-25,2020-10-06,False,,,,,,,IMPC,0.0,,,
137815,5018,PIGT,,2022-05-05,2022-03-24,False,,,,,,,IMPC,0.0,,,
137817,5018,PIGT,,2022-05-05,2022-03-24,False,,,,,,,IMPC,0.0,,,
137816,5018,PIGT,,2022-05-05,2022-03-24,False,,,,,,,IMPC,0.0,,,
125511,21336,SLC10A1,,2022-08-23,2022-03-24,False,,,,,,,IMPC,8.0,11.0,,
116016,3703,TIGIT,,2021-05-24,2021-05-10,False,,,,,,,IMPC,2.0,2.0,,
112333,3703,TIGIT,,2021-03-31,2020-10-06,False,,,,,,,IMPC,0.0,2.0,,
151194,3703,TIGIT,,2023-09-15,2023-05-09,False,,,,,,,IMPC,2.0,2.0,,
150686,2406,MAT1A,,2023-03-01,2022-11-28,False,,,,,,,IMPC,0.0,,,
150685,2406,MAT1A,,2023-03-01,2022-11-28,False,,,,,,,IMPC,0.0,,,
151190,2406,MAT1A,,2021-06-01,2021-05-10,False,,,,,,,IMPC,0.0,,,
151192,2406,MAT1A,,2021-06-01,2021-05-10,False,,,,,,,IMPC,0.0,,,
150684,2406,MAT1A,,2023-03-01,2022-11-28,False,,,,,,,IMPC,0.0,,,
150687,2406,MAT1A,,2023-03-01,2022-11-28,False,,,,,,,IMPC,0.0,,,
151191,2406,MAT1A,,2021-06-01,2021-05-10,False,,,,,,,IMPC,0.0,,,
131504,1655,IL2RB,,2021-12-09,2021-05-10,False,,,,,,,IMPC,4.0,6.0,,
131502,1655,IL2RB,,2021-12-09,2021-05-10,False,,,,,,,IMPC,4.0,6.0,,
139735,1655,IL2RB,,2021-09-23,2021-05-10,False,,,,,,,IMPC,4.0,6.0,,
131503,1655,IL2RB,,2021-12-09,2021-05-10,False,,,,,,,IMPC,4.0,6.0,,
139736,1655,IL2RB,,2021-09-23,2021-05-10,False,,,,,,,IMPC,4.0,6.0,,
131505,1655,IL2RB,,2021-12-09,2021-05-10,False,,,,,,,IMPC,4.0,6.0,,
131506,1655,IL2RB,,2021-12-09,2021-05-10,False,,,,,,,IMPC,4.0,6.0,,
121627,1155,IL23A,,2021-11-29,2021-05-10,False,,,,,,,IMPC,0.0,,,
141777,4100,IL1RAP,,2021-05-04,2020-10-06,False,,,,,,,IMPC,0.0,,,
132894,27913,OR5M8,,2021-12-30,2021-05-10,False,,,,,,,IMPC,0.0,,,
87908,72630,S,,2022-01-12,2021-05-10,False,,,,,,,IMPC,0.0,,,
93129,6205,RGMA,,2021-08-27,2021-05-10,False,,,,,,,IMPC,0.0,,,
108467,5349,NIF3L1,,2022-11-06,2022-03-24,False,,,,,,,IMPC,0.0,,,
84460,3476,GSR,,2023-04-07,2022-11-28,False,,,,,,,IMPC,5.0,5.0,,
118060,72630,S,,2021-06-10,2021-05-10,False,,,,,,,IMPC,0.0,,,
116120,6210,MC1R,,2021-02-05,2020-10-06,False,,,,,,,IMPC,6.0,1.0,,
152224,2457,PIK3CD,,2022-03-11,2021-05-10,False,,,,,,,IMPC,0.0,,,
113460,1419,PDCD1,,2022-09-01,2022-03-24,False,,,,,,,IMPC,0.0,,,
89520,4482,GRM1,,2020-11-09,2020-10-06,False,,,,,,,IMPC,0.0,0.0,,
132764,72648,F,,2021-11-30,2021-05-10,False,,,,,,,IMPC,0.0,,,
107757,22789,RNASEH1,,2021-06-25,2021-05-10,False,,,,,,,IMPC,0.0,,,
130971,17670,GM2A,,2021-02-07,2020-10-06,False,,,,,,,IMPC,0.0,2.0,,
142112,17670,GM2A,,2020-10-16,2020-10-06,False,,,,,,,IMPC,0.0,2.0,,
135521,17670,GM2A,,2022-01-17,2021-05-10,False,,,,,,,IMPC,0.0,2.0,,
135520,17670,GM2A,,2022-01-17,2021-05-10,False,,,,,,,IMPC,0.0,2.0,,
111855,1274,IL13,,2021-05-14,2021-05-10,False,,,,,,,IMPC,5.0,2.0,,
111856,1274,IL13,,2021-05-14,2021-05-10,False,,,,,,,IMPC,5.0,2.0,,
95361,1274,IL13,,2022-03-04,2021-05-10,False,,,,,,,IMPC,5.0,2.0,,
138359,17847,SIGLEC8,,2022-06-27,2022-03-24,False,,,,,,,IMPC,0.0,,,
79391,5242,CYP8B1,,2020-10-09,2020-10-06,False,,,,,,,IMPC,0.0,,,
79392,5242,CYP8B1,,2020-10-09,2020-10-06,False,,,,,,,IMPC,0.0,,,
151594,1350,ERBB2,,2021-11-05,2021-05-10,False,,,,,,,IMPC,0.0,1.0,,
151595,1350,ERBB2,,2021-11-05,2021-05-10,False,,,,,,,IMPC,0.0,1.0,,
144173,2434,CFAP97D1,,2023-06-27,2023-05-09,False,,,,,,,IMPC,1.0,1.0,,
120241,2406,MAT1A,,2021-11-23,2021-05-10,False,,,,,,,IMPC,0.0,,,
80635,4520,IL17F,,2024-05-14,2024-05-07,False,,,,,,,IMPC,0.0,,,
145816,161,TGFB1,,2020-10-12,2020-10-06,False,,,,,,,IMPC,0.0,,,
142039,3703,TIGIT,,2021-08-06,2021-05-10,False,,,,,,,IMPC,2.0,2.0,,
142040,3703,TIGIT,,2021-08-06,2021-05-10,False,,,,,,,IMPC,2.0,2.0,,
142041,3703,TIGIT,,2021-08-06,2021-05-10,False,,,,,,,IMPC,2.0,2.0,,
153085,1432,LAG3,,2024-11-14,2024-05-07,False,,,,,,,IMPC,0.0,,,
149005,282,TUBA1B,,2021-03-29,2020-10-06,False,,,,,,,IMPC,0.0,,,
149006,282,TUBA1B,,2021-03-29,2020-10-06,False,,,,,,,IMPC,0.0,,,
148525,1300,KDR,,2021-09-30,2021-05-10,False,,,,,,,IMPC,0.0,,,
136648,1419,PDCD1,,2023-07-28,2023-05-09,False,,,,,,,IMPC,0.0,,,
136654,1419,PDCD1,,2023-07-28,2023-05-09,False,,,,,,,IMPC,0.0,,,
136653,1419,PDCD1,,2023-07-28,2023-05-09,False,,,,,,,IMPC,0.0,,,
136642,1419,PDCD1,,2023-07-28,2023-05-09,False,,,,,,,IMPC,0.0,,,
136652,1419,PDCD1,,2023-07-28,2023-05-09,False,,,,,,,IMPC,0.0,,,
136643,1419,PDCD1,,2023-07-28,2023-05-09,False,,,,,,,IMPC,0.0,,,
136651,1419,PDCD1,,2023-07-28,2023-05-09,False,,,,,,,IMPC,0.0,,,
136650,1419,PDCD1,,2023-07-28,2023-05-09,False,,,,,,,IMPC,0.0,,,
136649,1419,PDCD1,,2023-07-28,2023-05-09,False,,,,,,,IMPC,0.0,,,
136655,1419,PDCD1,,2023-07-28,2023-05-09,False,,,,,,,IMPC,0.0,,,
136647,1419,PDCD1,,2023-07-28,2023-05-09,False,,,,,,,IMPC,0.0,,,
136646,1419,PDCD1,,2023-07-28,2023-05-09,False,,,,,,,IMPC,0.0,,,
136645,1419,PDCD1,,2023-07-28,2023-05-09,False,,,,,,,IMPC,0.0,,,
136644,1419,PDCD1,,2023-07-28,2023-05-09,False,,,,,,,IMPC,0.0,,,
128780,3789,SLC6A2,,2022-12-28,2022-11-28,False,,,,,,,IMPC,5.0,5.0,,
109793,5349,NIF3L1,,2021-09-21,2021-05-10,False,,,,,,,IMPC,0.0,,,
97943,1961,MSTN,,2022-04-14,2022-03-24,False,,,,,,,IMPC,0.0,,,
97944,1961,MSTN,,2022-04-14,2022-03-24,False,,,,,,,IMPC,0.0,,,
97942,1961,MSTN,,2022-04-14,2022-03-24,False,,,,,,,IMPC,0.0,,,
97945,1961,MSTN,,2022-04-14,2022-03-24,False,,,,,,,IMPC,0.0,,,
123684,25708,LILRA4,,2021-05-28,2021-05-10,False,,,,,,,IMPC,0.0,,,
138089,5844,OSMR,,2024-05-01,2023-11-21,False,,,,,,,IMPC,0.0,,,
134232,5634,CHRM1,,2020-10-21,2020-10-06,False,,,,,,,IMPC,0.0,,,
134231,5634,CHRM1,,2020-10-21,2020-10-06,False,,,,,,,IMPC,0.0,,,
123879,903,INO80,,2021-02-01,2020-10-06,False,,,,,,,IMPC,7.0,8.0,,
123878,903,INO80,,2020-11-01,2020-10-06,False,,,,,,,IMPC,7.0,8.0,,
132470,2431,BSN,,2023-08-30,2023-05-09,False,,,,,,,IMPC,0.0,,,
142351,5831,TAS2R62P,,2021-04-22,2020-10-06,False,,,,,,,IMPC,0.0,,,
150444,1419,PDCD1,,2022-09-30,2022-03-24,False,,,,,,,IMPC,0.0,,,
150551,16776,AHCYL1,,2023-03-01,2022-11-28,False,,,,,,,IMPC,6.0,6.0,,
150552,16776,AHCYL1,,2023-03-01,2022-11-28,False,,,,,,,IMPC,6.0,6.0,,
128968,16782,STAG2,,2024-05-24,2024-05-07,False,,,,,,,IMPC,0.0,,,
140110,16794,COL9A3,,2023-11-01,2023-05-09,False,,,,,,,IMPC,12.0,11.0,,
135650,16794,COL9A3,,2024-06-06,2024-05-07,False,,,,,,,IMPC,11.0,11.0,,
146001,1432,LAG3,,2021-03-17,2020-10-06,False,,,,,,,IMPC,0.0,,,
146003,1432,LAG3,,2021-03-17,2020-10-06,False,,,,,,,IMPC,0.0,,,
146002,1432,LAG3,,2021-03-17,2020-10-06,False,,,,,,,IMPC,0.0,,,
103150,2425,BMP2,,2021-01-20,2020-10-06,False,,,,,,,IMPC,0.0,,,
103149,2425,BMP2,,2021-01-20,2020-10-06,False,,,,,,,IMPC,0.0,,,
118374,270,NFAT5,,2023-07-21,2023-05-09,False,,,,,,,IMPC,7.0,6.0,,
152235,2626,F5,,2022-11-22,2022-03-24,False,,,,,,,IMPC,0.0,,,
148490,5491,B3GAT2,,2022-05-12,2022-03-24,False,,,,,,,IMPC,0.0,,,
145980,2777,RAF1,,2021-02-02,2020-10-06,False,,,,,,,IMPC,3.0,3.0,,
95346,23257,DPP6,,2023-12-28,2023-11-21,False,,,,,,,IMPC,0.0,,,
84439,68,PDE9A,,2021-02-25,2020-10-06,False,,,,,,,IMPC,0.0,,,
84440,68,PDE9A,,2021-02-25,2020-10-06,False,,,,,,,IMPC,0.0,,,
120975,4,PCSK9,,2022-06-20,2022-03-24,False,,,,,,,IMPC,5.0,5.0,,
110766,3703,TIGIT,,2021-11-16,2021-05-10,False,,,,,,,IMPC,2.0,2.0,,
110764,3703,TIGIT,,2021-11-16,2021-05-10,False,,,,,,,IMPC,2.0,2.0,,
134063,3703,TIGIT,,2021-08-20,2021-05-10,False,,,,,,,IMPC,2.0,2.0,,
110765,3703,TIGIT,,2021-11-16,2021-05-10,False,,,,,,,IMPC,2.0,2.0,,
138480,1655,IL2RB,,2021-12-07,2021-05-10,False,,,,,,,IMPC,4.0,6.0,,
138481,1655,IL2RB,,2021-12-07,2021-05-10,False,,,,,,,IMPC,4.0,6.0,,
125245,72630,S,,2021-05-20,2021-05-10,False,,,,,,,IMPC,0.0,,,
81375,72630,S,,2020-12-04,2020-10-06,False,,,,,,,IMPC,0.0,,,
125247,72630,S,,2021-05-20,2021-05-10,False,,,,,,,IMPC,0.0,,,
125246,72630,S,,2021-05-20,2021-05-10,False,,,,,,,IMPC,0.0,,,
80611,72630,S,,2022-08-30,2022-03-24,False,,,,,,,IMPC,0.0,,,
128636,72630,S,,2021-10-15,2021-05-10,False,,,,,,,IMPC,0.0,,,
148615,4100,IL1RAP,,2021-01-25,2020-10-06,False,,,,,,,IMPC,0.0,,,
120989,4100,IL1RAP,,2021-07-07,2021-05-10,False,,,,,,,IMPC,0.0,,,
140153,7060,XCL1,,2020-12-22,2020-10-06,False,,,,,,,IMPC,0.0,,,
140154,7060,XCL1,,2020-12-22,2020-10-06,False,,,,,,,IMPC,0.0,,,
144413,2406,MAT1A,,2020-12-02,2020-10-06,False,,,,,,,IMPC,0.0,,,
94606,72630,S,,2021-10-07,2021-05-10,False,,,,,,,IMPC,0.0,,,
130930,72630,S,,2020-10-29,2020-10-06,False,,,,,,,IMPC,0.0,,,
135519,373,TDRKH,,2022-01-17,2021-05-10,False,,,,,,,IMPC,0.0,2.0,,
135518,373,TDRKH,,2022-01-17,2021-05-10,False,,,,,,,IMPC,0.0,2.0,,
78379,72630,S,,2020-11-18,2020-10-06,False,,,,,,,IMPC,0.0,,,
118066,16791,AGFG2,,2022-02-24,2021-05-10,False,,,,,,,IMPC,0.0,1.0,,
115321,24557,EEF1G,,2022-08-25,2022-03-24,False,,,,,,,IMPC,0.0,,,
119364,18042,COG8,,2021-07-28,2021-05-10,False,,,,,,,IMPC,2.0,3.0,,
150654,1350,ERBB2,,2024-12-20,2024-05-07,False,,,,,,,IMPC,1.0,1.0,,
98797,211,GLP1R,,2024-04-10,2023-11-21,False,,,,,,,IMPC,2.0,2.0,,
152839,19782,GCGR,,2023-12-29,2023-11-21,False,,,,,,,IMPC,18.0,18.0,,
93231,72630,S,,2023-06-08,2023-05-09,False,,,,,,,IMPC,0.0,,,
93232,72630,S,,2023-09-04,2023-05-09,False,,,,,,,IMPC,0.0,,,
141459,3966,ATF4,,2021-01-18,2020-10-06,False,,,,,,,IMPC,10.0,6.0,,
141458,3966,ATF4,,2021-01-18,2020-10-06,False,,,,,,,IMPC,10.0,6.0,,
108580,28,F10,,2022-11-30,2022-11-28,False,,,,,,,IMPC,4.0,4.0,,
139332,28,F10,,2021-09-01,2021-05-10,False,,,,,,,IMPC,3.0,4.0,,
147683,3440,RRM1,,2021-04-23,2020-10-06,False,,,,,,,IMPC,6.0,2.0,,
129297,3440,RRM1,,2021-02-23,2020-10-06,False,,,,,,,IMPC,6.0,2.0,,
127268,3440,RRM1,,2021-12-08,2021-05-10,False,,,,,,,IMPC,0.0,2.0,,
127267,3440,RRM1,,2021-12-08,2021-05-10,False,,,,,,,IMPC,0.0,2.0,,
151200,3440,RRM1,,2023-09-15,2023-05-09,False,,,,,,,IMPC,2.0,2.0,,
98803,3440,RRM1,,2023-08-28,2023-05-09,False,,,,,,,IMPC,2.0,2.0,,
152799,23511,PSENEN,,2024-09-01,2024-05-07,False,,,,,,,IMPC,0.0,,,
117190,23511,PSENEN,,2024-08-27,2024-05-07,False,,,,,,,IMPC,0.0,,,
133028,72346,gyrA,,2022-07-26,2022-03-24,False,,,,,,,IMPC,0.0,,,
88065,72346,gyrA,,2021-02-25,2020-10-06,False,,,,,,,IMPC,0.0,,,
108685,259,TUBB,,2022-03-24,2022-03-24,False,,,,,,,IMPC,0.0,,,
151197,259,TUBB,,2023-09-15,2023-05-09,False,,,,,,,IMPC,0.0,,,
127266,259,TUBB,,2021-12-08,2021-05-10,False,,,,,,,IMPC,0.0,,,
127265,259,TUBB,,2021-12-08,2021-05-10,False,,,,,,,IMPC,0.0,,,
98804,259,TUBB,,2023-08-28,2023-05-09,False,,,,,,,IMPC,0.0,,,
123229,1402,TYMS,,2021-07-28,2021-05-10,False,,,,,,,IMPC,0.0,0.0,,
135065,1402,TYMS,,2022-07-08,2022-03-24,False,,,,,,,IMPC,0.0,0.0,,
94873,7213,TOP2A,,2021-10-07,2021-05-10,False,,,,,,,IMPC,11.0,18.0,,
141497,7213,TOP2A,,2022-03-31,2022-03-24,False,,,,,,,IMPC,18.0,18.0,,
143721,7213,TOP2A,,2021-06-22,2021-05-10,False,,,,,,,IMPC,11.0,18.0,,
92549,25845,GMPR,,2020-11-09,2020-10-06,False,,,,,,,IMPC,1.0,1.0,,
147938,1419,PDCD1,,2023-10-12,2023-05-09,False,,,,,,,IMPC,0.0,,,
153309,2069,BTK,,2025-09-01,2024-05-07,False,,,,,,,IMPC,0.0,,,
153310,2069,BTK,,2025-09-01,2024-05-07,False,,,,,,,IMPC,0.0,,,
149731,1419,PDCD1,,2024-01-01,2023-11-21,False,,,,,,,IMPC,0.0,,,
146608,5242,CYP8B1,,2022-11-03,2022-03-24,False,,,,,,,IMPC,0.0,,,
150300,4299,CD70,,2021-05-06,2020-10-06,False,,,,,,,IMPC,0.0,,,
150299,4299,CD70,,2021-05-06,2020-10-06,False,,,,,,,IMPC,0.0,,,
146601,27925,METTL25B,,2024-05-13,2024-05-07,False,,,,,,,IMPC,0.0,,,
86654,7091,IGHG1,,2021-10-14,2021-05-10,False,,,,,,,IMPC,0.0,,,
138614,7091,IGHG1,,2022-12-22,2022-11-28,False,,,,,,,IMPC,0.0,,,
138613,7091,IGHG1,,2022-12-22,2022-11-28,False,,,,,,,IMPC,0.0,,,
138615,7091,IGHG1,,2022-12-22,2022-11-28,False,,,,,,,IMPC,0.0,,,
139253,2434,CFAP97D1,,2021-12-14,2021-05-10,False,,,,,,,IMPC,0.0,1.0,,
146776,2434,CFAP97D1,,2021-11-09,2021-05-10,False,,,,,,,IMPC,0.0,1.0,,
146580,2434,CFAP97D1,,2021-06-28,2021-05-10,False,,,,,,,IMPC,0.0,1.0,,
136487,7054,AIFM3,,2020-10-19,2020-10-06,False,,,,,,,IMPC,1.0,4.0,,
92364,161,TGFB1,,2021-12-01,2021-05-10,False,,,,,,,IMPC,0.0,,,
92365,161,TGFB1,,2021-12-01,2021-05-10,False,,,,,,,IMPC,0.0,,,
149815,3703,TIGIT,,2024-11-30,2024-05-07,False,,,,,,,IMPC,2.0,2.0,,
142649,3703,TIGIT,,2021-12-01,2021-05-10,False,,,,,,,IMPC,2.0,2.0,,
146475,282,TUBA1B,,2022-06-01,2022-03-24,False,,,,,,,IMPC,0.0,,,
149041,2878,JAK2,,2023-01-31,2022-11-28,False,,,,,,,IMPC,0.0,,,
149042,2878,JAK2,,2023-01-31,2022-11-28,False,,,,,,,IMPC,0.0,,,
149043,2878,JAK2,,2023-01-31,2022-11-28,False,,,,,,,IMPC,0.0,,,
139130,72648,F,,2021-09-06,2021-05-10,False,,,,,,,IMPC,0.0,,,
126440,3925,ALPL,,2021-01-06,2020-10-06,False,,,,,,,IMPC,0.0,,,
80789,4648,JAK1,,2022-03-17,2021-05-10,False,,,,,,,IMPC,0.0,,,
97951,1961,MSTN,,2022-04-14,2022-03-24,False,,,,,,,IMPC,0.0,,,
105399,1961,MSTN,,2024-05-21,2024-05-07,False,,,,,,,IMPC,0.0,,,
97948,1961,MSTN,,2022-04-14,2022-03-24,False,,,,,,,IMPC,0.0,,,
97947,1961,MSTN,,2022-04-14,2022-03-24,False,,,,,,,IMPC,0.0,,,
97946,1961,MSTN,,2022-04-14,2022-03-24,False,,,,,,,IMPC,0.0,,,
97950,1961,MSTN,,2022-04-14,2022-03-24,False,,,,,,,IMPC,0.0,,,
97949,1961,MSTN,,2022-04-14,2022-03-24,False,,,,,,,IMPC,0.0,,,
146967,25708,LILRA4,,2022-06-01,2022-03-24,False,,,,,,,IMPC,0.0,,,
140990,25708,LILRA4,,2023-04-26,2022-11-28,False,,,,,,,IMPC,0.0,,,
139103,5844,OSMR,,2023-05-26,2023-05-09,False,,,,,,,IMPC,0.0,,,
139104,5844,OSMR,,2023-05-26,2023-05-09,False,,,,,,,IMPC,0.0,,,
149809,903,INO80,,2020-11-01,2020-10-06,False,,,,,,,IMPC,7.0,8.0,,
147880,903,INO80,,2021-09-30,2021-05-10,False,,,,,,,IMPC,8.0,8.0,,
96374,4338,GPC3,,2020-10-29,2020-10-06,False,,,,,,,IMPC,0.0,,,
131750,17670,GM2A,,2023-02-10,2022-11-28,False,,,,,,,IMPC,2.0,2.0,,
128157,17670,GM2A,,2021-04-01,2020-10-06,False,,,,,,,IMPC,0.0,2.0,,
151842,2431,BSN,,2021-02-19,2020-10-06,False,,,,,,,IMPC,0.0,,,
150276,5170,IL22RA1,,2022-04-08,2022-03-24,False,,,,,,,IMPC,0.0,0.0,,
142738,5170,IL22RA1,,2021-01-26,2020-10-06,False,,,,,,,IMPC,0.0,0.0,,
105140,16782,STAG2,,2023-06-07,2023-05-09,False,,,,,,,IMPC,0.0,,,
82933,16782,STAG2,,2022-05-31,2022-03-24,False,,,,,,,IMPC,0.0,,,
77264,16794,COL9A3,,2021-12-13,2021-05-10,False,,,,,,,IMPC,5.0,11.0,,
84627,16794,COL9A3,,2022-06-30,2022-03-24,False,,,,,,,IMPC,5.0,11.0,,
77263,16794,COL9A3,,2021-12-13,2021-05-10,False,,,,,,,IMPC,5.0,11.0,,
124247,2425,BMP2,,2021-08-31,2021-05-10,False,,,,,,,IMPC,0.0,,,
88398,727,INSR,,2024-04-19,2023-11-21,False,,,,,,,IMPC,0.0,,,
85189,1904,F8,,2023-03-27,2022-11-28,False,,,,,,,IMPC,0.0,,,
98348,6574,OTULIN,,2021-06-25,2021-05-10,False,,,,,,,IMPC,4.0,3.0,,
98008,418,MAPT,,2021-06-09,2021-05-10,False,,,,,,,IMPC,9.0,8.0,,
139251,903,INO80,,2021-11-01,2021-05-10,False,,,,,,,IMPC,8.0,8.0,,
131962,6678,BBS2,,2021-11-08,2021-05-10,False,,,,,,,IMPC,4.0,2.0,,
146949,6678,BBS2,,2022-01-31,2021-05-10,False,,,,,,,IMPC,4.0,2.0,,
131961,6678,BBS2,,2021-11-08,2021-05-10,False,,,,,,,IMPC,4.0,2.0,,
146730,6571,H1-3,,2022-11-15,2022-03-24,False,,,,,,,IMPC,0.0,,,
111142,17042,TAAR1,,2022-11-09,2022-03-24,False,,,,,,,IMPC,0.0,,,
87023,670,ESR1,,2020-11-02,2020-10-06,False,,,,,,,IMPC,0.0,,,
126323,6204,TPH1,,2020-12-16,2020-10-06,False,,,,,,,IMPC,0.0,,,
126322,6204,TPH1,,2020-12-16,2020-10-06,False,,,,,,,IMPC,0.0,,,
126321,6204,TPH1,,2020-12-16,2020-10-06,False,,,,,,,IMPC,0.0,,,
126324,6204,TPH1,,2020-12-16,2020-10-06,False,,,,,,,IMPC,0.0,,,
111143,21336,SLC10A1,,2023-10-07,2023-05-09,False,,,,,,,IMPC,9.0,11.0,,
142459,418,MAPT,,2021-01-06,2020-10-06,False,,,,,,,IMPC,8.0,8.0,,
142458,418,MAPT,,2021-01-06,2020-10-06,False,,,,,,,IMPC,8.0,8.0,,
111575,4,PCSK9,,2021-04-22,2020-10-06,False,,,,,,,IMPC,6.0,5.0,,
111576,4,PCSK9,,2021-04-22,2020-10-06,False,,,,,,,IMPC,6.0,5.0,,
94187,4,PCSK9,,2021-04-22,2020-10-06,False,,,,,,,IMPC,6.0,5.0,,
122209,3703,TIGIT,,2021-07-15,2021-05-10,False,,,,,,,IMPC,2.0,2.0,,
152893,3703,TIGIT,,2023-07-28,2023-05-09,False,,,,,,,IMPC,2.0,2.0,,
90718,3703,TIGIT,,2021-02-15,2020-10-06,False,,,,,,,IMPC,0.0,2.0,,
144981,3703,TIGIT,,2021-05-24,2021-05-10,False,,,,,,,IMPC,2.0,2.0,,
113164,72630,S,,2021-08-25,2021-05-10,False,,,,,,,IMPC,0.0,,,
113163,72630,S,,2021-08-25,2021-05-10,False,,,,,,,IMPC,0.0,,,
118711,72630,S,,2024-12-05,2024-05-07,False,,,,,,,IMPC,0.0,,,
150008,72630,S,,2022-04-25,2022-03-24,False,,,,,,,IMPC,0.0,,,
150007,72630,S,,2022-04-25,2022-03-24,False,,,,,,,IMPC,0.0,,,
114412,4100,IL1RAP,,2021-05-15,2021-05-10,False,,,,,,,IMPC,0.0,,,
119106,211,GLP1R,,2024-01-03,2023-11-21,False,,,,,,,IMPC,2.0,2.0,,
136486,1419,PDCD1,,2020-10-19,2020-10-06,False,,,,,,,IMPC,0.0,,,
147121,1059,LEPR,,2022-02-28,2021-05-10,False,,,,,,,IMPC,42.0,48.0,,
147122,1059,LEPR,,2022-02-28,2021-05-10,False,,,,,,,IMPC,42.0,48.0,,
79330,1059,LEPR,,2024-04-24,2023-11-21,False,,,,,,,IMPC,48.0,48.0,,
146739,72630,S,,2021-12-16,2021-05-10,False,,,,,,,IMPC,0.0,,,
111604,27922,REEP4,,2021-03-11,2020-10-06,False,,,,,,,IMPC,0.0,,,
147920,2777,RAF1,,2021-09-20,2021-05-10,False,,,,,,,IMPC,3.0,3.0,,
146466,2406,MAT1A,,2021-09-02,2021-05-10,False,,,,,,,IMPC,0.0,,,
146464,2406,MAT1A,,2021-09-02,2021-05-10,False,,,,,,,IMPC,0.0,,,
146468,2406,MAT1A,,2021-09-02,2021-05-10,False,,,,,,,IMPC,0.0,,,
146467,2406,MAT1A,,2021-09-02,2021-05-10,False,,,,,,,IMPC,0.0,,,
146465,2406,MAT1A,,2021-09-02,2021-05-10,False,,,,,,,IMPC,0.0,,,
124382,2406,MAT1A,,2021-07-15,2021-05-10,False,,,,,,,IMPC,0.0,,,
145168,24557,EEF1G,,2021-11-05,2021-05-10,False,,,,,,,IMPC,0.0,,,
99977,5031,ID1,,2023-07-31,2023-05-09,False,,,,,,,IMPC,0.0,,,
109614,211,GLP1R,,2023-07-20,2023-05-09,False,,,,,,,IMPC,2.0,2.0,,
109616,211,GLP1R,,2023-07-20,2023-05-09,False,,,,,,,IMPC,2.0,2.0,,
80796,211,GLP1R,,2023-07-10,2023-05-09,False,,,,,,,IMPC,2.0,2.0,,
80793,211,GLP1R,,2023-07-10,2023-05-09,False,,,,,,,IMPC,2.0,2.0,,
80795,211,GLP1R,,2023-07-10,2023-05-09,False,,,,,,,IMPC,2.0,2.0,,
80794,211,GLP1R,,2023-07-10,2023-05-09,False,,,,,,,IMPC,2.0,2.0,,
109615,211,GLP1R,,2023-07-20,2023-05-09,False,,,,,,,IMPC,2.0,2.0,,
88419,19782,GCGR,,2024-01-16,2023-11-21,False,,,,,,,IMPC,18.0,18.0,,
88418,19782,GCGR,,2024-02-06,2023-11-21,False,,,,,,,IMPC,18.0,18.0,,
90371,5650,H4C2,,2024-03-29,2023-11-21,False,,,,,,,IMPC,0.0,,,
134000,5253,B4GALNT1,,2021-03-17,2020-10-06,False,,,,,,,IMPC,0.0,,,
151951,3440,RRM1,,2021-01-15,2020-10-06,False,,,,,,,IMPC,6.0,2.0,,
117081,3440,RRM1,,2021-02-22,2020-10-06,False,,,,,,,IMPC,6.0,2.0,,
83166,3440,RRM1,,2020-10-16,2020-10-06,False,,,,,,,IMPC,6.0,2.0,,
144520,3440,RRM1,,2021-06-04,2021-05-10,False,,,,,,,IMPC,0.0,2.0,,
144521,3440,RRM1,,2021-06-04,2021-05-10,False,,,,,,,IMPC,0.0,2.0,,
151952,3440,RRM1,,2021-01-15,2020-10-06,False,,,,,,,IMPC,6.0,2.0,,
149741,3440,RRM1,,2021-08-02,2021-05-10,False,,,,,,,IMPC,0.0,2.0,,
149742,3440,RRM1,,2021-08-02,2021-05-10,False,,,,,,,IMPC,0.0,2.0,,
103863,3440,RRM1,,2022-10-18,2022-03-24,False,,,,,,,IMPC,2.0,2.0,,
144522,3440,RRM1,,2021-06-04,2021-05-10,False,,,,,,,IMPC,0.0,2.0,,
144523,3440,RRM1,,2021-06-04,2021-05-10,False,,,,,,,IMPC,0.0,2.0,,
135063,872,TOP1,,2022-07-08,2022-03-24,False,,,,,,,IMPC,0.0,,,
94879,259,TUBB,,2021-10-07,2021-05-10,False,,,,,,,IMPC,0.0,,,
89785,2878,JAK2,,2021-07-19,2021-05-10,False,,,,,,,IMPC,0.0,,,
143683,2878,JAK2,,2022-06-16,2022-03-24,False,,,,,,,IMPC,0.0,,,
86018,872,TOP1,,2021-03-29,2020-10-06,False,,,,,,,IMPC,0.0,,,
91914,4876,BRAF,,2022-01-01,2021-05-10,False,,,,,,,IMPC,0.0,,,
152360,4876,BRAF,,2022-11-15,2022-03-24,False,,,,,,,IMPC,0.0,,,
91912,4876,BRAF,,2022-01-01,2021-05-10,False,,,,,,,IMPC,0.0,,,
91913,4876,BRAF,,2022-01-01,2021-05-10,False,,,,,,,IMPC,0.0,,,
123329,1227,DPP4,,2023-09-14,2023-05-09,False,,,,,,,IMPC,3.0,3.0,,
125568,5619,CALCR,,2024-05-20,2024-05-07,False,,,,,,,IMPC,2.0,2.0,,
80194,5619,CALCR,,2023-02-01,2022-11-28,False,,,,,,,IMPC,2.0,2.0,,
110618,5619,CALCR,,2023-04-03,2022-11-28,False,,,,,,,IMPC,2.0,2.0,,
125779,1885,PARP1,,2021-07-19,2021-05-10,False,,,,,,,IMPC,10.0,17.0,,
151317,17582,TYRO3,,2023-06-30,2023-05-09,False,,,,,,,IMPC,16.0,15.0,,
97110,211,GLP1R,,2023-04-03,2022-11-28,False,,,,,,,IMPC,2.0,2.0,,
97109,211,GLP1R,,2023-04-03,2022-11-28,False,,,,,,,IMPC,2.0,2.0,,
92008,211,GLP1R,,2023-04-03,2022-11-28,False,,,,,,,IMPC,2.0,2.0,,
97111,211,GLP1R,,2023-04-03,2022-11-28,False,,,,,,,IMPC,2.0,2.0,,
127662,17251,TRPC4,,2021-12-07,2021-05-10,False,,,,,,,IMPC,0.0,,,
96751,4648,JAK1,,2023-06-12,2023-05-09,False,,,,,,,IMPC,0.0,,,
110441,4648,JAK1,,2022-12-07,2022-11-28,False,,,,,,,IMPC,0.0,,,
102354,4452,CTSC,,2022-04-28,2022-03-24,False,,,,,,,IMPC,0.0,,,
133410,4452,CTSC,,2024-04-05,2023-11-21,False,,,,,,,IMPC,0.0,,,
133166,5222,IL4R,,2021-11-03,2021-05-10,False,,,,,,,IMPC,0.0,,,
82324,5376,OPRK1,,2021-03-24,2020-10-06,False,,,,,,,IMPC,0.0,,,
143064,7213,TOP2A,,2021-07-01,2021-05-10,False,,,,,,,IMPC,11.0,18.0,,
151223,2258,TYK2,,2021-11-01,2021-05-10,False,,,,,,,IMPC,1.0,7.0,,
90017,2258,TYK2,,2022-01-25,2021-05-10,False,,,,,,,IMPC,1.0,7.0,,
112419,2258,TYK2,,2022-06-07,2022-03-24,False,,,,,,,IMPC,8.0,7.0,,
127308,2258,TYK2,,2022-10-09,2022-03-24,False,,,,,,,IMPC,8.0,7.0,,
127307,2258,TYK2,,2022-10-09,2022-03-24,False,,,,,,,IMPC,8.0,7.0,,
104284,1822,SNAP25,,2022-03-29,2022-03-24,False,,,,,,,IMPC,0.0,,,
104480,1822,SNAP25,,2021-02-09,2020-10-06,False,,,,,,,IMPC,0.0,,,
92711,4,PCSK9,,2022-05-18,2022-03-24,False,,,,,,,IMPC,5.0,5.0,,
143740,19881,PPP3CA,,2021-01-05,2020-10-06,False,,,,,,,IMPC,0.0,0.0,,
143742,19881,PPP3CA,,2021-01-05,2020-10-06,False,,,,,,,IMPC,0.0,0.0,,
143741,19881,PPP3CA,,2021-01-05,2020-10-06,False,,,,,,,IMPC,0.0,0.0,,
143743,19881,PPP3CA,,2021-01-05,2020-10-06,False,,,,,,,IMPC,0.0,0.0,,
150622,4534,RORC,,2022-05-02,2022-03-24,False,,,,,,,IMPC,0.0,,,
134775,1657,SLC6A4,,2020-11-27,2020-10-06,False,,,,,,,IMPC,0.0,,,
152781,3625,MET,,2023-11-30,2023-11-21,False,,,,,,,IMPC,0.0,,,
144524,3440,RRM1,,2021-06-04,2021-05-10,False,,,,,,,IMPC,0.0,2.0,,
122525,3440,RRM1,,2021-02-25,2020-10-06,False,,,,,,,IMPC,6.0,2.0,,
148067,3440,RRM1,,2021-01-06,2020-10-06,False,,,,,,,IMPC,6.0,2.0,,
148068,3440,RRM1,,2021-01-06,2020-10-06,False,,,,,,,IMPC,6.0,2.0,,
136768,3440,RRM1,,2022-01-10,2021-05-10,False,,,,,,,IMPC,0.0,2.0,,
136769,3440,RRM1,,2022-01-10,2021-05-10,False,,,,,,,IMPC,0.0,2.0,,
118800,3440,RRM1,,2023-01-10,2022-11-28,False,,,,,,,IMPC,2.0,2.0,,
130913,3440,RRM1,,2021-05-14,2021-05-10,False,,,,,,,IMPC,0.0,2.0,,
118799,3440,RRM1,,2023-01-10,2022-11-28,False,,,,,,,IMPC,2.0,2.0,,
136770,3440,RRM1,,2022-01-10,2021-05-10,False,,,,,,,IMPC,0.0,2.0,,
113395,3440,RRM1,,2023-03-27,2022-11-28,False,,,,,,,IMPC,2.0,2.0,,
151995,23511,PSENEN,,2021-02-01,2020-10-06,False,,,,,,,IMPC,0.0,,,
152900,259,TUBB,,2023-07-28,2023-05-09,False,,,,,,,IMPC,0.0,,,
118797,259,TUBB,,2023-01-10,2022-11-28,False,,,,,,,IMPC,0.0,,,
113396,259,TUBB,,2023-03-27,2022-11-28,False,,,,,,,IMPC,0.0,,,
139254,259,TUBB,,2021-12-14,2021-05-10,False,,,,,,,IMPC,0.0,,,
83165,259,TUBB,,2020-10-16,2020-10-06,False,,,,,,,IMPC,0.0,,,
118798,259,TUBB,,2023-01-10,2022-11-28,False,,,,,,,IMPC,0.0,,,
122536,1402,TYMS,,2021-05-25,2021-05-10,False,,,,,,,IMPC,0.0,0.0,,
130901,7213,TOP2A,,2020-11-12,2020-10-06,False,,,,,,,IMPC,11.0,18.0,,
94278,7213,TOP2A,,2021-02-24,2020-10-06,False,,,,,,,IMPC,11.0,18.0,,
149744,872,TOP1,,2021-08-02,2021-05-10,False,,,,,,,IMPC,0.0,,,
149743,872,TOP1,,2021-08-02,2021-05-10,False,,,,,,,IMPC,0.0,,,
136855,872,TOP1,,2021-11-30,2021-05-10,False,,,,,,,IMPC,0.0,,,
117082,872,TOP1,,2021-02-22,2020-10-06,False,,,,,,,IMPC,0.0,,,
85056,2258,TYK2,,2021-03-15,2020-10-06,False,,,,,,,IMPC,2.0,7.0,,
79296,727,INSR,,2020-11-04,2020-10-06,False,,,,,,,IMPC,0.0,,,
94279,259,TUBB,,2021-02-24,2020-10-06,False,,,,,,,IMPC,0.0,,,
137063,2878,JAK2,,2021-05-24,2021-05-10,False,,,,,,,IMPC,0.0,,,
137064,2878,JAK2,,2021-05-24,2021-05-10,False,,,,,,,IMPC,0.0,,,
137065,2878,JAK2,,2021-05-24,2021-05-10,False,,,,,,,IMPC,0.0,,,
137062,2878,JAK2,,2021-05-24,2021-05-10,False,,,,,,,IMPC,0.0,,,
136767,872,TOP1,,2022-01-10,2021-05-10,False,,,,,,,IMPC,0.0,,,
107396,872,TOP1,,2023-02-01,2022-11-28,False,,,,,,,IMPC,0.0,,,
136765,872,TOP1,,2022-01-10,2021-05-10,False,,,,,,,IMPC,0.0,,,
149738,872,TOP1,,2021-08-02,2021-05-10,False,,,,,,,IMPC,0.0,,,
136766,872,TOP1,,2022-01-10,2021-05-10,False,,,,,,,IMPC,0.0,,,
117079,872,TOP1,,2021-02-22,2020-10-06,False,,,,,,,IMPC,0.0,,,
149737,872,TOP1,,2021-08-02,2021-05-10,False,,,,,,,IMPC,0.0,,,
481428,4648,JAK1,,2021-10-19,2021-05-10,False,,,,,,,IMPC,0.0,,,
327480,4648,JAK1,,2021-10-19,2021-05-10,False,,,,,,,IMPC,0.0,,,
113326,5619,CALCR,,2024-01-16,2023-11-21,False,,,,,,,IMPC,2.0,2.0,,
111313,5619,CALCR,,2023-02-01,2022-11-28,False,,,,,,,IMPC,2.0,2.0,,
100033,5619,CALCR,,2024-05-06,2023-11-21,False,,,,,,,IMPC,2.0,2.0,,
105753,1885,PARP1,,2020-10-16,2020-10-06,False,,,,,,,IMPC,10.0,17.0,,
122589,308,SCN5A,,2022-04-07,2022-03-24,False,,,,,,,IMPC,0.0,,,
88709,211,GLP1R,,2021-09-29,2021-05-10,False,,,,,,,IMPC,1.0,2.0,,
149740,259,TUBB,,2021-08-02,2021-05-10,False,,,,,,,IMPC,0.0,,,
117080,259,TUBB,,2021-02-22,2020-10-06,False,,,,,,,IMPC,0.0,,,
149739,259,TUBB,,2021-08-02,2021-05-10,False,,,,,,,IMPC,0.0,,,
151949,259,TUBB,,2021-01-15,2020-10-06,False,,,,,,,IMPC,0.0,,,
151950,259,TUBB,,2021-01-15,2020-10-06,False,,,,,,,IMPC,0.0,,,
136495,17582,TYRO3,,2021-07-27,2021-05-10,False,,,,,,,IMPC,0.0,15.0,,
109518,5222,IL4R,,2021-04-06,2020-10-06,False,,,,,,,IMPC,0.0,,,
101049,5222,IL4R,,2022-08-09,2022-03-24,False,,,,,,,IMPC,0.0,,,
109517,5222,IL4R,,2021-04-06,2020-10-06,False,,,,,,,IMPC,0.0,,,
112975,5222,IL4R,,2022-04-22,2022-03-24,False,,,,,,,IMPC,0.0,,,
77186,211,GLP1R,,2023-04-03,2022-11-28,False,,,,,,,IMPC,2.0,2.0,,
77185,211,GLP1R,,2023-04-03,2022-11-28,False,,,,,,,IMPC,2.0,2.0,,
98456,33,PDE4B,,2022-11-16,2022-03-24,False,,,,,,,IMPC,0.0,,,
78922,4648,JAK1,,2023-03-10,2022-11-28,False,,,,,,,IMPC,0.0,,,
132788,4648,JAK1,,2022-11-23,2022-03-24,False,,,,,,,IMPC,0.0,,,
150242,4648,JAK1,,2023-01-31,2022-11-28,False,,,,,,,IMPC,0.0,,,
86450,1796,TACR3,,2021-08-27,2021-05-10,False,,,,,,,IMPC,1.0,6.0,,
118980,72579,pol,,2021-11-03,2021-05-10,False,,,,,,,IMPC,0.0,,,
146726,5222,IL4R,,2022-02-11,2021-05-10,False,,,,,,,IMPC,0.0,,,
137021,5222,IL4R,,2021-09-30,2021-05-10,False,,,,,,,IMPC,0.0,,,
144494,2258,TYK2,,2021-03-31,2020-10-06,False,,,,,,,IMPC,2.0,7.0,,
144495,2258,TYK2,,2021-03-31,2020-10-06,False,,,,,,,IMPC,2.0,7.0,,
126304,2258,TYK2,,2021-01-05,2020-10-06,False,,,,,,,IMPC,2.0,7.0,,
129856,1822,SNAP25,,2024-06-24,2024-05-07,False,,,,,,,IMPC,0.0,,,
114473,1822,SNAP25,,2022-04-12,2022-03-24,False,,,,,,,IMPC,0.0,,,
132042,1822,SNAP25,,2021-10-15,2021-05-10,False,,,,,,,IMPC,0.0,,,
126354,1822,SNAP25,,2021-08-30,2021-05-10,False,,,,,,,IMPC,0.0,,,
103109,1822,SNAP25,,2020-12-10,2020-10-06,False,,,,,,,IMPC,0.0,,,
109364,1822,SNAP25,,2022-02-15,2021-05-10,False,,,,,,,IMPC,0.0,,,
79298,1822,SNAP25,,2023-10-17,2023-05-09,False,,,,,,,IMPC,0.0,,,
101788,72630,S,,2021-08-06,2021-05-10,False,,,,,,,IMPC,0.0,,,
140680,3625,MET,,2024-11-22,2024-05-07,False,,,,,,,IMPC,0.0,,,
140681,3625,MET,,2024-11-22,2024-05-07,False,,,,,,,IMPC,0.0,,,
140682,3625,MET,,2024-11-22,2024-05-07,False,,,,,,,IMPC,0.0,,,
88708,3612,GRIN1,,2020-12-07,2020-10-06,False,,,,,,,IMPC,0.0,0.0,,
88706,3612,GRIN1,,2020-12-07,2020-10-06,False,,,,,,,IMPC,0.0,0.0,,
97976,3612,GRIN1,,2022-01-26,2021-05-10,False,,,,,,,IMPC,0.0,0.0,,
146583,7213,TOP2A,,2021-06-28,2021-05-10,False,,,,,,,IMPC,11.0,18.0,,
129590,211,GLP1R,,2024-02-29,2023-11-21,False,,,,,,,IMPC,2.0,2.0,,
85993,211,GLP1R,,2022-11-14,2022-03-24,False,,,,,,,IMPC,1.0,2.0,,
95000,4648,JAK1,,2020-12-01,2020-10-06,False,,,,,,,IMPC,0.0,,,
139630,1420,CFD,,2022-04-27,2022-03-24,False,,,,,,,IMPC,6.0,7.0,,
143256,1420,CFD,,2022-01-14,2021-05-10,False,,,,,,,IMPC,7.0,7.0,,
143258,1420,CFD,,2022-01-14,2021-05-10,False,,,,,,,IMPC,7.0,7.0,,
143257,1420,CFD,,2022-01-14,2021-05-10,False,,,,,,,IMPC,7.0,7.0,,
143255,1420,CFD,,2022-01-14,2021-05-10,False,,,,,,,IMPC,7.0,7.0,,
139629,1420,CFD,,2022-04-27,2022-03-24,False,,,,,,,IMPC,6.0,7.0,,
125563,1141,FGF21,,2024-05-20,2024-05-07,False,,,,,,,IMPC,0.0,,,
87717,72579,pol,,2023-11-08,2023-05-09,False,,,,,,,IMPC,0.0,,,
84278,367,GABRA1,,2023-06-27,2023-05-09,False,,,,,,,IMPC,0.0,,,
134815,367,GABRA1,,2022-10-12,2022-03-24,False,,,,,,,IMPC,0.0,,,
125039,6210,MC1R,,2023-12-11,2023-11-21,False,,,,,,,IMPC,2.0,1.0,,
125040,6210,MC1R,,2023-12-11,2023-11-21,False,,,,,,,IMPC,2.0,1.0,,
83534,24537,H2BC5,,2022-03-07,2021-05-10,False,,,,,,,IMPC,0.0,,,
83533,24537,H2BC5,,2022-03-07,2021-05-10,False,,,,,,,IMPC,0.0,,,
130931,72630,S,,2020-10-29,2020-10-06,False,,,,,,,IMPC,0.0,,,
101604,148,FDX1,,2021-10-27,2021-05-10,False,,,,,,,IMPC,2.0,4.0,,
103469,7270,ATP1A4,,2020-12-07,2020-10-06,False,,,,,,,IMPC,0.0,1.0,,
87563,7270,ATP1A4,,2020-12-09,2020-10-06,False,,,,,,,IMPC,0.0,1.0,,
87562,7270,ATP1A4,,2020-12-09,2020-10-06,False,,,,,,,IMPC,0.0,1.0,,
132697,19782,GCGR,,2021-04-27,2020-10-06,False,,,,,,,IMPC,9.0,18.0,,
143911,5650,H4C2,,2022-08-16,2022-03-24,False,,,,,,,IMPC,0.0,,,
150574,3440,RRM1,,2024-06-27,2024-05-07,False,,,,,,,IMPC,2.0,2.0,,
144008,3440,RRM1,,2022-12-14,2022-11-28,False,,,,,,,IMPC,2.0,2.0,,
135637,3440,RRM1,,2023-05-13,2023-05-09,False,,,,,,,IMPC,2.0,2.0,,
149007,3440,RRM1,,2021-03-29,2020-10-06,False,,,,,,,IMPC,6.0,2.0,,
135634,3440,RRM1,,2023-05-13,2023-05-09,False,,,,,,,IMPC,2.0,2.0,,
149008,3440,RRM1,,2021-03-29,2020-10-06,False,,,,,,,IMPC,6.0,2.0,,
135635,3440,RRM1,,2023-05-13,2023-05-09,False,,,,,,,IMPC,2.0,2.0,,
135632,3440,RRM1,,2023-05-13,2023-05-09,False,,,,,,,IMPC,2.0,2.0,,
150575,3440,RRM1,,2024-06-27,2024-05-07,False,,,,,,,IMPC,2.0,2.0,,
150576,3440,RRM1,,2024-06-27,2024-05-07,False,,,,,,,IMPC,2.0,2.0,,
101294,3440,RRM1,,2021-09-16,2021-05-10,False,,,,,,,IMPC,0.0,2.0,,
135633,3440,RRM1,,2023-05-13,2023-05-09,False,,,,,,,IMPC,2.0,2.0,,
101293,3440,RRM1,,2021-09-16,2021-05-10,False,,,,,,,IMPC,0.0,2.0,,
101292,3440,RRM1,,2021-09-16,2021-05-10,False,,,,,,,IMPC,0.0,2.0,,
101291,3440,RRM1,,2021-09-16,2021-05-10,False,,,,,,,IMPC,0.0,2.0,,
101290,3440,RRM1,,2021-09-16,2021-05-10,False,,,,,,,IMPC,0.0,2.0,,
101289,3440,RRM1,,2021-09-16,2021-05-10,False,,,,,,,IMPC,0.0,2.0,,
101288,3440,RRM1,,2021-09-16,2021-05-10,False,,,,,,,IMPC,0.0,2.0,,
101287,3440,RRM1,,2021-09-16,2021-05-10,False,,,,,,,IMPC,0.0,2.0,,
101286,3440,RRM1,,2021-09-16,2021-05-10,False,,,,,,,IMPC,0.0,2.0,,
135636,3440,RRM1,,2023-05-13,2023-05-09,False,,,,,,,IMPC,2.0,2.0,,
101285,3440,RRM1,,2021-09-16,2021-05-10,False,,,,,,,IMPC,0.0,2.0,,
132444,23511,PSENEN,,2023-01-10,2022-11-28,False,,,,,,,IMPC,0.0,,,
132445,23511,PSENEN,,2023-01-10,2022-11-28,False,,,,,,,IMPC,0.0,,,
110778,259,TUBB,,2021-11-16,2021-05-10,False,,,,,,,IMPC,0.0,,,
110777,259,TUBB,,2021-11-16,2021-05-10,False,,,,,,,IMPC,0.0,,,
110776,259,TUBB,,2021-11-16,2021-05-10,False,,,,,,,IMPC,0.0,,,
144007,259,TUBB,,2022-12-14,2022-11-28,False,,,,,,,IMPC,0.0,,,
123847,259,TUBB,,2021-02-17,2020-10-06,False,,,,,,,IMPC,0.0,,,
123848,259,TUBB,,2021-02-17,2020-10-06,False,,,,,,,IMPC,0.0,,,
147158,1402,TYMS,,2021-09-01,2021-05-10,False,,,,,,,IMPC,0.0,0.0,,
147159,1402,TYMS,,2021-09-01,2021-05-10,False,,,,,,,IMPC,0.0,0.0,,
147160,1402,TYMS,,2021-09-01,2021-05-10,False,,,,,,,IMPC,0.0,0.0,,
147157,1402,TYMS,,2021-09-01,2021-05-10,False,,,,,,,IMPC,0.0,0.0,,
115548,7213,TOP2A,,2022-03-03,2021-05-10,False,,,,,,,IMPC,11.0,18.0,,
115547,7213,TOP2A,,2022-03-03,2021-05-10,False,,,,,,,IMPC,11.0,18.0,,
150382,7213,TOP2A,,2024-03-29,2023-11-21,False,,,,,,,IMPC,18.0,18.0,,
142032,872,TOP1,,2021-12-22,2021-05-10,False,,,,,,,IMPC,0.0,,,
142285,872,TOP1,,2022-10-03,2022-03-24,False,,,,,,,IMPC,0.0,,,
123833,872,TOP1,,2022-07-22,2022-03-24,False,,,,,,,IMPC,0.0,,,
119922,727,INSR,,2020-10-30,2020-10-06,False,,,,,,,IMPC,0.0,,,
150383,259,TUBB,,2024-03-29,2023-11-21,False,,,,,,,IMPC,0.0,,,
97500,872,TOP1,,2021-06-11,2021-05-10,False,,,,,,,IMPC,0.0,,,
123835,872,TOP1,,2022-07-22,2022-03-24,False,,,,,,,IMPC,0.0,,,
130972,4876,BRAF,,2021-02-07,2020-10-06,False,,,,,,,IMPC,0.0,,,
144034,4876,BRAF,,2021-09-26,2021-05-10,False,,,,,,,IMPC,0.0,,,
173532,4648,JAK1,,2021-10-19,2021-05-10,False,,,,,,,IMPC,0.0,,,
96558,4648,JAK1,,2021-10-19,2021-05-10,False,,,,,,,IMPC,0.0,,,
404454,4648,JAK1,,2021-10-19,2021-05-10,False,,,,,,,IMPC,0.0,,,
250506,4648,JAK1,,2021-10-19,2021-05-10,False,,,,,,,IMPC,0.0,,,
114952,5619,CALCR,,2024-04-01,2023-11-21,False,,,,,,,IMPC,2.0,2.0,,
81451,5619,CALCR,,2023-02-01,2022-11-28,False,,,,,,,IMPC,2.0,2.0,,
82450,211,GLP1R,,2021-09-29,2021-05-10,False,,,,,,,IMPC,1.0,2.0,,
77849,211,GLP1R,,2021-09-15,2021-05-10,False,,,,,,,IMPC,1.0,2.0,,
142283,17582,TYRO3,,2022-10-03,2022-03-24,False,,,,,,,IMPC,0.0,15.0,,
97525,5222,IL4R,,2021-11-30,2021-05-10,False,,,,,,,IMPC,0.0,,,
132246,5222,IL4R,,2022-01-12,2021-05-10,False,,,,,,,IMPC,0.0,,,
99239,5222,IL4R,,2023-08-10,2023-05-09,False,,,,,,,IMPC,0.0,,,
128952,17251,TRPC4,,2020-11-13,2020-10-06,False,,,,,,,IMPC,0.0,,,
105841,4648,JAK1,,2022-09-01,2022-03-24,False,,,,,,,IMPC,0.0,,,
134112,4648,JAK1,,2023-04-11,2022-11-28,False,,,,,,,IMPC,0.0,,,
134536,4648,JAK1,,2022-11-18,2022-03-24,False,,,,,,,IMPC,0.0,,,
101132,4648,JAK1,,2023-01-31,2022-11-28,False,,,,,,,IMPC,0.0,,,
115118,72579,pol,,2023-06-16,2023-05-09,False,,,,,,,IMPC,0.0,,,
103167,5376,OPRK1,,2022-06-17,2022-03-24,False,,,,,,,IMPC,0.0,,,
103166,5376,OPRK1,,2021-09-16,2021-05-10,False,,,,,,,IMPC,0.0,,,
95680,27923,TPRKB,,2022-06-30,2022-03-24,False,,,,,,,IMPC,1.0,1.0,,
119941,27923,TPRKB,,2022-01-10,2021-05-10,False,,,,,,,IMPC,0.0,1.0,,
148655,1822,SNAP25,,2021-11-05,2021-05-10,False,,,,,,,IMPC,0.0,,,
125106,1822,SNAP25,,2023-12-12,2023-11-21,False,,,,,,,IMPC,0.0,,,
106879,4,PCSK9,,2024-10-30,2024-05-07,False,,,,,,,IMPC,5.0,5.0,,
132471,19881,PPP3CA,,2023-08-30,2023-05-09,False,,,,,,,IMPC,0.0,0.0,,
79701,72630,S,,2021-09-27,2021-05-10,False,,,,,,,IMPC,0.0,,,
89305,5590,SCN10A,,2021-07-19,2021-05-10,False,,,,,,,IMPC,0.0,,,
87306,5590,SCN10A,,2023-12-13,2023-11-21,False,,,,,,,IMPC,0.0,,,
89444,211,GLP1R,,2021-06-08,2021-05-10,False,,,,,,,IMPC,1.0,2.0,,
105570,3612,GRIN1,,2022-11-29,2022-11-28,False,,,,,,,IMPC,0.0,0.0,,
129226,14,CACNA1C,,2022-08-05,2022-03-24,False,,,,,,,IMPC,10.0,12.0,,
129227,14,CACNA1C,,2022-08-05,2022-03-24,False,,,,,,,IMPC,10.0,12.0,,
90010,3301,HTR2A,,2022-08-18,2022-03-24,False,,,,,,,IMPC,0.0,,,
90008,3301,HTR2A,,2022-08-18,2022-03-24,False,,,,,,,IMPC,0.0,,,
90007,3301,HTR2A,,2022-08-18,2022-03-24,False,,,,,,,IMPC,0.0,,,
90009,3301,HTR2A,,2022-08-18,2022-03-24,False,,,,,,,IMPC,0.0,,,
89662,211,GLP1R,,2021-09-13,2021-05-10,False,,,,,,,IMPC,1.0,2.0,,
89663,211,GLP1R,,2021-09-13,2021-05-10,False,,,,,,,IMPC,1.0,2.0,,
102532,1071,MPO,,2022-10-26,2022-03-24,False,,,,,,,IMPC,1.0,0.0,,
104567,6298,JAK3,,2022-02-16,2021-05-10,False,,,,,,,IMPC,8.0,15.0,,
117143,5222,IL4R,,2021-01-15,2020-10-06,False,,,,,,,IMPC,0.0,,,
147239,261,OPRM1,,2020-12-18,2020-10-06,False,,,,,,,IMPC,0.0,,,
147029,211,GLP1R,,2022-10-27,2022-03-24,False,,,,,,,IMPC,1.0,2.0,,
147028,211,GLP1R,,2022-10-27,2022-03-24,False,,,,,,,IMPC,1.0,2.0,,
121681,1400,CYP11B2,,2022-01-11,2021-05-10,False,,,,,,,IMPC,0.0,,,
339531,1691,COL1A1,,2023-11-28,2023-11-21,False,,,,,,,IMPC,0.0,,,
185583,1691,COL1A1,,2023-11-28,2023-11-21,False,,,,,,,IMPC,0.0,,,
102402,1691,COL1A1,,2021-11-29,2021-05-10,False,,,,,,,IMPC,0.0,,,
410298,1691,COL1A1,,2021-11-29,2021-05-10,False,,,,,,,IMPC,0.0,,,
256350,1691,COL1A1,,2021-11-29,2021-05-10,False,,,,,,,IMPC,0.0,,,
487272,1691,COL1A1,,2021-11-29,2021-05-10,False,,,,,,,IMPC,0.0,,,
493479,1691,COL1A1,,2023-11-28,2023-11-21,False,,,,,,,IMPC,0.0,,,
152346,1974,IL15,,2025-12-15,2024-05-07,False,,,,,,,IMPC,4.0,4.0,,
84129,4648,JAK1,,2022-04-19,2022-03-24,False,,,,,,,IMPC,0.0,,,
131443,367,GABRA1,,2025-03-25,2024-05-07,False,,,,,,,IMPC,0.0,,,
104741,5634,CHRM1,,2020-12-16,2020-10-06,False,,,,,,,IMPC,0.0,,,
392564,5826,TMEM97,,2022-05-19,2022-03-24,False,,,,,,,IMPC,1.0,6.0,,
84668,5826,TMEM97,,2022-05-19,2022-03-24,False,,,,,,,IMPC,1.0,6.0,,
238616,5826,TMEM97,,2022-05-19,2022-03-24,False,,,,,,,IMPC,1.0,6.0,,
123317,1362,IL33,,2020-12-14,2020-10-06,False,,,,,,,IMPC,8.0,3.0,,
141793,2801,TLR9,,2021-02-24,2020-10-06,False,,,,,,,IMPC,0.0,,,
141794,2801,TLR9,,2021-02-24,2020-10-06,False,,,,,,,IMPC,0.0,,,
141792,2801,TLR9,,2021-02-24,2020-10-06,False,,,,,,,IMPC,0.0,,,
104363,3612,GRIN1,,2022-09-06,2022-03-24,False,,,,,,,IMPC,0.0,0.0,,
88272,4,PCSK9,,2024-07-08,2024-05-07,False,,,,,,,IMPC,5.0,5.0,,
141666,72579,pol,,2021-02-24,2020-10-06,False,,,,,,,IMPC,0.0,,,
145585,72579,pol,,2021-03-15,2020-10-06,False,,,,,,,IMPC,0.0,,,
141665,72579,pol,,2021-02-24,2020-10-06,False,,,,,,,IMPC,0.0,,,
141667,72579,pol,,2021-02-24,2020-10-06,False,,,,,,,IMPC,0.0,,,
152415,261,OPRM1,,2023-03-01,2022-11-28,False,,,,,,,IMPC,0.0,,,
82332,3684,LILRB2,,2021-07-15,2021-05-10,False,,,,,,,IMPC,0.0,,,
110180,353,F11,,2021-09-17,2021-05-10,False,,,,,,,IMPC,0.0,,,
110179,353,F11,,2021-09-17,2021-05-10,False,,,,,,,IMPC,0.0,,,
141259,161,TGFB1,,2021-11-15,2021-05-10,False,,,,,,,IMPC,0.0,,,
104636,223,NPC1L1,,2023-04-26,2022-11-28,False,,,,,,,IMPC,0.0,,,
92025,223,NPC1L1,,2022-08-17,2022-03-24,False,,,,,,,IMPC,0.0,,,
127543,1400,CYP11B2,,2022-04-29,2022-03-24,False,,,,,,,IMPC,0.0,,,
127544,1400,CYP11B2,,2022-04-29,2022-03-24,False,,,,,,,IMPC,0.0,,,
129255,3893,RIPK1,,2022-02-18,2021-05-10,False,,,,,,,IMPC,0.0,,,
125687,1822,SNAP25,,2021-02-24,2020-10-06,False,,,,,,,IMPC,0.0,,,
88213,6393,SLC6A9,,2021-08-09,2021-05-10,False,,,,,,,IMPC,0.0,,,
141587,3612,GRIN1,,2021-03-30,2020-10-06,False,,,,,,,IMPC,0.0,0.0,,
141588,3612,GRIN1,,2021-03-30,2020-10-06,False,,,,,,,IMPC,0.0,0.0,,
112219,18805,FCGRT,,2020-12-01,2020-10-06,False,,,,,,,IMPC,0.0,,,
112220,18805,FCGRT,,2020-12-01,2020-10-06,False,,,,,,,IMPC,0.0,,,
112820,2646,S1PR1,,2021-08-17,2021-05-10,False,,,,,,,IMPC,0.0,,,
124026,72630,S,,2022-04-01,2022-03-24,False,,,,,,,IMPC,0.0,,,
108156,72630,S,,2021-03-15,2020-10-06,False,,,,,,,IMPC,0.0,,,
139424,3395,TRPC6,,2020-11-03,2020-10-06,False,,,,,,,IMPC,0.0,0.0,,
78423,3395,TRPC6,,2022-05-03,2022-03-24,False,,,,,,,IMPC,0.0,0.0,,
112214,3823,GLP2R,,2021-01-26,2020-10-06,False,,,,,,,IMPC,0.0,,,
141301,1145,ANGPTL3,,2021-08-27,2021-05-10,False,,,,,,,IMPC,7.0,8.0,,
139464,3532,MAPKAPK2,,2021-08-25,2021-05-10,False,,,,,,,IMPC,9.0,8.0,,
80333,654,SLC5A2,,2020-11-11,2020-10-06,False,,,,,,,IMPC,3.0,3.0,,
96868,1657,SLC6A4,,2020-11-09,2020-10-06,False,,,,,,,IMPC,0.0,,,
164257,2258,TYK2,,2023-02-27,2022-11-28,False,,,,,,,IMPC,8.0,7.0,,
110534,4535,CTLA4,,2020-12-08,2020-10-06,False,,,,,,,IMPC,0.0,,,
145753,2793,NR3C2,,2021-11-05,2021-05-10,False,,,,,,,IMPC,0.0,,,
121569,82276,NDUFA4L2,,2021-07-06,2021-05-10,False,,,,,,,IMPC,0.0,,,
144461,18153,ITGB6,,2020-10-22,2020-10-06,False,,,,,,,IMPC,0.0,16.0,,
144462,18153,ITGB6,,2020-10-22,2020-10-06,False,,,,,,,IMPC,0.0,16.0,,
117749,3453,THRB,,2022-10-30,2022-03-24,False,,,,,,,IMPC,0.0,,,
105569,3612,GRIN1,,2022-11-29,2022-11-28,False,,,,,,,IMPC,0.0,0.0,,
153053,4648,JAK1,,2022-09-01,2022-03-24,False,,,,,,,IMPC,0.0,,,
153054,4648,JAK1,,2022-09-01,2022-03-24,False,,,,,,,IMPC,0.0,,,
81526,72579,pol,,2023-08-14,2023-05-09,False,,,,,,,IMPC,0.0,,,
87490,367,GABRA1,,2021-05-07,2020-10-06,False,,,,,,,IMPC,0.0,,,
105716,5222,IL4R,,2020-12-02,2020-10-06,False,,,,,,,IMPC,0.0,,,
105719,5222,IL4R,,2020-12-02,2020-10-06,False,,,,,,,IMPC,0.0,,,
105718,5222,IL4R,,2020-12-02,2020-10-06,False,,,,,,,IMPC,0.0,,,
105717,5222,IL4R,,2020-12-02,2020-10-06,False,,,,,,,IMPC,0.0,,,
105715,5222,IL4R,,2020-12-02,2020-10-06,False,,,,,,,IMPC,0.0,,,
101186,261,OPRM1,,2024-09-13,2024-05-07,False,,,,,,,IMPC,0.0,,,
81582,6372,DHFR,,2023-02-27,2022-11-28,False,,,,,,,IMPC,6.0,5.0,,
128743,211,GLP1R,,2024-10-08,2024-05-07,False,,,,,,,IMPC,2.0,2.0,,
100387,211,GLP1R,,2024-10-08,2024-05-07,False,,,,,,,IMPC,2.0,2.0,,
148785,5594,GNRHR,,2020-10-14,2020-10-06,False,,,,,,,IMPC,0.0,,,
140409,5594,GNRHR,,2022-03-08,2021-05-10,False,,,,,,,IMPC,0.0,,,
91289,4,PCSK9,,2021-11-03,2021-05-10,False,,,,,,,IMPC,4.0,5.0,,
101144,1402,TYMS,,2021-11-10,2021-05-10,False,,,,,,,IMPC,0.0,0.0,,
179376,1691,COL1A1,,2021-11-29,2021-05-10,False,,,,,,,IMPC,0.0,,,
90966,211,GLP1R,,2023-10-13,2023-05-09,False,,,,,,,IMPC,2.0,2.0,,
107726,4648,JAK1,,2021-11-04,2021-05-10,False,,,,,,,IMPC,0.0,,,
90968,5,HMGCR,,2020-10-15,2020-10-06,False,,,,,,,IMPC,0.0,,,
113703,6086,SCN9A,,2022-02-15,2021-05-10,False,,,,,,,IMPC,0.0,,,
113704,6086,SCN9A,,2022-02-15,2021-05-10,False,,,,,,,IMPC,0.0,,,
135829,670,ESR1,,2022-02-17,2021-05-10,False,,,,,,,IMPC,0.0,,,
103623,1362,IL33,,2020-12-14,2020-10-06,False,,,,,,,IMPC,8.0,3.0,,
144136,2801,TLR9,,2021-01-21,2020-10-06,False,,,,,,,IMPC,0.0,,,
118192,2820,AGTR2,,2020-11-13,2020-10-06,False,,,,,,,IMPC,0.0,0.0,,
93733,723,TRPA1,,2021-10-12,2021-05-10,False,,,,,,,IMPC,2.0,4.0,,
127015,723,TRPA1,,2022-01-26,2021-05-10,False,,,,,,,IMPC,2.0,4.0,,
93734,723,TRPA1,,2021-10-12,2021-05-10,False,,,,,,,IMPC,2.0,4.0,,
97793,723,TRPA1,,2021-10-25,2021-05-10,False,,,,,,,IMPC,2.0,4.0,,
90200,3684,LILRB2,,2022-07-25,2022-03-24,False,,,,,,,IMPC,0.0,,,
90201,3684,LILRB2,,2022-07-25,2022-03-24,False,,,,,,,IMPC,0.0,,,
130872,1400,CYP11B2,,2020-10-12,2020-10-06,False,,,,,,,IMPC,0.0,,,
85112,1400,CYP11B2,,2023-11-22,2023-11-21,False,,,,,,,IMPC,0.0,,,
107992,1400,CYP11B2,,2023-11-22,2023-11-21,False,,,,,,,IMPC,0.0,,,
141897,3893,RIPK1,,2022-12-19,2022-11-28,False,,,,,,,IMPC,0.0,,,
85309,4648,JAK1,,2023-07-31,2023-05-09,False,,,,,,,IMPC,0.0,,,
85314,4648,JAK1,,2023-07-31,2023-05-09,False,,,,,,,IMPC,0.0,,,
85310,4648,JAK1,,2023-07-31,2023-05-09,False,,,,,,,IMPC,0.0,,,
85311,4648,JAK1,,2023-07-31,2023-05-09,False,,,,,,,IMPC,0.0,,,
85312,4648,JAK1,,2023-07-31,2023-05-09,False,,,,,,,IMPC,0.0,,,
85313,4648,JAK1,,2023-07-31,2023-05-09,False,,,,,,,IMPC,0.0,,,
130460,1822,SNAP25,,2023-03-22,2022-11-28,False,,,,,,,IMPC,0.0,,,
89233,3612,GRIN1,,2021-01-08,2020-10-06,False,,,,,,,IMPC,0.0,0.0,,
89238,2040,IL10,,2022-02-24,2021-05-10,False,,,,,,,IMPC,0.0,,,
89240,2040,IL10,,2022-02-24,2021-05-10,False,,,,,,,IMPC,0.0,,,
89239,2040,IL10,,2022-02-24,2021-05-10,False,,,,,,,IMPC,0.0,,,
103070,159,ATP4A,,2021-07-16,2021-05-10,False,,,,,,,IMPC,0.0,,,
124629,159,ATP4A,,2022-01-17,2021-05-10,False,,,,,,,IMPC,0.0,,,
150571,1419,PDCD1,,2024-06-27,2024-05-07,False,,,,,,,IMPC,0.0,,,
150573,1419,PDCD1,,2024-06-27,2024-05-07,False,,,,,,,IMPC,0.0,,,
150572,1419,PDCD1,,2024-06-27,2024-05-07,False,,,,,,,IMPC,0.0,,,
114979,1228,IL17A,,2023-03-31,2022-11-28,False,,,,,,,IMPC,7.0,7.0,,
99383,1228,IL17A,,2021-06-02,2021-05-10,False,,,,,,,IMPC,7.0,7.0,,
99639,18805,FCGRT,,2022-06-09,2022-03-24,False,,,,,,,IMPC,0.0,,,
106103,18805,FCGRT,,2021-02-05,2020-10-06,False,,,,,,,IMPC,0.0,,,
138011,3823,GLP2R,,2022-05-25,2022-03-24,False,,,,,,,IMPC,0.0,,,
79477,6637,F12,,2021-01-27,2020-10-06,False,,,,,,,IMPC,0.0,,,
79741,5376,OPRK1,,2023-11-30,2023-11-21,False,,,,,,,IMPC,0.0,,,
144033,1300,KDR,,2021-09-26,2021-05-10,False,,,,,,,IMPC,0.0,,,
111828,7124,C1QA,,2021-01-15,2020-10-06,False,,,,,,,IMPC,2.0,4.0,,
81600,7124,C1QA,,2020-12-17,2020-10-06,False,,,,,,,IMPC,2.0,4.0,,
113547,1040,NR3C1,,2023-12-28,2023-11-21,False,,,,,,,IMPC,0.0,,,
87170,1921,IL23R,,2023-10-09,2023-05-09,False,,,,,,,IMPC,1.0,1.0,,
362828,2258,TYK2,,2023-06-28,2023-05-09,False,,,,,,,IMPC,8.0,7.0,,
318205,2258,TYK2,,2023-02-27,2022-11-28,False,,,,,,,IMPC,8.0,7.0,,
241231,2258,TYK2,,2023-02-27,2022-11-28,False,,,,,,,IMPC,8.0,7.0,,
87283,2258,TYK2,,2023-02-27,2022-11-28,False,,,,,,,IMPC,8.0,7.0,,
472153,2258,TYK2,,2023-02-27,2022-11-28,False,,,,,,,IMPC,8.0,7.0,,
130970,4535,CTLA4,,2021-02-07,2020-10-06,False,,,,,,,IMPC,0.0,,,
153122,82276,NDUFA4L2,,2021-08-01,2021-05-10,False,,,,,,,IMPC,0.0,,,
144317,1706,IL2RA,,2023-12-27,2023-11-21,False,,,,,,,IMPC,36.0,36.0,,
140031,1706,IL2RA,,2023-11-27,2023-11-21,False,,,,,,,IMPC,36.0,36.0,,
115092,3654,ADRA2A,,2022-11-21,2022-03-24,False,,,,,,,IMPC,7.0,7.0,,
115090,3654,ADRA2A,,2022-11-21,2022-03-24,False,,,,,,,IMPC,7.0,7.0,,
151646,3654,ADRA2A,,2021-02-23,2020-10-06,False,,,,,,,IMPC,9.0,7.0,,
115091,3654,ADRA2A,,2022-11-21,2022-03-24,False,,,,,,,IMPC,7.0,7.0,,
115094,3654,ADRA2A,,2022-11-21,2022-03-24,False,,,,,,,IMPC,7.0,7.0,,
115095,3654,ADRA2A,,2022-11-21,2022-03-24,False,,,,,,,IMPC,7.0,7.0,,
115093,3654,ADRA2A,,2022-11-21,2022-03-24,False,,,,,,,IMPC,7.0,7.0,,
129059,211,GLP1R,,2025-02-24,2024-05-07,False,,,,,,,IMPC,2.0,2.0,,
114967,211,GLP1R,,2022-07-14,2022-03-24,False,,,,,,,IMPC,1.0,2.0,,
114966,211,GLP1R,,2022-07-14,2022-03-24,False,,,,,,,IMPC,1.0,2.0,,
128425,1155,IL23A,,2023-02-10,2022-11-28,False,,,,,,,IMPC,0.0,,,
81703,6045,KCNQ2,,2024-05-28,2024-05-07,False,,,,,,,IMPC,0.0,,,
389599,6045,KCNQ2,,2024-05-28,2024-05-07,False,,,,,,,IMPC,0.0,,,
235651,6045,KCNQ2,,2024-05-28,2024-05-07,False,,,,,,,IMPC,0.0,,,
111966,1471,TNFSF13B,,2023-03-28,2022-11-28,False,,,,,,,IMPC,0.0,,,
84451,644,TNF,,2022-07-12,2022-03-24,False,,,,,,,IMPC,0.0,,,
133168,670,ESR1,,2023-02-15,2022-11-28,False,,,,,,,IMPC,0.0,,,
149276,1717,NPR1,,2025-04-16,2024-05-07,False,,,,,,,IMPC,0.0,,,
96893,1717,NPR1,,2022-06-30,2022-03-24,False,,,,,,,IMPC,0.0,,,
150302,2393,ABL1,,2021-06-01,2021-05-10,False,,,,,,,IMPC,0.0,,,
135158,7213,TOP2A,,2021-03-01,2020-10-06,False,,,,,,,IMPC,11.0,18.0,,
88972,727,INSR,,2021-02-04,2020-10-06,False,,,,,,,IMPC,0.0,,,
89773,727,INSR,,2023-03-31,2022-11-28,False,,,,,,,IMPC,0.0,,,
112818,2751,PTH1R,,2024-08-08,2024-05-07,False,,,,,,,IMPC,5.0,5.0,,
107084,14,CACNA1C,,2021-11-05,2021-05-10,False,,,,,,,IMPC,10.0,12.0,,
114410,72637,NS5B,,2021-02-03,2020-10-06,False,,,,,,,IMPC,0.0,,,
116753,72648,F,,2022-10-14,2022-03-24,False,,,,,,,IMPC,0.0,,,
126115,5222,IL4R,,2020-12-10,2020-10-06,False,,,,,,,IMPC,0.0,,,
104860,5222,IL4R,,2020-12-01,2020-10-06,False,,,,,,,IMPC,0.0,,,
114707,261,OPRM1,,2023-12-26,2023-11-21,False,,,,,,,IMPC,0.0,,,
98062,261,OPRM1,,2021-03-03,2020-10-06,False,,,,,,,IMPC,0.0,,,
142683,1402,TYMS,,2022-04-28,2022-03-24,False,,,,,,,IMPC,0.0,0.0,,
333324,1691,COL1A1,,2021-11-29,2021-05-10,False,,,,,,,IMPC,0.0,,,
416505,1691,COL1A1,,2023-11-28,2023-11-21,False,,,,,,,IMPC,0.0,,,
262557,1691,COL1A1,,2023-11-28,2023-11-21,False,,,,,,,IMPC,0.0,,,
108609,1691,COL1A1,,2023-11-28,2023-11-21,False,,,,,,,IMPC,0.0,,,
148100,3619,CD38,,2021-09-09,2021-05-10,False,,,,,,,IMPC,0.0,14.0,,
92100,4648,JAK1,,2021-05-06,2020-10-06,False,,,,,,,IMPC,0.0,,,
116574,2258,TYK2,,2023-11-06,2023-05-09,False,,,,,,,IMPC,8.0,7.0,,
469538,5826,TMEM97,,2022-05-19,2022-03-24,False,,,,,,,IMPC,1.0,6.0,,
161642,5826,TMEM97,,2022-05-19,2022-03-24,False,,,,,,,IMPC,1.0,6.0,,
315590,5826,TMEM97,,2022-05-19,2022-03-24,False,,,,,,,IMPC,1.0,6.0,,
113239,1419,PDCD1,,2022-08-03,2022-03-24,False,,,,,,,IMPC,0.0,,,
100158,1419,PDCD1,,2021-04-09,2020-10-06,False,,,,,,,IMPC,0.0,,,
100157,1419,PDCD1,,2021-04-09,2020-10-06,False,,,,,,,IMPC,0.0,,,
100155,1419,PDCD1,,2021-04-09,2020-10-06,False,,,,,,,IMPC,0.0,,,
100156,1419,PDCD1,,2021-04-09,2020-10-06,False,,,,,,,IMPC,0.0,,,
100159,1419,PDCD1,,2021-04-09,2020-10-06,False,,,,,,,IMPC,0.0,,,
94012,2143,ADCYAP1,,2020-11-16,2020-10-06,False,,,,,,,IMPC,0.0,,,
81097,261,OPRM1,,2023-12-29,2023-11-21,False,,,,,,,IMPC,0.0,,,
81095,261,OPRM1,,2023-12-29,2023-11-21,False,,,,,,,IMPC,0.0,,,
92642,261,OPRM1,,2021-09-29,2021-05-10,False,,,,,,,IMPC,0.0,,,
92641,261,OPRM1,,2021-09-29,2021-05-10,False,,,,,,,IMPC,0.0,,,
81096,261,OPRM1,,2023-12-29,2023-11-21,False,,,,,,,IMPC,0.0,,,
111606,72579,pol,,2021-03-11,2020-10-06,False,,,,,,,IMPC,0.0,,,
146586,2616,DNMT1,,2021-06-28,2021-05-10,False,,,,,,,IMPC,0.0,,,
83164,161,TGFB1,,2020-10-16,2020-10-06,False,,,,,,,IMPC,0.0,,,
110895,223,NPC1L1,,2021-02-23,2020-10-06,False,,,,,,,IMPC,0.0,,,
110897,223,NPC1L1,,2021-02-23,2020-10-06,False,,,,,,,IMPC,0.0,,,
110896,223,NPC1L1,,2021-02-23,2020-10-06,False,,,,,,,IMPC,0.0,,,
114854,1400,CYP11B2,,2021-12-07,2021-05-10,False,,,,,,,IMPC,0.0,,,
86997,4648,JAK1,,2022-12-19,2022-11-28,False,,,,,,,IMPC,0.0,,,
105351,3453,THRB,,2023-02-28,2022-11-28,False,,,,,,,IMPC,0.0,,,
128225,3453,THRB,,2022-04-29,2022-03-24,False,,,,,,,IMPC,0.0,,,
131887,18805,FCGRT,,2020-12-16,2020-10-06,False,,,,,,,IMPC,0.0,,,
148233,222,VEGFA,,2021-09-07,2021-05-10,False,,,,,,,IMPC,0.0,,,
98162,1526,RXFP1,,2024-06-04,2024-05-07,False,,,,,,,IMPC,0.0,,,
129902,654,SLC5A2,,2023-11-03,2023-05-09,False,,,,,,,IMPC,3.0,3.0,,
103978,5330,OGA,,2021-09-16,2021-05-10,False,,,,,,,IMPC,0.0,,,
109020,6637,F12,,2023-05-30,2023-05-09,False,,,,,,,IMPC,0.0,,,
150204,2751,PTH1R,,2022-08-31,2022-03-24,False,,,,,,,IMPC,5.0,5.0,,
80809,4853,IGF1R,,2023-10-20,2023-05-09,False,,,,,,,IMPC,0.0,,,
88540,7124,C1QA,,2021-11-10,2021-05-10,False,,,,,,,IMPC,2.0,4.0,,
84821,1040,NR3C1,,2022-11-21,2022-03-24,False,,,,,,,IMPC,0.0,,,
82641,2143,ADCYAP1,,2021-11-11,2021-05-10,False,,,,,,,IMPC,0.0,,,
84662,1921,IL23R,,2022-02-03,2021-05-10,False,,,,,,,IMPC,2.0,1.0,,
395179,2258,TYK2,,2023-02-27,2022-11-28,False,,,,,,,IMPC,8.0,7.0,,
131906,2258,TYK2,,2023-06-28,2023-05-09,False,,,,,,,IMPC,8.0,7.0,,
285854,2258,TYK2,,2023-06-28,2023-05-09,False,,,,,,,IMPC,8.0,7.0,,
516776,2258,TYK2,,2023-06-28,2023-05-09,False,,,,,,,IMPC,8.0,7.0,,
439802,2258,TYK2,,2023-06-28,2023-05-09,False,,,,,,,IMPC,8.0,7.0,,
208880,2258,TYK2,,2023-06-28,2023-05-09,False,,,,,,,IMPC,8.0,7.0,,
152003,3453,THRB,,2023-11-17,2023-05-09,False,,,,,,,IMPC,0.0,,,
152004,3453,THRB,,2023-11-17,2023-05-09,False,,,,,,,IMPC,0.0,,,
109512,3654,ADRA2A,,2022-02-08,2021-05-10,False,,,,,,,IMPC,7.0,7.0,,
109511,3654,ADRA2A,,2021-02-23,2020-10-06,False,,,,,,,IMPC,9.0,7.0,,
140916,1657,SLC6A4,,2021-08-10,2021-05-10,False,,,,,,,IMPC,0.0,,,
86490,2258,TYK2,,2022-09-27,2022-03-24,False,,,,,,,IMPC,8.0,7.0,,
88770,7096,MPL,,2020-10-09,2020-10-06,False,,,,,,,IMPC,0.0,,,
122566,7096,MPL,,2020-11-04,2020-10-06,False,,,,,,,IMPC,0.0,,,
388450,6045,KCNQ2,,2024-05-28,2024-05-07,False,,,,,,,IMPC,0.0,,,
234502,6045,KCNQ2,,2024-05-28,2024-05-07,False,,,,,,,IMPC,0.0,,,
80554,6045,KCNQ2,,2024-05-28,2024-05-07,False,,,,,,,IMPC,0.0,,,
138763,1471,TNFSF13B,,2022-06-20,2022-03-24,False,,,,,,,IMPC,0.0,,,
80863,644,TNF,,2023-05-15,2023-05-09,False,,,,,,,IMPC,0.0,,,
101898,836,NLRP3,,2023-10-16,2023-05-09,False,,,,,,,IMPC,0.0,,,
109410,836,NLRP3,,2021-09-20,2021-05-10,False,,,,,,,IMPC,0.0,,,
101899,836,NLRP3,,2024-02-15,2023-11-21,False,,,,,,,IMPC,0.0,,,
110945,1155,IL23A,,2025-07-01,2024-05-07,False,,,,,,,IMPC,0.0,,,
94029,211,GLP1R,,2024-02-15,2023-11-21,False,,,,,,,IMPC,2.0,2.0,,
107527,24,LPA,,2022-11-24,2022-03-24,False,,,,,,,IMPC,0.0,,,
116932,654,SLC5A2,,2021-05-28,2021-05-10,False,,,,,,,IMPC,3.0,3.0,,
96253,3754,APP,,2021-05-08,2020-10-06,False,,,,,,,IMPC,6.0,7.0,,
89744,261,OPRM1,,2023-10-05,2023-05-09,False,,,,,,,IMPC,0.0,,,
89921,2457,PIK3CD,,2023-02-13,2022-11-28,False,,,,,,,IMPC,0.0,,,
89970,4,PCSK9,,2021-04-14,2020-10-06,False,,,,,,,IMPC,6.0,5.0,,
117655,4373,HCRTR1,,2022-09-06,2022-03-24,False,,,,,,,IMPC,0.0,,,
112321,72630,S,,2024-04-29,2023-11-21,False,,,,,,,IMPC,0.0,,,
120036,5161,PTGIR,,2021-06-01,2021-05-10,False,,,,,,,IMPC,0.0,,,
273984,5161,PTGIR,,2021-06-01,2021-05-10,False,,,,,,,IMPC,0.0,,,
147422,7213,TOP2A,,2021-06-11,2021-05-10,False,,,,,,,IMPC,11.0,18.0,,
152861,7213,TOP2A,,2022-08-01,2022-03-24,False,,,,,,,IMPC,18.0,18.0,,
93306,6284,TACR1,,2020-10-20,2020-10-06,False,,,,,,,IMPC,0.0,,,
152303,2234,PRKAA1,,2023-09-01,2023-05-09,False,,,,,,,IMPC,0.0,,,
113777,211,GLP1R,,2022-03-31,2022-03-24,False,,,,,,,IMPC,1.0,2.0,,
110332,4184,ADRA1A,,2020-11-18,2020-10-06,False,,,,,,,IMPC,0.0,,,
129218,4184,ADRA1A,,2021-02-15,2020-10-06,False,,,,,,,IMPC,0.0,,,
110333,4184,ADRA1A,,2020-11-18,2020-10-06,False,,,,,,,IMPC,0.0,,,
98799,4184,ADRA1A,,2020-12-30,2020-10-06,False,,,,,,,IMPC,0.0,,,
145268,7213,TOP2A,,2021-07-22,2021-05-10,False,,,,,,,IMPC,11.0,18.0,,
107647,5222,IL4R,,2021-05-11,2021-05-10,False,,,,,,,IMPC,0.0,,,
139583,5222,IL4R,,2021-06-16,2021-05-10,False,,,,,,,IMPC,0.0,,,
152759,5222,IL4R,,2022-12-01,2022-11-28,False,,,,,,,IMPC,0.0,,,
127640,727,INSR,,2022-08-12,2022-03-24,False,,,,,,,IMPC,0.0,,,
149244,1420,CFD,,2020-12-18,2020-10-06,False,,,,,,,IMPC,0.0,7.0,,
112405,72463,HDAC1,,2021-12-02,2021-05-10,False,,,,,,,IMPC,7.0,5.0,,
78362,635,CALCRL,,2021-03-05,2020-10-06,False,,,,,,,IMPC,0.0,,,
101109,2268,HSD11B1,,2022-02-22,2021-05-10,False,,,,,,,IMPC,0.0,,,
141515,1432,LAG3,,2022-01-14,2021-05-10,False,,,,,,,IMPC,0.0,,,
141516,1931,HAVCR2,,2022-01-14,2021-05-10,False,,,,,,,IMPC,5.0,4.0,,
79818,4648,JAK1,,2023-11-16,2023-05-09,False,,,,,,,IMPC,0.0,,,
80294,211,GLP1R,,2023-01-18,2022-11-28,False,,,,,,,IMPC,2.0,2.0,,
80293,211,GLP1R,,2023-01-18,2022-11-28,False,,,,,,,IMPC,2.0,2.0,,
198159,1692,SIK2,,2020-10-12,2020-10-06,False,,,,,,,IMPC,1.0,1.0,,
121185,1692,SIK2,,2020-10-12,2020-10-06,False,,,,,,,IMPC,1.0,1.0,,
300180,1692,SIK2,,2021-01-28,2020-10-06,False,,,,,,,IMPC,1.0,1.0,,
146232,1692,SIK2,,2021-01-28,2020-10-06,False,,,,,,,IMPC,1.0,1.0,,
454128,1692,SIK2,,2021-01-28,2020-10-06,False,,,,,,,IMPC,1.0,1.0,,
223206,1692,SIK2,,2021-01-28,2020-10-06,False,,,,,,,IMPC,1.0,1.0,,
92937,362,GABRA5,,2022-05-13,2022-03-24,False,,,,,,,IMPC,0.0,8.0,,
152761,481,OSM,,2021-04-05,2020-10-06,False,,,,,,,IMPC,5.0,10.0,,
78475,14,CACNA1C,,2025-04-28,2024-05-07,False,,,,,,,IMPC,12.0,12.0,,
117192,3532,MAPKAPK2,,2021-12-29,2021-05-10,False,,,,,,,IMPC,9.0,8.0,,
82113,72579,pol,,2021-02-01,2020-10-06,False,,,,,,,IMPC,0.0,,,
82174,18805,FCGRT,,2023-02-21,2022-11-28,False,,,,,,,IMPC,0.0,,,
96869,1657,SLC6A4,,2020-11-09,2020-10-06,False,,,,,,,IMPC,0.0,,,
82182,1657,SLC6A4,,2022-09-12,2022-03-24,False,,,,,,,IMPC,0.0,,,
82193,3305,TGFBR1,,2023-08-01,2023-05-09,False,,,,,,,IMPC,0.0,,,
109601,1419,PDCD1,,2021-04-07,2020-10-06,False,,,,,,,IMPC,0.0,,,
109602,1419,PDCD1,,2021-04-07,2020-10-06,False,,,,,,,IMPC,0.0,,,
108681,1419,PDCD1,,2022-03-24,2022-03-24,False,,,,,,,IMPC,0.0,,,
143083,3634,PROC,,2024-07-11,2024-05-07,False,,,,,,,IMPC,0.0,,,
102710,1040,NR3C1,,2021-05-26,2021-05-10,False,,,,,,,IMPC,0.0,,,
85147,367,GABRA1,,2021-11-15,2021-05-10,False,,,,,,,IMPC,0.0,,,
88288,4648,JAK1,,2022-07-16,2022-03-24,False,,,,,,,IMPC,0.0,,,
150339,1382,IL1A,,2023-12-01,2023-11-21,False,,,,,,,IMPC,5.0,7.0,,
150340,1382,IL1A,,2023-12-01,2023-11-21,False,,,,,,,IMPC,5.0,7.0,,
117656,4373,HCRTR1,,2022-09-06,2022-03-24,False,,,,,,,IMPC,0.0,,,
127485,7299,PTGFR,,2022-08-09,2022-03-24,False,,,,,,,IMPC,0.0,,,
121727,3301,HTR2A,,2023-09-14,2023-05-09,False,,,,,,,IMPC,0.0,,,
149418,5590,SCN10A,,2025-01-27,2024-05-07,False,,,,,,,IMPC,0.0,,,
149417,5590,SCN10A,,2025-01-27,2024-05-07,False,,,,,,,IMPC,0.0,,,
149416,5590,SCN10A,,2025-01-27,2024-05-07,False,,,,,,,IMPC,0.0,,,
100483,5590,SCN10A,,2023-03-13,2022-11-28,False,,,,,,,IMPC,0.0,,,
149419,5590,SCN10A,,2025-01-27,2024-05-07,False,,,,,,,IMPC,0.0,,,
141261,1402,TYMS,,2021-11-15,2021-05-10,False,,,,,,,IMPC,0.0,0.0,,
78083,5594,GNRHR,,2020-10-15,2020-10-06,False,,,,,,,IMPC,0.0,,,
78348,2646,S1PR1,,2021-09-29,2021-05-10,False,,,,,,,IMPC,0.0,,,
135190,2099,CX3CR1,,2020-10-11,2020-10-06,False,,,,,,,IMPC,0.0,4.0,,
79865,3571,NR1H4,,2021-10-09,2021-05-10,False,,,,,,,IMPC,0.0,,,
102551,18,PTGS2,,2022-03-31,2022-03-24,False,,,,,,,IMPC,0.0,,,
102550,18,PTGS2,,2022-03-31,2022-03-24,False,,,,,,,IMPC,0.0,,,
102549,18,PTGS2,,2022-03-31,2022-03-24,False,,,,,,,IMPC,0.0,,,
94888,727,INSR,,2020-10-09,2020-10-06,False,,,,,,,IMPC,0.0,,,
389656,1390,PTGER2,,2023-08-31,2023-05-09,False,,,,,,,IMPC,2.0,2.0,,
235708,1390,PTGER2,,2023-08-31,2023-05-09,False,,,,,,,IMPC,2.0,2.0,,
81760,1390,PTGER2,,2023-08-31,2023-05-09,False,,,,,,,IMPC,2.0,2.0,,
99217,211,GLP1R,,2024-11-20,2024-05-07,False,,,,,,,IMPC,2.0,2.0,,
82165,211,GLP1R,,2024-06-21,2024-05-07,False,,,,,,,IMPC,2.0,2.0,,
119586,211,GLP1R,,2024-05-17,2024-05-07,False,,,,,,,IMPC,2.0,2.0,,
143704,3,GUCY1A1,,2022-06-28,2022-03-24,False,,,,,,,IMPC,0.0,,,
143703,3,GUCY1A1,,2022-06-28,2022-03-24,False,,,,,,,IMPC,0.0,,,
84350,261,OPRM1,,2022-06-08,2022-03-24,False,,,,,,,IMPC,0.0,,,
86142,654,SLC5A2,,2022-11-14,2022-03-24,False,,,,,,,IMPC,3.0,3.0,,
86075,21082,SLC17A9,,2020-12-10,2020-10-06,False,,,,,,,IMPC,2.0,2.0,,
87895,1040,NR3C1,,2022-12-30,2022-11-28,False,,,,,,,IMPC,0.0,,,
87894,1040,NR3C1,,2022-12-30,2022-11-28,False,,,,,,,IMPC,0.0,,,
129620,2285,C5AR1,,2022-10-21,2022-03-24,False,,,,,,,IMPC,0.0,,,
98185,72630,S,,2022-05-17,2022-03-24,False,,,,,,,IMPC,0.0,,,
197010,5161,PTGIR,,2021-06-01,2021-05-10,False,,,,,,,IMPC,0.0,,,
105295,7213,TOP2A,,2022-11-28,2022-11-28,False,,,,,,,IMPC,17.0,18.0,,
136923,1255,TNFSF4,,2023-06-21,2023-05-09,False,,,,,,,IMPC,0.0,,,
94520,19453,IL11RA,,2024-03-05,2023-11-21,False,,,,,,,IMPC,0.0,,,
94521,19453,IL11RA,,2024-03-05,2023-11-21,False,,,,,,,IMPC,0.0,,,
94519,19453,IL11RA,,2024-03-05,2023-11-21,False,,,,,,,IMPC,0.0,,,
94518,19453,IL11RA,,2024-03-05,2023-11-21,False,,,,,,,IMPC,0.0,,,
94517,19453,IL11RA,,2024-03-05,2023-11-21,False,,,,,,,IMPC,0.0,,,
94516,19453,IL11RA,,2024-03-05,2023-11-21,False,,,,,,,IMPC,0.0,,,
94515,19453,IL11RA,,2024-03-05,2023-11-21,False,,,,,,,IMPC,0.0,,,
94514,19453,IL11RA,,2024-03-05,2023-11-21,False,,,,,,,IMPC,0.0,,,
98107,6086,SCN9A,,2022-06-13,2022-03-24,False,,,,,,,IMPC,0.0,,,
141060,6086,SCN9A,,2024-08-20,2024-05-07,False,,,,,,,IMPC,0.0,,,
136761,7213,TOP2A,,2022-01-10,2021-05-10,False,,,,,,,IMPC,11.0,18.0,,
136759,7213,TOP2A,,2022-01-10,2021-05-10,False,,,,,,,IMPC,11.0,18.0,,
107395,7213,TOP2A,,2023-02-01,2022-11-28,False,,,,,,,IMPC,17.0,18.0,,
136760,7213,TOP2A,,2022-01-10,2021-05-10,False,,,,,,,IMPC,11.0,18.0,,
131638,872,TOP1,,2021-03-01,2020-10-06,False,,,,,,,IMPC,0.0,,,
116973,727,INSR,,2022-08-11,2022-03-24,False,,,,,,,IMPC,0.0,,,
105427,727,INSR,,2022-03-08,2021-05-10,False,,,,,,,IMPC,0.0,,,
105428,727,INSR,,2023-01-14,2022-11-28,False,,,,,,,IMPC,0.0,,,
118943,727,INSR,,2022-06-03,2022-03-24,False,,,,,,,IMPC,0.0,,,
136721,1420,CFD,,2022-02-18,2021-05-10,False,,,,,,,IMPC,7.0,7.0,,
136720,1420,CFD,,2022-02-18,2021-05-10,False,,,,,,,IMPC,7.0,7.0,,
136722,1420,CFD,,2022-02-18,2021-05-10,False,,,,,,,IMPC,7.0,7.0,,
138696,1420,CFD,,2021-12-06,2021-05-10,False,,,,,,,IMPC,7.0,7.0,,
114706,261,OPRM1,,2023-12-26,2023-11-21,False,,,,,,,IMPC,0.0,,,
77325,213,VWF,,2021-09-22,2021-05-10,False,,,,,,,IMPC,0.0,,,
77906,1432,LAG3,,2021-01-26,2020-10-06,False,,,,,,,IMPC,0.0,,,
77907,1931,HAVCR2,,2021-01-26,2020-10-06,False,,,,,,,IMPC,4.0,4.0,,
129810,137,PPARA,,2021-08-18,2021-05-10,False,,,,,,,IMPC,3.0,2.0,,
140568,3581,MYH7,,2023-01-18,2022-11-28,False,,,,,,,IMPC,0.0,,,
116976,727,INSR,,2022-08-11,2022-03-24,False,,,,,,,IMPC,0.0,,,
116975,727,INSR,,2022-08-11,2022-03-24,False,,,,,,,IMPC,0.0,,,
506055,1692,SIK2,,2020-10-12,2020-10-06,False,,,,,,,IMPC,1.0,1.0,,
377154,1692,SIK2,,2021-01-28,2020-10-06,False,,,,,,,IMPC,1.0,1.0,,
352107,1692,SIK2,,2020-10-12,2020-10-06,False,,,,,,,IMPC,1.0,1.0,,
86733,33,PDE4B,,2021-01-27,2020-10-06,False,,,,,,,IMPC,0.0,,,
146822,3532,MAPKAPK2,,2022-07-12,2022-03-24,False,,,,,,,IMPC,8.0,8.0,,
111607,72579,pol,,2021-03-11,2020-10-06,False,,,,,,,IMPC,0.0,,,
92438,5203,CDK4,,2024-07-11,2024-05-07,False,,,,,,,IMPC,13.0,13.0,,
148087,18805,FCGRT,,2023-02-20,2022-11-28,False,,,,,,,IMPC,0.0,,,
83198,4420,AURKA,,2021-03-14,2020-10-06,False,,,,,,,IMPC,10.0,6.0,,
86923,2546,VIM,,2020-12-11,2020-10-06,False,,,,,,,IMPC,0.0,,,
111152,1487,IL12B,,2021-01-11,2020-10-06,False,,,,,,,IMPC,0.0,1.0,,
136438,3634,PROC,,2023-07-28,2023-05-09,False,,,,,,,IMPC,0.0,,,
88755,3789,SLC6A2,,2021-07-31,2021-05-10,False,,,,,,,IMPC,4.0,5.0,,
119055,3384,P2RX7,,2022-11-22,2022-03-24,False,,,,,,,IMPC,1.0,2.0,,
148076,6005,MEN1,,2023-12-28,2023-11-21,False,,,,,,,IMPC,0.0,,,
86697,1300,KDR,,2024-01-15,2023-11-21,False,,,,,,,IMPC,0.0,,,
122649,211,GLP1R,,2021-08-02,2021-05-10,False,,,,,,,IMPC,1.0,2.0,,
88717,1937,HGF,,2020-11-20,2020-10-06,False,,,,,,,IMPC,0.0,,,
100294,1937,HGF,,2021-03-09,2020-10-06,False,,,,,,,IMPC,0.0,,,
118852,1040,NR3C1,,2020-11-04,2020-10-06,False,,,,,,,IMPC,0.0,,,
124182,5196,CHRM2,,2023-06-25,2023-05-09,False,,,,,,,IMPC,0.0,,,
90324,1040,NR3C1,,2022-01-06,2021-05-10,False,,,,,,,IMPC,0.0,,,
92672,1223,KLKB1,,2022-02-22,2021-05-10,False,,,,,,,IMPC,7.0,2.0,,
114595,4692,HRH1,,2023-01-23,2022-11-28,False,,,,,,,IMPC,1.0,1.0,,
102296,3301,HTR2A,,2023-05-30,2023-05-09,False,,,,,,,IMPC,0.0,,,
98508,353,F11,,2023-05-24,2023-05-09,False,,,,,,,IMPC,0.0,,,
105057,2258,TYK2,,2024-07-25,2024-05-07,False,,,,,,,IMPC,7.0,7.0,,
84511,1040,NR3C1,,2021-11-23,2021-05-10,False,,,,,,,IMPC,0.0,,,
94678,20944,MSLN,,2024-01-19,2023-11-21,False,,,,,,,IMPC,0.0,,,
94679,20944,MSLN,,2024-01-19,2023-11-21,False,,,,,,,IMPC,0.0,,,
94680,20944,MSLN,,2024-01-19,2023-11-21,False,,,,,,,IMPC,0.0,,,
81093,18,PTGS2,,2023-12-29,2023-11-21,False,,,,,,,IMPC,0.0,,,
81094,18,PTGS2,,2023-12-29,2023-11-21,False,,,,,,,IMPC,0.0,,,
81092,18,PTGS2,,2023-12-29,2023-11-21,False,,,,,,,IMPC,0.0,,,
312682,1390,PTGER2,,2023-08-31,2023-05-09,False,,,,,,,IMPC,2.0,2.0,,
466630,1390,PTGER2,,2023-08-31,2023-05-09,False,,,,,,,IMPC,2.0,2.0,,
83010,5617,MDM2,,2022-03-31,2022-03-24,False,,,,,,,IMPC,0.0,,,
144943,5617,MDM2,,2022-12-13,2022-11-28,False,,,,,,,IMPC,0.0,,,
144945,5617,MDM2,,2022-12-13,2022-11-28,False,,,,,,,IMPC,0.0,,,
144944,5617,MDM2,,2022-12-13,2022-11-28,False,,,,,,,IMPC,0.0,,,
144946,5617,MDM2,,2022-12-13,2022-11-28,False,,,,,,,IMPC,0.0,,,
144947,5617,MDM2,,2022-12-13,2022-11-28,False,,,,,,,IMPC,0.0,,,
126335,2936,KIT,,2022-05-19,2022-03-24,False,,,,,,,IMPC,0.0,,,
103706,2936,KIT,,2023-06-01,2023-05-09,False,,,,,,,IMPC,0.0,,,
83153,2936,KIT,,2022-06-28,2022-03-24,False,,,,,,,IMPC,0.0,,,
109363,1822,SNAP25,,2022-02-15,2021-05-10,False,,,,,,,IMPC,0.0,,,
88611,7000,MIR132,,2022-07-07,2022-03-24,False,,,,,,,IMPC,0.0,,,
88610,7000,MIR132,,2022-07-07,2022-03-24,False,,,,,,,IMPC,0.0,,,
129845,2998,SESN2,,2024-02-15,2023-11-21,False,,,,,,,IMPC,0.0,,,
141191,7213,TOP2A,,2021-11-24,2021-05-10,False,,,,,,,IMPC,11.0,18.0,,
90461,2554,S100B,,2020-12-03,2020-10-06,False,,,,,,,IMPC,0.0,0.0,,
130909,5634,CHRM1,,2024-10-28,2024-05-07,False,,,,,,,IMPC,0.0,,,
138622,1040,NR3C1,,2022-12-22,2022-11-28,False,,,,,,,IMPC,0.0,,,
138624,1040,NR3C1,,2022-12-22,2022-11-28,False,,,,,,,IMPC,0.0,,,
138623,1040,NR3C1,,2022-12-22,2022-11-28,False,,,,,,,IMPC,0.0,,,
527789,327,CFTR,,2020-11-10,2020-10-06,False,,,,,,,IMPC,0.0,,,
112873,72630,S,,2022-02-28,2021-05-10,False,,,,,,,IMPC,0.0,,,
104936,5260,IFNAR1,,2021-07-11,2021-05-10,False,,,,,,,IMPC,11.0,8.0,,
150263,3529,FASN,,2025-03-01,2024-05-07,False,,,,,,,IMPC,0.0,,,
150262,3529,FASN,,2025-03-01,2024-05-07,False,,,,,,,IMPC,0.0,,,
146229,2258,TYK2,,2023-06-14,2023-05-09,False,,,,,,,IMPC,8.0,7.0,,
146231,2258,TYK2,,2023-06-14,2023-05-09,False,,,,,,,IMPC,8.0,7.0,,
146230,2258,TYK2,,2023-06-14,2023-05-09,False,,,,,,,IMPC,8.0,7.0,,
87214,2069,BTK,,2023-07-25,2023-05-09,False,,,,,,,IMPC,0.0,,,
95678,1419,PDCD1,,2022-06-30,2022-03-24,False,,,,,,,IMPC,0.0,,,
157528,6045,KCNQ2,,2024-05-28,2024-05-07,False,,,,,,,IMPC,0.0,,,
312625,6045,KCNQ2,,2024-05-28,2024-05-07,False,,,,,,,IMPC,0.0,,,
158677,6045,KCNQ2,,2024-05-28,2024-05-07,False,,,,,,,IMPC,0.0,,,
311476,6045,KCNQ2,,2024-05-28,2024-05-07,False,,,,,,,IMPC,0.0,,,
466573,6045,KCNQ2,,2024-05-28,2024-05-07,False,,,,,,,IMPC,0.0,,,
465424,6045,KCNQ2,,2024-05-28,2024-05-07,False,,,,,,,IMPC,0.0,,,
80684,1228,IL17A,,2021-09-22,2021-05-10,False,,,,,,,IMPC,7.0,7.0,,
81307,836,NLRP3,,2021-09-20,2021-05-10,False,,,,,,,IMPC,0.0,,,
112575,72630,S,,2020-11-21,2020-10-06,False,,,,,,,IMPC,0.0,,,
152159,3323,CXCR2,,2022-09-13,2022-03-24,False,,,,,,,IMPC,37.0,37.0,,
135551,3323,CXCR2,,2022-07-18,2022-03-24,False,,,,,,,IMPC,37.0,37.0,,
142349,15,SORT1,,2021-09-02,2021-05-10,False,,,,,,,IMPC,1.0,1.0,,
83597,211,GLP1R,,2021-11-30,2021-05-10,False,,,,,,,IMPC,1.0,2.0,,
134437,2069,BTK,,2022-10-12,2022-03-24,False,,,,,,,IMPC,0.0,,,
91157,19782,GCGR,,2024-10-01,2024-05-07,False,,,,,,,IMPC,18.0,18.0,,
109701,1419,PDCD1,,2021-10-06,2021-05-10,False,,,,,,,IMPC,0.0,,,
109702,1419,PDCD1,,2021-10-06,2021-05-10,False,,,,,,,IMPC,0.0,,,
127022,2457,PIK3CD,,2021-04-15,2020-10-06,False,,,,,,,IMPC,0.0,,,
127023,2457,PIK3CD,,2021-04-15,2020-10-06,False,,,,,,,IMPC,0.0,,,
97333,4,PCSK9,,2021-04-23,2020-10-06,False,,,,,,,IMPC,6.0,5.0,,
140169,1272,PPARD,,2021-05-24,2021-05-10,False,,,,,,,IMPC,0.0,,,
119187,21040,SLC6A5,,2021-07-19,2021-05-10,False,,,,,,,IMPC,2.0,4.0,,
119188,21040,SLC6A5,,2021-07-19,2021-05-10,False,,,,,,,IMPC,2.0,4.0,,
91415,3789,SLC6A2,,2023-08-28,2023-05-09,False,,,,,,,IMPC,5.0,5.0,,
105549,3789,SLC6A2,,2021-11-29,2021-05-10,False,,,,,,,IMPC,4.0,5.0,,
134569,3789,SLC6A2,,2020-10-27,2020-10-06,False,,,,,,,IMPC,4.0,5.0,,
350958,5161,PTGIR,,2021-06-01,2021-05-10,False,,,,,,,IMPC,0.0,,,
504906,5161,PTGIR,,2021-06-01,2021-05-10,False,,,,,,,IMPC,0.0,,,
427932,5161,PTGIR,,2021-06-01,2021-05-10,False,,,,,,,IMPC,0.0,,,
105626,5594,GNRHR,,2024-12-04,2024-05-07,False,,,,,,,IMPC,0.0,,,
120114,222,VEGFA,,2023-02-06,2022-11-28,False,,,,,,,IMPC,0.0,,,
119945,222,VEGFA,,2020-11-19,2020-10-06,False,,,,,,,IMPC,0.0,,,
147148,872,TOP1,,2021-09-01,2021-05-10,False,,,,,,,IMPC,0.0,,,
147147,872,TOP1,,2021-09-01,2021-05-10,False,,,,,,,IMPC,0.0,,,
147146,872,TOP1,,2021-09-01,2021-05-10,False,,,,,,,IMPC,0.0,,,
147145,872,TOP1,,2021-09-01,2021-05-10,False,,,,,,,IMPC,0.0,,,
109762,18737,PORCN,,2021-11-08,2021-05-10,False,,,,,,,IMPC,0.0,,,
132428,18737,PORCN,,2021-12-10,2021-05-10,False,,,,,,,IMPC,0.0,,,
120240,72463,HDAC1,,2021-11-23,2021-05-10,False,,,,,,,IMPC,7.0,5.0,,
77821,2268,HSD11B1,,2022-09-01,2022-03-24,False,,,,,,,IMPC,0.0,,,
77818,2268,HSD11B1,,2022-09-01,2022-03-24,False,,,,,,,IMPC,0.0,,,
77819,2268,HSD11B1,,2022-09-01,2022-03-24,False,,,,,,,IMPC,0.0,,,
77817,2268,HSD11B1,,2022-09-01,2022-03-24,False,,,,,,,IMPC,0.0,,,
77816,2268,HSD11B1,,2022-09-01,2022-03-24,False,,,,,,,IMPC,0.0,,,
77820,2268,HSD11B1,,2022-09-01,2022-03-24,False,,,,,,,IMPC,0.0,,,
78718,1514,TSLP,,2021-09-24,2021-05-10,False,,,,,,,IMPC,0.0,0.0,,
97692,4,PCSK9,,2020-10-28,2020-10-06,False,,,,,,,IMPC,6.0,5.0,,
79624,4,PCSK9,,2021-07-07,2021-05-10,False,,,,,,,IMPC,4.0,5.0,,
87637,1425,ENPP1,,2021-11-21,2021-05-10,False,,,,,,,IMPC,0.0,33.0,,
87638,1425,ENPP1,,2021-11-21,2021-05-10,False,,,,,,,IMPC,0.0,33.0,,
151626,1425,ENPP1,,2025-01-31,2024-05-07,False,,,,,,,IMPC,33.0,33.0,,
531102,1692,SIK2,,2021-01-28,2020-10-06,False,,,,,,,IMPC,1.0,1.0,,
429081,1692,SIK2,,2020-10-12,2020-10-06,False,,,,,,,IMPC,1.0,1.0,,
275133,1692,SIK2,,2020-10-12,2020-10-06,False,,,,,,,IMPC,1.0,1.0,,
113442,33,PDE4B,,2024-11-21,2024-05-07,False,,,,,,,IMPC,0.0,,,
140136,3532,MAPKAPK2,,2020-10-23,2020-10-06,False,,,,,,,IMPC,8.0,8.0,,
105749,18805,FCGRT,,2021-12-16,2021-05-10,False,,,,,,,IMPC,0.0,,,
105748,18805,FCGRT,,2021-12-16,2021-05-10,False,,,,,,,IMPC,0.0,,,
105747,18805,FCGRT,,2021-02-05,2020-10-06,False,,,,,,,IMPC,0.0,,,
82451,1419,PDCD1,,2023-01-19,2022-11-28,False,,,,,,,IMPC,0.0,,,
89043,4420,AURKA,,2021-12-07,2021-05-10,False,,,,,,,IMPC,5.0,6.0,,
89044,4420,AURKA,,2021-12-07,2021-05-10,False,,,,,,,IMPC,5.0,6.0,,
89045,4420,AURKA,,2021-12-07,2021-05-10,False,,,,,,,IMPC,5.0,6.0,,
89042,4420,AURKA,,2021-12-07,2021-05-10,False,,,,,,,IMPC,5.0,6.0,,
135730,4139,CCR3,,2021-08-17,2021-05-10,False,,,,,,,IMPC,0.0,8.0,,
153174,1157,PRKAA2,,2021-05-18,2021-05-10,False,,,,,,,IMPC,3.0,9.0,,
132275,670,ESR1,,2024-01-29,2023-11-21,False,,,,,,,IMPC,0.0,,,
85344,4146,PGR,,2023-12-22,2023-11-21,False,,,,,,,IMPC,0.0,,,
130390,3384,P2RX7,,2022-12-08,2022-11-28,False,,,,,,,IMPC,2.0,2.0,,
87187,3384,P2RX7,,2022-11-14,2022-03-24,False,,,,,,,IMPC,1.0,2.0,,
99337,1300,KDR,,2022-09-28,2022-03-24,False,,,,,,,IMPC,0.0,,,
117428,1300,KDR,,2021-01-20,2020-10-06,False,,,,,,,IMPC,0.0,,,
116265,111,ADRB2,,2023-08-28,2023-05-09,False,,,,,,,IMPC,11.0,11.0,,
116266,111,ADRB2,,2023-08-28,2023-05-09,False,,,,,,,IMPC,11.0,11.0,,
87599,1514,TSLP,,2021-12-16,2021-05-10,False,,,,,,,IMPC,0.0,0.0,,
105617,1937,HGF,,2021-05-17,2021-05-10,False,,,,,,,IMPC,0.0,,,
89032,1657,SLC6A4,,2023-03-01,2022-11-28,False,,,,,,,IMPC,0.0,,,
89066,1040,NR3C1,,2021-02-12,2020-10-06,False,,,,,,,IMPC,0.0,,,
132547,1040,NR3C1,,2023-05-11,2023-05-09,False,,,,,,,IMPC,0.0,,,
132548,1040,NR3C1,,2023-05-11,2023-05-09,False,,,,,,,IMPC,0.0,,,
146376,3625,MET,,2022-01-20,2021-05-10,False,,,,,,,IMPC,0.0,,,
146377,3625,MET,,2022-01-20,2021-05-10,False,,,,,,,IMPC,0.0,,,
92071,2291,STAT3,,2023-05-15,2023-05-09,False,,,,,,,IMPC,0.0,,,
129046,24,LPA,,2022-10-20,2022-03-24,False,,,,,,,IMPC,0.0,,,
95851,6535,MUC2,,2022-08-03,2022-03-24,False,,,,,,,IMPC,0.0,,,
113742,6535,MUC2,,2024-05-20,2024-05-07,False,,,,,,,IMPC,0.0,,,
135808,3397,FGFR3,,2020-12-02,2020-10-06,False,,,,,,,IMPC,0.0,,,
138055,7248,TNFRSF8,,2023-10-10,2023-05-09,False,,,,,,,IMPC,0.0,,,
132736,1040,NR3C1,,2022-04-01,2022-03-24,False,,,,,,,IMPC,0.0,,,
132573,5623,MAP4K1,,2023-10-23,2023-05-09,False,,,,,,,IMPC,0.0,,,
79472,3331,TNFSF11,,2022-08-23,2022-03-24,False,,,,,,,IMPC,0.0,,,
79615,1229,MMP13,,2022-03-14,2021-05-10,False,,,,,,,IMPC,0.0,9.0,,
79675,111,ADRB2,,2023-04-03,2022-11-28,False,,,,,,,IMPC,11.0,11.0,,
80596,3301,HTR2A,,2023-05-24,2023-05-09,False,,,,,,,IMPC,0.0,,,
146256,3301,HTR2A,,2023-04-06,2022-11-28,False,,,,,,,IMPC,0.0,,,
144415,3301,HTR2A,,2023-03-02,2022-11-28,False,,,,,,,IMPC,0.0,,,
144414,3301,HTR2A,,2023-03-02,2022-11-28,False,,,,,,,IMPC,0.0,,,
128610,1432,LAG3,,2023-11-08,2023-05-09,False,,,,,,,IMPC,0.0,,,
128611,1432,LAG3,,2023-11-08,2023-05-09,False,,,,,,,IMPC,0.0,,,
128612,1432,LAG3,,2023-11-08,2023-05-09,False,,,,,,,IMPC,0.0,,,
158734,1390,PTGER2,,2023-08-31,2023-05-09,False,,,,,,,IMPC,2.0,2.0,,
143852,3,GUCY1A1,,2024-01-03,2023-11-21,False,,,,,,,IMPC,0.0,,,
82457,3,GUCY1A1,,2021-04-27,2020-10-06,False,,,,,,,IMPC,0.0,,,
150568,5617,MDM2,,2024-06-27,2024-05-07,False,,,,,,,IMPC,0.0,,,
150569,5617,MDM2,,2024-06-27,2024-05-07,False,,,,,,,IMPC,0.0,,,
150570,5617,MDM2,,2024-06-27,2024-05-07,False,,,,,,,IMPC,0.0,,,
85563,4703,AMBP,,2024-08-26,2024-05-07,False,,,,,,,IMPC,0.0,,,
143880,4703,AMBP,,2022-03-31,2022-03-24,False,,,,,,,IMPC,0.0,,,
99570,89,ABO,,2022-04-28,2022-03-24,False,,,,,,,IMPC,3.0,3.0,,
99569,89,ABO,,2022-04-28,2022-03-24,False,,,,,,,IMPC,3.0,3.0,,
101721,1161,GDF15,,2022-11-21,2022-03-24,False,,,,,,,IMPC,0.0,0.0,,
101722,1161,GDF15,,2022-11-21,2022-03-24,False,,,,,,,IMPC,0.0,0.0,,
101723,1161,GDF15,,2022-11-21,2022-03-24,False,,,,,,,IMPC,0.0,0.0,,
101724,1161,GDF15,,2022-11-21,2022-03-24,False,,,,,,,IMPC,0.0,0.0,,
101720,1161,GDF15,,2022-11-21,2022-03-24,False,,,,,,,IMPC,0.0,0.0,,
101719,1161,GDF15,,2022-11-21,2022-03-24,False,,,,,,,IMPC,0.0,0.0,,
134742,1040,NR3C1,,2020-11-23,2020-10-06,False,,,,,,,IMPC,0.0,,,
87254,72630,S,,2021-02-23,2020-10-06,False,,,,,,,IMPC,0.0,,,
131240,2554,S100B,,2020-11-20,2020-10-06,False,,,,,,,IMPC,0.0,0.0,,
101094,4,PCSK9,,2021-01-29,2020-10-06,False,,,,,,,IMPC,6.0,5.0,,
91690,6956,MOGAT2,,2022-01-04,2021-05-10,False,,,,,,,IMPC,7.0,9.0,,
450815,327,CFTR,,2020-11-10,2020-10-06,False,,,,,,,IMPC,0.0,,,
373841,327,CFTR,,2020-11-10,2020-10-06,False,,,,,,,IMPC,0.0,,,
142919,327,CFTR,,2020-11-10,2020-10-06,False,,,,,,,IMPC,0.0,,,
296867,327,CFTR,,2020-11-10,2020-10-06,False,,,,,,,IMPC,0.0,,,
119792,2129,DRD2,,2020-11-20,2020-10-06,False,,,,,,,IMPC,0.0,,,
93088,72630,S,,2022-05-25,2022-03-24,False,,,,,,,IMPC,0.0,,,
93164,3301,HTR2A,,2024-09-27,2024-05-07,False,,,,,,,IMPC,0.0,,,
151204,1625,PDGFRB,,2021-10-14,2021-05-10,False,,,,,,,IMPC,5.0,5.0,,
151203,1625,PDGFRB,,2021-10-14,2021-05-10,False,,,,,,,IMPC,5.0,5.0,,
151202,1625,PDGFRB,,2021-10-14,2021-05-10,False,,,,,,,IMPC,5.0,5.0,,
151205,1625,PDGFRB,,2021-10-14,2021-05-10,False,,,,,,,IMPC,5.0,5.0,,
151206,1625,PDGFRB,,2021-10-14,2021-05-10,False,,,,,,,IMPC,5.0,5.0,,
139383,25,ACE,,2021-09-30,2021-05-10,False,,,,,,,IMPC,5.0,5.0,,
139382,25,ACE,,2021-09-30,2021-05-10,False,,,,,,,IMPC,5.0,5.0,,
94779,6272,SV2A,,2023-06-05,2023-05-09,False,,,,,,,IMPC,0.0,,,
94928,5260,IFNAR1,,2021-01-28,2020-10-06,False,,,,,,,IMPC,12.0,8.0,,
123328,20843,GPR119,,2023-09-14,2023-05-09,False,,,,,,,IMPC,0.0,0.0,,
96870,1657,SLC6A4,,2020-11-09,2020-10-06,False,,,,,,,IMPC,0.0,,,
96871,1657,SLC6A4,,2020-11-09,2020-10-06,False,,,,,,,IMPC,0.0,,,
106236,3591,PVR,,2020-10-21,2020-10-06,False,,,,,,,IMPC,0.0,2.0,,
106235,3591,PVR,,2020-10-21,2020-10-06,False,,,,,,,IMPC,0.0,2.0,,
106238,3591,PVR,,2020-10-21,2020-10-06,False,,,,,,,IMPC,0.0,2.0,,
106237,3591,PVR,,2020-10-21,2020-10-06,False,,,,,,,IMPC,0.0,2.0,,
147351,1526,RXFP1,,2023-02-03,2022-11-28,False,,,,,,,IMPC,0.0,,,
147352,1526,RXFP1,,2023-02-03,2022-11-28,False,,,,,,,IMPC,0.0,,,
137650,6779,CCR4,,2021-09-03,2021-05-10,False,,,,,,,IMPC,0.0,,,
129229,5,HMGCR,,2022-08-05,2022-03-24,False,,,,,,,IMPC,0.0,,,
129228,5,HMGCR,,2022-08-05,2022-03-24,False,,,,,,,IMPC,0.0,,,
149167,1432,LAG3,,2023-06-15,2023-05-09,False,,,,,,,IMPC,0.0,,,
141804,3323,CXCR2,,2021-06-16,2021-05-10,False,,,,,,,IMPC,39.0,37.0,,
137666,3323,CXCR2,,2022-06-24,2022-03-24,False,,,,,,,IMPC,37.0,37.0,,
141800,3323,CXCR2,,2021-06-16,2021-05-10,False,,,,,,,IMPC,39.0,37.0,,
141801,3323,CXCR2,,2021-06-16,2021-05-10,False,,,,,,,IMPC,39.0,37.0,,
141802,3323,CXCR2,,2021-06-16,2021-05-10,False,,,,,,,IMPC,39.0,37.0,,
141803,3323,CXCR2,,2021-06-16,2021-05-10,False,,,,,,,IMPC,39.0,37.0,,
104817,17256,HCRTR2,,2022-03-10,2021-05-10,False,,,,,,,IMPC,0.0,,,
106554,4465,CSF1R,,2021-05-25,2021-05-10,False,,,,,,,IMPC,0.0,1.0,,
106553,4465,CSF1R,,2021-05-25,2021-05-10,False,,,,,,,IMPC,0.0,1.0,,
108571,4465,CSF1R,,2021-09-16,2021-05-10,False,,,,,,,IMPC,0.0,1.0,,
108572,4465,CSF1R,,2021-09-16,2021-05-10,False,,,,,,,IMPC,0.0,1.0,,
149354,4465,CSF1R,,2021-09-16,2021-05-10,False,,,,,,,IMPC,0.0,1.0,,
152472,3625,MET,,2022-11-27,2022-03-24,False,,,,,,,IMPC,0.0,,,
129520,5582,LRRK2,,2022-04-19,2022-03-24,False,,,,,,,IMPC,0.0,0.0,,
123521,727,INSR,,2020-11-23,2020-10-06,False,,,,,,,IMPC,0.0,,,
150901,18,PTGS2,,2023-02-01,2022-11-28,False,,,,,,,IMPC,0.0,,,
143348,718,CNR1,,2021-08-16,2021-05-10,False,,,,,,,IMPC,4.0,7.0,,
113838,17630,THRA,,2023-05-15,2023-05-09,False,,,,,,,IMPC,23.0,23.0,,
117764,3830,IL3RA,,2023-03-20,2022-11-28,False,,,,,,,IMPC,1.0,0.0,,
115644,3830,IL3RA,,2022-06-14,2022-03-24,False,,,,,,,IMPC,0.0,0.0,,
117762,3830,IL3RA,,2023-03-20,2022-11-28,False,,,,,,,IMPC,1.0,0.0,,
117763,3830,IL3RA,,2023-03-20,2022-11-28,False,,,,,,,IMPC,1.0,0.0,,
133129,5201,KCNMA1,,2023-05-22,2023-05-09,False,,,,,,,IMPC,6.0,6.0,,
149392,346,ERBB4,,2025-12-15,2024-05-07,False,,,,,,,IMPC,0.0,,,
149390,346,ERBB4,,2025-12-15,2024-05-07,False,,,,,,,IMPC,0.0,,,
149391,346,ERBB4,,2025-12-15,2024-05-07,False,,,,,,,IMPC,0.0,,,
117922,6258,MRGPRX2,,2025-03-20,2024-05-07,False,,,,,,,IMPC,0.0,,,
147677,4188,EGLN1,,2020-10-19,2020-10-06,False,,,,,,,IMPC,0.0,,,
139490,6081,GRIN2B,,2021-11-15,2021-05-10,False,,,,,,,IMPC,2.0,5.0,,
121417,6513,GRM2,,2021-02-16,2020-10-06,False,,,,,,,IMPC,0.0,,,
125773,2553,UOX,,2021-07-16,2021-05-10,False,,,,,,,IMPC,0.0,7.0,,
150616,2720,HSP90AA1,,2023-01-01,2022-11-28,False,,,,,,,IMPC,6.0,6.0,,
141735,644,TNF,,2021-06-23,2021-05-10,False,,,,,,,IMPC,0.0,,,
150642,4838,HDAC11,,2025-03-26,2024-05-07,False,,,,,,,IMPC,2.0,2.0,,
150264,3529,FASN,,2025-03-01,2024-05-07,False,,,,,,,IMPC,0.0,,,
150265,3529,FASN,,2025-03-01,2024-05-07,False,,,,,,,IMPC,0.0,,,
150266,3529,FASN,,2025-03-01,2024-05-07,False,,,,,,,IMPC,0.0,,,
150267,3529,FASN,,2025-03-01,2024-05-07,False,,,,,,,IMPC,0.0,,,
119098,4754,CDK9,,2021-12-15,2021-05-10,False,,,,,,,IMPC,9.0,8.0,,
119099,4754,CDK9,,2021-12-15,2021-05-10,False,,,,,,,IMPC,9.0,8.0,,
139133,3709,STING1,,2023-06-28,2023-05-09,False,,,,,,,IMPC,3.0,3.0,,
139225,3709,STING1,,2023-07-07,2023-05-09,False,,,,,,,IMPC,3.0,3.0,,
103861,1432,LAG3,,2022-10-18,2022-03-24,False,,,,,,,IMPC,0.0,,,
120328,211,GLP1R,,2022-02-22,2021-05-10,False,,,,,,,IMPC,1.0,2.0,,
120327,211,GLP1R,,2022-02-22,2021-05-10,False,,,,,,,IMPC,1.0,2.0,,
107225,211,GLP1R,,2023-10-19,2023-05-09,False,,,,,,,IMPC,2.0,2.0,,
107224,211,GLP1R,,2023-10-19,2023-05-09,False,,,,,,,IMPC,2.0,2.0,,
107223,211,GLP1R,,2022-02-22,2021-05-10,False,,,,,,,IMPC,1.0,2.0,,
99999,5619,CALCR,,2024-02-05,2023-11-21,False,,,,,,,IMPC,2.0,2.0,,
99998,5619,CALCR,,2024-02-05,2023-11-21,False,,,,,,,IMPC,2.0,2.0,,
129017,6779,CCR4,,2021-05-18,2021-05-10,False,,,,,,,IMPC,0.0,,,
138674,1454,TREM2,,2023-01-04,2022-11-28,False,,,,,,,IMPC,0.0,,,
101895,1242,IL18,,2024-02-15,2023-11-21,False,,,,,,,IMPC,0.0,0.0,,
101894,1242,IL18,,2024-02-15,2023-11-21,False,,,,,,,IMPC,0.0,0.0,,
122540,366,GABRA2,,2024-12-09,2024-05-07,False,,,,,,,IMPC,15.0,15.0,,
112852,366,GABRA2,,2023-07-03,2023-05-09,False,,,,,,,IMPC,15.0,15.0,,
103859,366,GABRA2,,2025-09-05,2024-05-07,False,,,,,,,IMPC,15.0,15.0,,
104105,5594,GNRHR,,2021-08-10,2021-05-10,False,,,,,,,IMPC,0.0,,,
113219,5619,CALCR,,2024-12-09,2024-05-07,False,,,,,,,IMPC,2.0,2.0,,
105365,1526,RXFP1,,2020-11-17,2020-10-06,False,,,,,,,IMPC,0.0,,,
111321,3305,TGFBR1,,2022-09-09,2022-03-24,False,,,,,,,IMPC,0.0,,,
107209,2866,CAV2,,2022-10-25,2022-03-24,False,,,,,,,IMPC,3.0,3.0,,
107208,2866,CAV2,,2022-10-25,2022-03-24,False,,,,,,,IMPC,3.0,3.0,,
107210,2866,CAV2,,2022-10-25,2022-03-24,False,,,,,,,IMPC,3.0,3.0,,
109631,211,GLP1R,,2024-04-18,2023-11-21,False,,,,,,,IMPC,2.0,2.0,,
136480,51,SERPINH1,,2021-03-17,2020-10-06,False,,,,,,,IMPC,0.0,,,
120825,1245,PPIA,,2023-03-23,2022-11-28,False,,,,,,,IMPC,20.0,22.0,,
113394,4535,CTLA4,,2023-03-27,2022-11-28,False,,,,,,,IMPC,0.0,,,
112929,2458,PIK3CA,,2024-04-02,2023-11-21,False,,,,,,,IMPC,0.0,,,
145175,727,INSR,,2021-03-16,2020-10-06,False,,,,,,,IMPC,0.0,,,
149956,5906,SLC11A2,,2022-04-01,2022-03-24,False,,,,,,,IMPC,0.0,,,
118948,5594,GNRHR,,2023-01-28,2022-11-28,False,,,,,,,IMPC,0.0,,,
128414,1514,TSLP,,2024-07-17,2024-05-07,False,,,,,,,IMPC,0.0,0.0,,
125921,1040,NR3C1,,2023-11-27,2023-11-21,False,,,,,,,IMPC,0.0,,,
138881,16983,TRPC5,,2021-07-27,2021-05-10,False,,,,,,,IMPC,1.0,0.0,,
138879,16983,TRPC5,,2021-07-27,2021-05-10,False,,,,,,,IMPC,1.0,0.0,,
138880,16983,TRPC5,,2021-07-27,2021-05-10,False,,,,,,,IMPC,1.0,0.0,,
127949,4692,HRH1,,2021-04-20,2020-10-06,False,,,,,,,IMPC,1.0,1.0,,
130887,1040,NR3C1,,2024-06-24,2024-05-07,False,,,,,,,IMPC,0.0,,,
140933,5792,DGUOK,,2022-03-01,2021-05-10,False,,,,,,,IMPC,4.0,9.0,,
151755,1556,CD274,,2023-10-01,2023-05-09,False,,,,,,,IMPC,0.0,,,
144795,1556,CD274,,2025-07-25,2024-05-07,False,,,,,,,IMPC,0.0,,,
144796,1556,CD274,,2025-07-25,2024-05-07,False,,,,,,,IMPC,0.0,,,
144797,1556,CD274,,2025-07-25,2024-05-07,False,,,,,,,IMPC,0.0,,,
132817,1657,SLC6A4,,2023-06-14,2023-05-09,False,,,,,,,IMPC,0.0,,,
139234,1142,BDNF,,2025-11-24,2024-05-07,False,,,,,,,IMPC,0.0,,,
141119,4876,BRAF,,2022-04-29,2022-03-24,False,,,,,,,IMPC,0.0,,,
141118,4876,BRAF,,2022-04-29,2022-03-24,False,,,,,,,IMPC,0.0,,,
146576,644,TNF,,2022-01-31,2021-05-10,False,,,,,,,IMPC,0.0,,,
146926,1644,ANPEP,,2020-12-21,2020-10-06,False,,,,,,,IMPC,0.0,3.0,,
146927,1644,ANPEP,,2020-12-21,2020-10-06,False,,,,,,,IMPC,0.0,3.0,,
151221,19044,EHHADH,,2022-07-01,2022-03-24,False,,,,,,,IMPC,0.0,2.0,,
152414,18,PTGS2,,2023-03-01,2022-11-28,False,,,,,,,IMPC,0.0,,,
87575,72630,S,,2021-03-05,2020-10-06,False,,,,,,,IMPC,0.0,,,
87601,353,F11,,2024-06-27,2024-05-07,False,,,,,,,IMPC,0.0,,,
151590,1040,NR3C1,,2025-06-30,2024-05-07,False,,,,,,,IMPC,0.0,,,
151635,7000,MIR132,,2024-04-30,2023-11-21,False,,,,,,,IMPC,0.0,,,
134412,2554,S100B,,2021-10-15,2021-05-10,False,,,,,,,IMPC,0.0,0.0,,
144226,17847,SIGLEC8,,2022-10-26,2022-03-24,False,,,,,,,IMPC,0.0,,,
219893,327,CFTR,,2020-11-10,2020-10-06,False,,,,,,,IMPC,0.0,,,
95715,72630,S,,2022-03-18,2021-05-10,False,,,,,,,IMPC,0.0,,,
139978,290,NOS3,,2022-06-29,2022-03-24,False,,,,,,,IMPC,18.0,20.0,,
139979,290,NOS3,,2022-06-29,2022-03-24,False,,,,,,,IMPC,18.0,20.0,,
106982,290,NOS3,,2020-10-15,2020-10-06,False,,,,,,,IMPC,6.0,20.0,,
139977,290,NOS3,,2022-06-29,2022-03-24,False,,,,,,,IMPC,18.0,20.0,,
141145,1436,CFH,,2020-12-29,2020-10-06,False,,,,,,,IMPC,1.0,1.0,,
135899,5260,IFNAR1,,2021-02-18,2020-10-06,False,,,,,,,IMPC,12.0,8.0,,
151664,3529,FASN,,2025-03-01,2024-05-07,False,,,,,,,IMPC,0.0,,,
151665,3529,FASN,,2025-03-01,2024-05-07,False,,,,,,,IMPC,0.0,,,
95573,159,ATP4A,,2021-09-27,2021-05-10,False,,,,,,,IMPC,0.0,,,
142033,1402,TYMS,,2021-12-22,2021-05-10,False,,,,,,,IMPC,0.0,0.0,,
97607,3591,PVR,,2020-11-17,2020-10-06,False,,,,,,,IMPC,0.0,2.0,,
99568,2293,CHRM3,,2022-04-28,2022-03-24,False,,,,,,,IMPC,0.0,,,
99567,2293,CHRM3,,2022-04-28,2022-03-24,False,,,,,,,IMPC,0.0,,,
101142,1432,LAG3,,2021-11-10,2021-05-10,False,,,,,,,IMPC,0.0,,,
132237,1432,LAG3,,2023-09-29,2023-05-09,False,,,,,,,IMPC,0.0,,,
132238,1432,LAG3,,2023-09-29,2023-05-09,False,,,,,,,IMPC,0.0,,,
132239,1432,LAG3,,2023-09-29,2023-05-09,False,,,,,,,IMPC,0.0,,,
102988,84,ADRB1,,2023-02-13,2022-11-28,False,,,,,,,IMPC,0.0,,,
124952,1526,RXFP1,,2023-04-24,2022-11-28,False,,,,,,,IMPC,0.0,,,
105551,3467,CD9,,2021-11-29,2021-05-10,False,,,,,,,IMPC,0.0,,,
105921,3453,THRB,,2024-04-01,2023-11-21,False,,,,,,,IMPC,0.0,,,
105920,3453,THRB,,2024-04-01,2023-11-21,False,,,,,,,IMPC,0.0,,,
105919,3453,THRB,,2024-04-01,2023-11-21,False,,,,,,,IMPC,0.0,,,
105922,3453,THRB,,2024-04-01,2023-11-21,False,,,,,,,IMPC,0.0,,,
152093,4465,CSF1R,,2023-03-01,2022-11-28,False,,,,,,,IMPC,0.0,1.0,,
113521,5906,SLC11A2,,2021-11-03,2021-05-10,False,,,,,,,IMPC,0.0,,,
113522,5906,SLC11A2,,2021-11-03,2021-05-10,False,,,,,,,IMPC,0.0,,,
113710,718,CNR1,,2020-12-21,2020-10-06,False,,,,,,,IMPC,6.0,7.0,,
117399,1514,TSLP,,2025-01-30,2024-05-07,False,,,,,,,IMPC,0.0,0.0,,
128784,1514,TSLP,,2023-10-16,2023-05-09,False,,,,,,,IMPC,0.0,0.0,,
139921,18470,BTLA,,2022-03-07,2021-05-10,False,,,,,,,IMPC,0.0,,,
138245,6513,GRM2,,2021-05-20,2021-05-10,False,,,,,,,IMPC,0.0,,,
121879,2553,UOX,,2021-04-21,2020-10-06,False,,,,,,,IMPC,0.0,7.0,,
123032,2268,HSD11B1,,2023-02-15,2022-11-28,False,,,,,,,IMPC,0.0,,,
139893,362,GABRA5,,2022-12-16,2022-11-28,False,,,,,,,IMPC,8.0,8.0,,
152125,2293,CHRM3,,2022-04-01,2022-03-24,False,,,,,,,IMPC,0.0,,,
142123,2496,CCL17,,2023-09-13,2023-05-09,False,,,,,,,IMPC,1.0,1.0,,
150393,891,TLR5,,2022-03-01,2021-05-10,False,,,,,,,IMPC,0.0,,,
145817,644,TNF,,2021-09-09,2021-05-10,False,,,,,,,IMPC,0.0,,,
78477,19457,EPHB3,,2021-08-23,2021-05-05,True,,,,,,,DepMap,,,0.0,0.0
93316,5455,CRLS1,,2022-04-29,2021-05-05,True,,,,,,,DepMap,,,1.0,0.0
93312,5455,CRLS1,,2022-04-29,2021-05-05,True,,,,,,,DepMap,,,1.0,0.0
93313,5455,CRLS1,,2022-04-29,2021-05-05,True,,,,,,,DepMap,,,1.0,0.0
93314,5455,CRLS1,,2022-04-29,2021-05-05,True,,,,,,,DepMap,,,1.0,0.0
93315,5455,CRLS1,,2022-04-29,2021-05-05,True,,,,,,,DepMap,,,1.0,0.0
93319,5455,CRLS1,,2022-04-29,2021-05-05,True,,,,,,,DepMap,,,1.0,0.0
93317,5455,CRLS1,,2022-04-29,2021-05-05,True,,,,,,,DepMap,,,1.0,0.0
93318,5455,CRLS1,,2022-04-29,2021-05-05,True,,,,,,,DepMap,,,1.0,0.0
112297,6284,TACR1,,2023-11-08,2023-06-02,True,,,,,,,DepMap,,,0.0,0.0
131536,106,APOC3,,2021-12-14,2021-05-05,True,,,,,,,DepMap,,,0.0,0.0
110576,106,APOC3,,2023-07-10,2023-06-02,True,,,,,,,DepMap,,,0.0,0.0
96919,2069,BTK,,2020-08-22,2020-05-07,True,,,,,,,DepMap,,,0.0,0.0
81924,2069,BTK,,2021-09-09,2021-05-05,True,,,,,,,DepMap,,,0.0,0.0
111492,2069,BTK,,2021-11-24,2021-05-05,True,,,,,,,DepMap,,,0.0,0.0
137668,3154,ROS1,,2021-06-01,2021-05-05,False,,,,,,,DepMap,,,0.0,0.0
113888,6284,TACR1,,2025-02-25,2023-06-02,True,,,,,,,DepMap,,,0.0,0.0
137677,4465,CSF1R,,2020-05-30,2020-05-07,False,,,,,,,DepMap,,,0.0,0.0
137678,4465,CSF1R,,2020-05-30,2020-05-07,False,,,,,,,DepMap,,,0.0,0.0
137679,4465,CSF1R,,2020-05-30,2020-05-07,False,,,,,,,DepMap,,,0.0,0.0
137675,4465,CSF1R,,2020-05-30,2020-05-07,False,,,,,,,DepMap,,,0.0,0.0
137676,4465,CSF1R,,2020-05-30,2020-05-07,False,,,,,,,DepMap,,,0.0,0.0
141444,1420,CFD,,2021-08-23,2021-05-05,True,,,,,,,DepMap,,,0.0,0.0
498746,69,PDE4C,,2020-09-22,2020-05-07,True,,,,,,,DepMap,,,0.0,0.0
88222,2458,PIK3CA,,2021-01-13,2020-05-07,True,,,,,,,DepMap,,,0.0,0.0
87915,7179,IL31RA,,2020-08-11,2020-05-07,True,,,,,,,DepMap,,,0.0,0.0
115752,106,APOC3,,2022-11-21,2022-05-05,True,,,,,,,DepMap,,,0.0,0.0
113828,106,APOC3,,2022-05-09,2022-05-05,True,,,,,,,DepMap,,,0.0,0.0
113829,106,APOC3,,2022-05-09,2022-05-05,True,,,,,,,DepMap,,,0.0,0.0
115753,106,APOC3,,2022-11-21,2022-05-05,True,,,,,,,DepMap,,,0.0,0.0
114113,2751,PTH1R,,2021-07-28,2021-05-05,False,,,,,,,DepMap,,,0.0,0.0
114111,2751,PTH1R,,2021-07-28,2021-05-05,False,,,,,,,DepMap,,,0.0,0.0
114112,2751,PTH1R,,2021-07-28,2021-05-05,False,,,,,,,DepMap,,,0.0,0.0
114110,2751,PTH1R,,2021-07-28,2021-05-05,False,,,,,,,DepMap,,,0.0,0.0
112332,1419,PDCD1,,2021-03-31,2020-05-07,True,,,,,,,DepMap,,,0.0,0.0
151195,1419,PDCD1,,2023-09-15,2023-06-02,True,,,,,,,DepMap,,,0.0,0.0
141263,1419,PDCD1,,2021-11-15,2021-05-05,True,,,,,,,DepMap,,,0.0,0.0
88279,247,C5,,2020-06-22,2020-05-07,True,,,,,,,DepMap,,,0.0,0.0
98884,247,C5,,2022-09-26,2022-05-05,True,,,,,,,DepMap,,,0.0,0.0
98885,247,C5,,2022-09-26,2022-05-05,True,,,,,,,DepMap,,,0.0,0.0
114107,17900,TNFRSF17,,2021-12-21,2021-05-05,True,,,,,,,DepMap,,,0.0,0.0
114106,17900,TNFRSF17,,2021-12-21,2021-05-05,True,,,,,,,DepMap,,,0.0,0.0
114105,17900,TNFRSF17,,2021-12-21,2021-05-05,True,,,,,,,DepMap,,,0.0,0.0
114109,17900,TNFRSF17,,2021-12-21,2021-05-05,True,,,,,,,DepMap,,,0.0,0.0
114108,17900,TNFRSF17,,2021-12-21,2021-05-05,True,,,,,,,DepMap,,,0.0,0.0
114104,17900,TNFRSF17,,2021-12-21,2021-05-05,True,,,,,,,DepMap,,,0.0,0.0
114100,17900,TNFRSF17,,2021-12-21,2021-05-05,True,,,,,,,DepMap,,,0.0,0.0
114101,17900,TNFRSF17,,2021-12-21,2021-05-05,True,,,,,,,DepMap,,,0.0,0.0
114102,17900,TNFRSF17,,2021-12-21,2021-05-05,True,,,,,,,DepMap,,,0.0,0.0
114103,17900,TNFRSF17,,2021-12-21,2021-05-05,True,,,,,,,DepMap,,,0.0,0.0
78316,20968,FNTA,,2023-04-24,2022-05-05,True,,,,,,,DepMap,,,1.0,1.0
106625,7060,XCL1,,2022-10-23,2022-05-05,True,,,,,,,DepMap,,,0.0,0.0
127567,1155,IL23A,,2023-05-17,2022-05-05,True,,,,,,,DepMap,,,0.0,0.0
115776,6934,NCSTN,,2022-08-30,2022-05-05,True,,,,,,,DepMap,,,0.0,0.0
115777,6934,NCSTN,,2022-08-30,2022-05-05,True,,,,,,,DepMap,,,0.0,0.0
115775,6934,NCSTN,,2022-08-30,2022-05-05,True,,,,,,,DepMap,,,0.0,0.0
85124,17728,RARG,,2022-03-14,2021-05-05,True,,,,,,,DepMap,,,0.0,0.0
149587,2069,BTK,,2024-05-01,2023-06-02,True,,,,,,,DepMap,,,0.0,0.0
151461,2069,BTK,,2025-06-30,2023-06-02,True,,,,,,,DepMap,,,0.0,0.0
149586,2069,BTK,,2024-05-01,2023-06-02,True,,,,,,,DepMap,,,0.0,0.0
151462,2069,BTK,,2025-06-30,2023-06-02,True,,,,,,,DepMap,,,0.0,0.0
141513,1419,PDCD1,,2022-01-14,2021-05-05,True,,,,,,,DepMap,,,0.0,0.0
112259,5349,NIF3L1,,2022-12-21,2022-05-05,True,,,,,,,DepMap,,,0.0,0.0
135141,5349,NIF3L1,,2021-09-27,2021-05-05,True,,,,,,,DepMap,,,0.0,0.0
152367,17414,GPRC5D,,2022-10-20,2022-05-05,True,,,,,,,DepMap,,,0.0,0.0
150655,17670,GM2A,,2024-12-20,2023-06-02,True,,,,,,,DepMap,,,0.0,0.0
127264,17670,GM2A,,2021-12-08,2021-05-05,True,,,,,,,DepMap,,,0.0,0.0
127263,17670,GM2A,,2021-12-08,2021-05-05,True,,,,,,,DepMap,,,0.0,0.0
117887,2793,NR3C2,,2022-07-07,2022-05-05,True,,,,,,,DepMap,,,0.0,0.0
112341,5735,CCNL2,,2020-06-08,2020-05-07,False,,,,,,,DepMap,,,0.0,0.0
101097,6605,IGKV2D-26,,2023-08-28,2023-06-02,True,,,,,,,DepMap,,,0.0,0.0
106627,2258,TYK2,,2021-05-07,2021-05-05,True,,,,,,,DepMap,,,0.0,0.0
106628,2258,TYK2,,2021-05-07,2021-05-05,True,,,,,,,DepMap,,,0.0,0.0
92695,222,VEGFA,,2021-04-19,2020-05-07,True,,,,,,,DepMap,,,0.0,0.0
131139,4179,MYL4,,2022-08-19,2022-05-05,True,,,,,,,DepMap,,,0.0,0.0
94797,4179,MYL4,,2022-12-14,2022-05-05,True,,,,,,,DepMap,,,0.0,0.0
121599,6805,FOLR1,,2020-07-23,2020-05-07,True,,,,,,,DepMap,,,0.0,0.0
88158,5212,SMPD1,,2021-11-18,2021-05-05,True,,,,,,,DepMap,,,0.0,0.0
149195,2878,JAK2,,2020-05-22,2020-05-07,True,,,,,,,DepMap,,,0.0,0.0
149196,2878,JAK2,,2020-05-22,2020-05-07,True,,,,,,,DepMap,,,0.0,0.0
115640,1345,AHR,,2024-12-17,2023-06-02,False,,,,,,,DepMap,,,0.0,0.0
104512,1342,GIP,,2022-06-21,2022-05-05,True,,,,,,,DepMap,,,0.0,0.0
102412,1342,GIP,,2021-04-20,2020-05-07,True,,,,,,,DepMap,,,0.0,0.0
80008,159,ATP4A,,2021-03-25,2020-05-07,True,,,,,,,DepMap,,,0.0,0.0
80009,159,ATP4A,,2021-03-25,2020-05-07,True,,,,,,,DepMap,,,0.0,0.0
91794,635,CALCRL,,2021-03-17,2020-05-07,True,,,,,,,DepMap,,,0.0,0.0
150648,1679,ROCK2,,2025-06-16,2023-06-02,True,,,,,,,DepMap,,,0.0,0.0
152838,19782,GCGR,,2023-12-29,2023-06-02,True,,,,,,,DepMap,,,0.0,0.0
92929,19782,GCGR,,2023-05-09,2022-05-05,True,,,,,,,DepMap,,,0.0,0.0
152773,17670,GM2A,,2023-11-01,2023-06-02,False,,,,,,,DepMap,,,0.0,0.0
152771,17670,GM2A,,2023-11-01,2023-06-02,False,,,,,,,DepMap,,,0.0,0.0
152772,17670,GM2A,,2023-11-01,2023-06-02,False,,,,,,,DepMap,,,0.0,0.0
145398,5349,NIF3L1,,2023-06-20,2023-06-02,False,,,,,,,DepMap,,,0.0,0.0
108414,5915,GSC,,2022-05-01,2021-05-05,True,,,,,,,DepMap,,,0.0,0.0
133019,4,PCSK9,,2021-06-24,2021-05-05,True,,,,,,,DepMap,,,0.0,0.0
78339,4,PCSK9,,2023-03-15,2022-05-05,True,,,,,,,DepMap,,,0.0,0.0
97020,4,PCSK9,,2021-07-07,2021-05-05,True,,,,,,,DepMap,,,0.0,0.0
97019,4,PCSK9,,2021-07-07,2021-05-05,True,,,,,,,DepMap,,,0.0,0.0
120269,4,PCSK9,,2023-07-11,2023-06-02,True,,,,,,,DepMap,,,0.0,0.0
135300,1849,FGFR2,,2023-10-19,2023-06-02,True,,,,,,,DepMap,,,0.0,0.0
135299,1849,FGFR2,,2023-10-19,2023-06-02,True,,,,,,,DepMap,,,0.0,0.0
104481,3795,CD44,,2023-01-16,2022-05-05,False,,,,,,,DepMap,,,0.0,0.0
110343,27757,ANKRD10-IT1,,2022-01-18,2021-05-05,True,,,,,,,DepMap,,,0.0,0.0
112344,3795,CD44,,2021-03-19,2020-05-07,True,,,,,,,DepMap,,,0.0,0.0
114201,1845,PRKAR2B,,2021-11-12,2021-05-05,True,,,,,,,DepMap,,,0.0,0.0
78441,1845,PRKAR2B,,2022-10-20,2022-05-05,True,,,,,,,DepMap,,,0.0,0.0
147883,4452,CTSC,,2024-12-16,2023-06-02,True,,,,,,,DepMap,,,0.0,0.0
111333,4452,CTSC,,2023-10-30,2023-06-02,True,,,,,,,DepMap,,,0.0,0.0
88853,5590,SCN10A,,2023-01-09,2022-05-05,True,,,,,,,DepMap,,,0.0,0.0
78938,5590,SCN10A,,2024-12-19,2023-06-02,True,,,,,,,DepMap,,,0.0,0.0
149726,1369,TTR,,2021-09-08,2021-05-05,True,,,,,,,DepMap,,,0.0,0.0
150082,247,C5,,2022-11-30,2022-05-05,True,,,,,,,DepMap,,,0.0,0.0
100015,247,C5,,2022-03-09,2021-05-05,True,,,,,,,DepMap,,,0.0,0.0
127858,1420,CFD,,2020-12-16,2020-05-07,True,,,,,,,DepMap,,,0.0,0.0
111207,3754,APP,,2021-11-16,2021-05-05,True,,,,,,,DepMap,,,0.0,0.0
133586,137,PPARA,,2024-07-09,2023-06-02,True,,,,,,,DepMap,,,0.0,0.0
344798,69,PDE4C,,2020-09-22,2020-05-07,True,,,,,,,DepMap,,,0.0,0.0
81074,1274,IL13,,2021-12-23,2021-05-05,True,,,,,,,DepMap,,,0.0,0.0
83012,1274,IL13,,2021-03-10,2020-05-07,True,,,,,,,DepMap,,,0.0,0.0
83013,1274,IL13,,2021-03-10,2020-05-07,True,,,,,,,DepMap,,,0.0,0.0
83014,1274,IL13,,2021-03-10,2020-05-07,True,,,,,,,DepMap,,,0.0,0.0
111597,1274,IL13,,2021-12-23,2021-05-05,True,,,,,,,DepMap,,,0.0,0.0
83015,1274,IL13,,2021-03-10,2020-05-07,True,,,,,,,DepMap,,,0.0,0.0
81073,1274,IL13,,2023-05-23,2022-05-05,True,,,,,,,DepMap,,,0.0,0.0
83011,1274,IL13,,2021-03-10,2020-05-07,True,,,,,,,DepMap,,,0.0,0.0
109180,7179,IL31RA,,2022-04-20,2021-05-05,True,,,,,,,DepMap,,,0.0,0.0
102929,106,APOC3,,2021-10-25,2021-05-05,True,,,,,,,DepMap,,,0.0,0.0
81766,6027,INHBA,,2023-05-10,2022-05-05,True,,,,,,,DepMap,,,0.0,0.0
90717,1419,PDCD1,,2021-02-15,2020-05-07,True,,,,,,,DepMap,,,0.0,0.0
86869,1419,PDCD1,,2022-01-26,2021-05-05,True,,,,,,,DepMap,,,0.0,0.0
122210,1419,PDCD1,,2021-07-15,2021-05-05,True,,,,,,,DepMap,,,0.0,0.0
120624,1419,PDCD1,,2020-09-04,2020-05-07,True,,,,,,,DepMap,,,0.0,0.0
136493,1419,PDCD1,,2021-07-27,2021-05-05,True,,,,,,,DepMap,,,0.0,0.0
152895,1419,PDCD1,,2023-07-28,2023-06-02,True,,,,,,,DepMap,,,0.0,0.0
84557,1419,PDCD1,,2021-08-17,2021-05-05,True,,,,,,,DepMap,,,0.0,0.0
120622,1419,PDCD1,,2020-09-04,2020-05-07,True,,,,,,,DepMap,,,0.0,0.0
144980,1419,PDCD1,,2021-05-24,2021-05-05,True,,,,,,,DepMap,,,0.0,0.0
120623,1419,PDCD1,,2020-09-04,2020-05-07,True,,,,,,,DepMap,,,0.0,0.0
127857,1419,PDCD1,,2022-10-26,2022-05-05,True,,,,,,,DepMap,,,0.0,0.0
136341,4876,BRAF,,2021-07-15,2021-05-05,True,,,,,,,DepMap,,,0.0,0.0
136342,4876,BRAF,,2021-07-15,2021-05-05,True,,,,,,,DepMap,,,0.0,0.0
136339,4876,BRAF,,2021-07-15,2021-05-05,True,,,,,,,DepMap,,,0.0,0.0
136340,4876,BRAF,,2021-07-15,2021-05-05,True,,,,,,,DepMap,,,0.0,0.0
149765,4188,EGLN1,,2025-01-01,2023-06-02,True,,,,,,,DepMap,,,0.0,0.0
146647,1350,ERBB2,,2022-11-17,2022-05-05,False,,,,,,,DepMap,,,0.0,0.0
146648,1350,ERBB2,,2022-11-17,2022-05-05,False,,,,,,,DepMap,,,0.0,0.0
117200,28035,CSTP1,,2021-11-03,2021-05-05,True,,,,,,,DepMap,,,0.0,0.0
96483,21395,AMY1C,,2020-12-15,2020-05-07,True,,,,,,,DepMap,,,0.0,0.0
130079,4743,AQP5,,2021-11-08,2021-05-05,True,,,,,,,DepMap,,,0.0,0.0
95942,104,FLT1,,2021-04-19,2020-05-07,True,,,,,,,DepMap,,,0.0,0.0
81148,20968,FNTA,,2021-01-25,2020-05-07,False,,,,,,,DepMap,,,1.0,1.0
144802,20968,FNTA,,2021-12-21,2021-05-05,True,,,,,,,DepMap,,,1.0,1.0
144801,20968,FNTA,,2021-12-21,2021-05-05,True,,,,,,,DepMap,,,1.0,1.0
98073,72648,F,,2023-07-27,2023-06-02,True,,,,,,,DepMap,,,0.0,0.0
128313,2069,BTK,,2021-05-14,2021-05-05,False,,,,,,,DepMap,,,0.0,0.0
128309,2069,BTK,,2021-05-14,2021-05-05,False,,,,,,,DepMap,,,0.0,0.0
128312,2069,BTK,,2021-05-14,2021-05-05,False,,,,,,,DepMap,,,0.0,0.0
82766,247,C5,,2021-07-08,2021-05-05,True,,,,,,,DepMap,,,0.0,0.0
104185,1419,PDCD1,,2021-01-12,2020-05-07,True,,,,,,,DepMap,,,0.0,0.0
111322,17670,GM2A,,2022-09-09,2022-05-05,True,,,,,,,DepMap,,,0.0,0.0
152920,7060,XCL1,,2021-01-11,2020-05-07,True,,,,,,,DepMap,,,0.0,0.0
84850,247,C5,,2024-08-27,2023-06-02,True,,,,,,,DepMap,,,0.0,0.0
92783,247,C5,,2020-11-24,2020-05-07,True,,,,,,,DepMap,,,0.0,0.0
92138,5735,CCNL2,,2020-05-12,2020-05-07,False,,,,,,,DepMap,,,0.0,0.0
124512,6605,IGKV2D-26,,2024-12-04,2023-06-02,True,,,,,,,DepMap,,,0.0,0.0
85223,1822,SNAP25,,2024-04-08,2023-06-02,False,,,,,,,DepMap,,,0.0,0.0
127955,2258,TYK2,,2025-07-09,2023-06-02,True,,,,,,,DepMap,,,0.0,0.0
148063,1849,FGFR2,,2021-01-06,2020-05-07,True,,,,,,,DepMap,,,0.0,0.0
148064,1849,FGFR2,,2021-01-06,2020-05-07,True,,,,,,,DepMap,,,0.0,0.0
125917,4179,MYL4,,2020-07-06,2020-05-07,True,,,,,,,DepMap,,,0.0,0.0
131765,4179,MYL4,,2022-01-04,2021-05-05,True,,,,,,,DepMap,,,0.0,0.0
122471,1432,LAG3,,2021-02-04,2020-05-07,True,,,,,,,DepMap,,,0.0,0.0
122474,1432,LAG3,,2021-02-04,2020-05-07,True,,,,,,,DepMap,,,0.0,0.0
122472,1432,LAG3,,2021-02-04,2020-05-07,True,,,,,,,DepMap,,,0.0,0.0
122475,1432,LAG3,,2021-02-04,2020-05-07,True,,,,,,,DepMap,,,0.0,0.0
122473,1432,LAG3,,2021-02-04,2020-05-07,True,,,,,,,DepMap,,,0.0,0.0
142468,19310,DKC1,,2020-09-04,2020-05-07,True,,,,,,,DepMap,,,1.0,1.0
100034,1342,GIP,,2024-11-05,2023-06-02,True,,,,,,,DepMap,,,0.0,0.0
105401,1342,GIP,,2024-05-21,2023-06-02,True,,,,,,,DepMap,,,0.0,0.0
113328,1342,GIP,,2024-01-16,2023-06-02,True,,,,,,,DepMap,,,0.0,0.0
120376,1342,GIP,,2024-09-24,2023-06-02,True,,,,,,,DepMap,,,0.0,0.0
107536,1342,GIP,,2024-09-30,2023-06-02,True,,,,,,,DepMap,,,0.0,0.0
111210,3754,APP,,2021-11-16,2021-05-05,False,,,,,,,DepMap,,,0.0,0.0
111209,3754,APP,,2021-11-16,2021-05-05,False,,,,,,,DepMap,,,0.0,0.0
84698,2867,BCR,,2021-05-25,2021-05-05,False,,,,,,,DepMap,,,0.0,0.0
127996,2867,BCR,,2021-12-06,2021-05-05,True,,,,,,,DepMap,,,0.0,0.0
124389,635,CALCRL,,2021-08-02,2021-05-05,True,,,,,,,DepMap,,,0.0,0.0
77127,635,CALCRL,,2022-03-22,2021-05-05,True,,,,,,,DepMap,,,0.0,0.0
139007,1679,ROCK2,,2021-03-03,2020-05-07,True,,,,,,,DepMap,,,0.0,0.0
152005,19782,GCGR,,2023-02-01,2022-05-05,True,,,,,,,DepMap,,,0.0,0.0
138765,17670,GM2A,,2020-11-19,2020-05-07,False,,,,,,,DepMap,,,0.0,0.0
149868,5349,NIF3L1,,2020-06-29,2020-05-07,False,,,,,,,DepMap,,,0.0,0.0
105339,5349,NIF3L1,,2022-09-23,2022-05-05,False,,,,,,,DepMap,,,0.0,0.0
77221,5349,NIF3L1,,2023-04-04,2022-05-05,False,,,,,,,DepMap,,,0.0,0.0
136232,1145,ANGPTL3,,2021-07-12,2021-05-05,False,,,,,,,DepMap,,,0.0,0.0
131747,2793,NR3C2,,2024-02-26,2023-06-02,True,,,,,,,DepMap,,,0.0,0.0
131748,2793,NR3C2,,2024-02-26,2023-06-02,True,,,,,,,DepMap,,,0.0,0.0
105292,4,PCSK9,,2021-02-16,2020-05-07,True,,,,,,,DepMap,,,0.0,0.0
82788,5961,HTRA3,,2020-12-03,2020-05-07,False,,,,,,,DepMap,,,0.0,0.0
82787,5961,HTRA3,,2021-12-16,2021-05-05,False,,,,,,,DepMap,,,0.0,0.0
82789,5961,HTRA3,,2020-12-03,2020-05-07,False,,,,,,,DepMap,,,0.0,0.0
94425,5961,HTRA3,,2020-12-03,2020-05-07,False,,,,,,,DepMap,,,0.0,0.0
111272,1845,PRKAR2B,,2021-09-07,2021-05-05,True,,,,,,,DepMap,,,0.0,0.0
111269,1845,PRKAR2B,,2021-09-07,2021-05-05,True,,,,,,,DepMap,,,0.0,0.0
111277,1845,PRKAR2B,,2021-09-07,2021-05-05,True,,,,,,,DepMap,,,0.0,0.0
111276,1845,PRKAR2B,,2021-09-07,2021-05-05,True,,,,,,,DepMap,,,0.0,0.0
111275,1845,PRKAR2B,,2021-09-07,2021-05-05,True,,,,,,,DepMap,,,0.0,0.0
111274,1845,PRKAR2B,,2021-09-07,2021-05-05,True,,,,,,,DepMap,,,0.0,0.0
120526,1845,PRKAR2B,,2022-02-01,2021-05-05,True,,,,,,,DepMap,,,0.0,0.0
111268,1845,PRKAR2B,,2021-09-07,2021-05-05,True,,,,,,,DepMap,,,0.0,0.0
111267,1845,PRKAR2B,,2021-09-07,2021-05-05,True,,,,,,,DepMap,,,0.0,0.0
111273,1845,PRKAR2B,,2021-09-07,2021-05-05,True,,,,,,,DepMap,,,0.0,0.0
111270,1845,PRKAR2B,,2021-09-07,2021-05-05,True,,,,,,,DepMap,,,0.0,0.0
111271,1845,PRKAR2B,,2021-09-07,2021-05-05,True,,,,,,,DepMap,,,0.0,0.0
111098,25389,GPM6B,,2021-12-30,2021-05-05,True,,,,,,,DepMap,,,0.0,0.0
114205,1845,PRKAR2B,,2021-11-12,2021-05-05,True,,,,,,,DepMap,,,0.0,0.0
114204,1845,PRKAR2B,,2021-11-12,2021-05-05,True,,,,,,,DepMap,,,0.0,0.0
114203,1845,PRKAR2B,,2021-11-12,2021-05-05,True,,,,,,,DepMap,,,0.0,0.0
114202,1845,PRKAR2B,,2021-11-12,2021-05-05,True,,,,,,,DepMap,,,0.0,0.0
101087,25389,GPM6B,,2022-04-19,2021-05-05,True,,,,,,,DepMap,,,0.0,0.0
147338,25389,GPM6B,,2022-01-28,2021-05-05,True,,,,,,,DepMap,,,0.0,0.0
139352,3625,MET,,2021-01-28,2020-05-07,True,,,,,,,DepMap,,,0.0,0.0
125675,6509,DRD1,,2021-09-09,2021-05-05,True,,,,,,,DepMap,,,0.0,0.0
152368,17900,TNFRSF17,,2022-10-20,2022-05-05,False,,,,,,,DepMap,,,0.0,0.0
88274,152,NBEAL1,,2024-07-08,2023-06-02,True,,,,,,,DepMap,,,0.0,0.0
151275,3625,MET,,2020-11-11,2020-05-07,True,,,,,,,DepMap,,,0.0,0.0
124042,22324,CALCB,,2020-12-23,2020-05-07,False,,,,,,,DepMap,,,0.0,0.0
141524,21398,AMY1B,,2022-12-09,2022-05-05,True,,,,,,,DepMap,,,0.0,0.0
143581,2736,RET,,2020-07-24,2020-05-07,True,,,,,,,DepMap,,,0.0,0.0
88232,2736,RET,,2021-01-13,2020-05-07,True,,,,,,,DepMap,,,0.0,0.0
143570,2736,RET,,2020-07-24,2020-05-07,True,,,,,,,DepMap,,,0.0,0.0
143571,2736,RET,,2020-07-24,2020-05-07,True,,,,,,,DepMap,,,0.0,0.0
143572,2736,RET,,2020-07-24,2020-05-07,True,,,,,,,DepMap,,,0.0,0.0
143573,2736,RET,,2020-07-24,2020-05-07,True,,,,,,,DepMap,,,0.0,0.0
143574,2736,RET,,2020-07-24,2020-05-07,True,,,,,,,DepMap,,,0.0,0.0
143575,2736,RET,,2020-07-24,2020-05-07,True,,,,,,,DepMap,,,0.0,0.0
143576,2736,RET,,2020-07-24,2020-05-07,True,,,,,,,DepMap,,,0.0,0.0
143577,2736,RET,,2020-07-24,2020-05-07,True,,,,,,,DepMap,,,0.0,0.0
143578,2736,RET,,2020-07-24,2020-05-07,True,,,,,,,DepMap,,,0.0,0.0
143579,2736,RET,,2020-07-24,2020-05-07,True,,,,,,,DepMap,,,0.0,0.0
143580,2736,RET,,2020-07-24,2020-05-07,True,,,,,,,DepMap,,,0.0,0.0
143582,2736,RET,,2020-07-24,2020-05-07,True,,,,,,,DepMap,,,0.0,0.0
143583,2736,RET,,2020-07-24,2020-05-07,True,,,,,,,DepMap,,,0.0,0.0
152780,2736,RET,,2023-11-30,2023-06-02,True,,,,,,,DepMap,,,0.0,0.0
127673,6142,AREL1,,2020-08-19,2020-05-07,True,,,,,,,DepMap,,,0.0,0.0
112501,3581,MYH7,,2023-11-14,2023-06-02,True,,,,,,,DepMap,,,0.0,0.0
81543,59,EDNRA,,2023-07-20,2023-06-02,True,,,,,,,DepMap,,,0.0,0.0
81542,59,EDNRA,,2023-07-20,2023-06-02,True,,,,,,,DepMap,,,0.0,0.0
110710,4452,CTSC,,2021-11-30,2021-05-05,True,,,,,,,DepMap,,,0.0,0.0
123763,2069,BTK,,2021-12-12,2021-05-05,True,,,,,,,DepMap,,,0.0,0.0
110727,5590,SCN10A,,2022-12-20,2022-05-05,True,,,,,,,DepMap,,,0.0,0.0
148911,1556,CD274,,2021-12-08,2021-05-05,True,,,,,,,DepMap,,,0.0,0.0
132495,3754,APP,,2020-11-23,2020-05-07,True,,,,,,,DepMap,,,0.0,0.0
132496,3754,APP,,2020-11-23,2020-05-07,True,,,,,,,DepMap,,,0.0,0.0
132497,3754,APP,,2020-11-23,2020-05-07,True,,,,,,,DepMap,,,0.0,0.0
132494,3754,APP,,2020-11-23,2020-05-07,True,,,,,,,DepMap,,,0.0,0.0
421772,69,PDE4C,,2020-09-22,2020-05-07,True,,,,,,,DepMap,,,0.0,0.0
91011,69,PDE4C,,2023-03-06,2022-05-05,True,,,,,,,DepMap,,,0.0,0.0
113876,69,PDE4C,,2020-09-22,2020-05-07,True,,,,,,,DepMap,,,0.0,0.0
267824,69,PDE4C,,2020-09-22,2020-05-07,True,,,,,,,DepMap,,,0.0,0.0
190850,69,PDE4C,,2020-09-22,2020-05-07,True,,,,,,,DepMap,,,0.0,0.0
81625,106,APOC3,,2020-11-18,2020-05-07,True,,,,,,,DepMap,,,0.0,0.0
128613,1419,PDCD1,,2023-11-08,2023-06-02,True,,,,,,,DepMap,,,0.0,0.0
110768,1419,PDCD1,,2021-11-16,2021-05-05,True,,,,,,,DepMap,,,0.0,0.0
128614,1419,PDCD1,,2023-11-08,2023-06-02,True,,,,,,,DepMap,,,0.0,0.0
110767,1419,PDCD1,,2021-11-16,2021-05-05,True,,,,,,,DepMap,,,0.0,0.0
134064,1419,PDCD1,,2021-08-20,2021-05-05,True,,,,,,,DepMap,,,0.0,0.0
110769,1419,PDCD1,,2021-11-16,2021-05-05,True,,,,,,,DepMap,,,0.0,0.0
144372,4876,BRAF,,2021-07-15,2021-05-05,True,,,,,,,DepMap,,,0.0,0.0
144373,4876,BRAF,,2021-07-15,2021-05-05,True,,,,,,,DepMap,,,0.0,0.0
144376,4876,BRAF,,2021-07-15,2021-05-05,True,,,,,,,DepMap,,,0.0,0.0
144377,4876,BRAF,,2021-07-15,2021-05-05,True,,,,,,,DepMap,,,0.0,0.0
144375,4876,BRAF,,2021-07-15,2021-05-05,True,,,,,,,DepMap,,,0.0,0.0
144374,4876,BRAF,,2021-07-15,2021-05-05,True,,,,,,,DepMap,,,0.0,0.0
144378,4876,BRAF,,2021-07-15,2021-05-05,True,,,,,,,DepMap,,,0.0,0.0
144379,4876,BRAF,,2021-07-15,2021-05-05,True,,,,,,,DepMap,,,0.0,0.0
144371,4876,BRAF,,2021-07-15,2021-05-05,True,,,,,,,DepMap,,,0.0,0.0
144370,4876,BRAF,,2021-07-15,2021-05-05,True,,,,,,,DepMap,,,0.0,0.0
144368,4876,BRAF,,2021-07-15,2021-05-05,True,,,,,,,DepMap,,,0.0,0.0
144369,4876,BRAF,,2021-07-15,2021-05-05,True,,,,,,,DepMap,,,0.0,0.0
115041,4188,EGLN1,,2021-06-18,2021-05-05,True,,,,,,,DepMap,,,0.0,0.0
77813,17900,TNFRSF17,,2021-10-07,2021-05-05,True,,,,,,,DepMap,,,0.0,0.0
94614,21395,AMY1C,,2020-12-25,2020-05-07,True,,,,,,,DepMap,,,0.0,0.0
120925,21395,AMY1C,,2020-07-29,2020-05-07,True,,,,,,,DepMap,,,0.0,0.0
101680,4743,AQP5,,2021-11-17,2021-05-05,True,,,,,,,DepMap,,,0.0,0.0
97590,104,FLT1,,2020-08-12,2020-05-07,True,,,,,,,DepMap,,,0.0,0.0
97589,104,FLT1,,2020-08-12,2020-05-07,True,,,,,,,DepMap,,,0.0,0.0
89069,20968,FNTA,,2022-01-17,2021-05-05,True,,,,,,,DepMap,,,1.0,1.0
122102,3678,LDHA,,2022-02-22,2021-05-05,True,,,,,,,DepMap,,,0.0,1.0
122105,3678,LDHA,,2022-02-22,2021-05-05,True,,,,,,,DepMap,,,0.0,1.0
122104,3678,LDHA,,2022-02-22,2021-05-05,True,,,,,,,DepMap,,,0.0,1.0
122103,3678,LDHA,,2022-02-22,2021-05-05,True,,,,,,,DepMap,,,0.0,1.0
110799,72648,F,,2022-08-08,2022-05-05,True,,,,,,,DepMap,,,0.0,0.0
128516,72648,F,,2020-08-19,2020-05-07,True,,,,,,,DepMap,,,0.0,0.0
132623,72648,F,,2021-11-24,2021-05-05,True,,,,,,,DepMap,,,0.0,0.0
110798,72648,F,,2022-08-08,2022-05-05,True,,,,,,,DepMap,,,0.0,0.0
95990,1419,PDCD1,,2020-09-11,2020-05-07,True,,,,,,,DepMap,,,0.0,0.0
95989,1419,PDCD1,,2020-09-11,2020-05-07,True,,,,,,,DepMap,,,0.0,0.0
150554,1419,PDCD1,,2023-03-01,2022-05-05,True,,,,,,,DepMap,,,0.0,0.0
145999,1419,PDCD1,,2021-03-17,2020-05-07,True,,,,,,,DepMap,,,0.0,0.0
135681,1419,PDCD1,,2021-07-08,2021-05-05,True,,,,,,,DepMap,,,0.0,0.0
150543,1419,PDCD1,,2020-07-31,2020-05-07,True,,,,,,,DepMap,,,0.0,0.0
150555,1419,PDCD1,,2023-03-01,2022-05-05,True,,,,,,,DepMap,,,0.0,0.0
150553,1419,PDCD1,,2023-03-01,2022-05-05,True,,,,,,,DepMap,,,0.0,0.0
146000,1419,PDCD1,,2021-03-17,2020-05-07,True,,,,,,,DepMap,,,0.0,0.0
134209,6298,JAK3,,2022-12-01,2022-05-05,True,,,,,,,DepMap,,,0.0,0.0
134210,6298,JAK3,,2022-12-01,2022-05-05,True,,,,,,,DepMap,,,0.0,0.0
95442,19102,ALDH1B1,,2023-05-19,2022-05-05,True,,,,,,,DepMap,,,0.0,0.0
126893,2793,NR3C2,,2022-03-21,2021-05-05,True,,,,,,,DepMap,,,0.0,0.0
138172,2258,TYK2,,2022-11-08,2022-05-05,True,,,,,,,DepMap,,,0.0,0.0
134526,222,VEGFA,,2021-03-02,2020-05-07,True,,,,,,,DepMap,,,0.0,0.0
126899,222,VEGFA,,2021-03-02,2020-05-07,True,,,,,,,DepMap,,,0.0,0.0
101554,222,VEGFA,,2024-03-06,2023-06-02,True,,,,,,,DepMap,,,0.0,0.0
126900,222,VEGFA,,2021-03-02,2020-05-07,True,,,,,,,DepMap,,,0.0,0.0
126901,222,VEGFA,,2021-03-02,2020-05-07,True,,,,,,,DepMap,,,0.0,0.0
143131,1849,FGFR2,,2021-01-07,2020-05-07,True,,,,,,,DepMap,,,0.0,0.0
135663,1849,FGFR2,,2020-08-05,2020-05-07,True,,,,,,,DepMap,,,0.0,0.0
135664,1849,FGFR2,,2020-08-05,2020-05-07,True,,,,,,,DepMap,,,0.0,0.0
135665,1849,FGFR2,,2020-08-05,2020-05-07,True,,,,,,,DepMap,,,0.0,0.0
107978,5735,CCNL2,,2022-04-01,2021-05-05,True,,,,,,,DepMap,,,0.0,0.0
99464,5735,CCNL2,,2020-12-09,2020-05-07,True,,,,,,,DepMap,,,0.0,0.0
153086,5735,CCNL2,,2024-03-01,2023-06-02,True,,,,,,,DepMap,,,0.0,0.0
101538,4179,MYL4,,2021-03-30,2020-05-07,True,,,,,,,DepMap,,,0.0,0.0
130815,6805,FOLR1,,2021-10-19,2021-05-05,True,,,,,,,DepMap,,,0.0,0.0
123838,1432,LAG3,,2021-02-17,2020-05-07,True,,,,,,,DepMap,,,0.0,0.0
123839,1432,LAG3,,2021-02-17,2020-05-07,True,,,,,,,DepMap,,,0.0,0.0
123840,1432,LAG3,,2021-02-17,2020-05-07,True,,,,,,,DepMap,,,0.0,0.0
135963,19310,DKC1,,2021-11-09,2021-05-05,True,,,,,,,DepMap,,,1.0,1.0
103274,174,C1S,,2021-11-11,2021-05-05,True,,,,,,,DepMap,,,0.0,0.0
115609,1342,GIP,,2023-02-05,2022-05-05,True,,,,,,,DepMap,,,0.0,0.0
145829,1342,GIP,,2024-06-27,2023-06-02,True,,,,,,,DepMap,,,0.0,0.0
115607,1342,GIP,,2023-02-05,2022-05-05,True,,,,,,,DepMap,,,0.0,0.0
115608,1342,GIP,,2023-02-05,2022-05-05,True,,,,,,,DepMap,,,0.0,0.0
129060,1342,GIP,,2025-02-24,2023-06-02,True,,,,,,,DepMap,,,0.0,0.0
80529,1342,GIP,,2023-11-27,2023-06-02,True,,,,,,,DepMap,,,0.0,0.0
101567,1342,GIP,,2021-09-01,2021-05-05,True,,,,,,,DepMap,,,0.0,0.0
115606,1342,GIP,,2023-02-05,2022-05-05,True,,,,,,,DepMap,,,0.0,0.0
115610,1342,GIP,,2023-02-05,2022-05-05,True,,,,,,,DepMap,,,0.0,0.0
149086,3625,MET,,2021-08-30,2021-05-05,False,,,,,,,DepMap,,,0.0,0.0
142206,3625,MET,,2022-12-08,2022-05-05,False,,,,,,,DepMap,,,0.0,0.0
149087,3625,MET,,2021-08-30,2021-05-05,False,,,,,,,DepMap,,,0.0,0.0
112783,4,PCSK9,,2021-01-27,2020-05-07,True,,,,,,,DepMap,,,0.0,0.0
120976,4,PCSK9,,2022-06-20,2022-05-05,True,,,,,,,DepMap,,,0.0,0.0
120977,4,PCSK9,,2022-06-20,2022-05-05,True,,,,,,,DepMap,,,0.0,0.0
142227,3258,CD19,,2021-11-04,2021-05-05,False,,,,,,,DepMap,,,0.0,0.0
142228,3258,CD19,,2021-11-04,2021-05-05,False,,,,,,,DepMap,,,0.0,0.0
121113,3795,CD44,,2021-09-09,2021-05-05,True,,,,,,,DepMap,,,0.0,0.0
89118,3795,CD44,,2023-01-10,2022-05-05,False,,,,,,,DepMap,,,0.0,0.0
134105,3795,CD44,,2021-07-08,2021-05-05,True,,,,,,,DepMap,,,0.0,0.0
121112,3795,CD44,,2021-09-09,2021-05-05,True,,,,,,,DepMap,,,0.0,0.0
151575,23516,DXO,,2020-11-30,2020-05-07,False,,,,,,,DepMap,,,0.0,0.0
89204,3795,CD44,,2020-07-08,2020-05-07,True,,,,,,,DepMap,,,0.0,0.0
128671,1514,TSLP,,2021-08-23,2021-05-05,False,,,,,,,DepMap,,,0.0,0.0
142062,19881,PPP3CA,,2023-10-10,2023-06-02,True,,,,,,,DepMap,,,0.0,0.0
142063,19881,PPP3CA,,2023-10-10,2023-06-02,True,,,,,,,DepMap,,,0.0,0.0
148603,3258,CD19,,2022-11-01,2022-05-05,True,,,,,,,DepMap,,,0.0,0.0
148601,3258,CD19,,2022-11-01,2022-05-05,True,,,,,,,DepMap,,,0.0,0.0
148604,3258,CD19,,2022-11-01,2022-05-05,True,,,,,,,DepMap,,,0.0,0.0
148602,3258,CD19,,2022-11-01,2022-05-05,True,,,,,,,DepMap,,,0.0,0.0
85757,22324,CALCB,,2021-02-17,2020-05-07,False,,,,,,,DepMap,,,0.0,0.0
103305,22324,CALCB,,2021-09-17,2021-05-05,False,,,,,,,DepMap,,,0.0,0.0
138141,5422,HAO1,,2022-01-27,2021-05-05,True,,,,,,,DepMap,,,0.0,0.0
139794,635,CALCRL,,2022-05-05,2022-05-05,True,,,,,,,DepMap,,,0.0,0.0
150944,872,TOP1,,2021-12-30,2021-05-05,True,,,,,,,DepMap,,,1.0,1.0
139394,872,TOP1,,2021-12-08,2021-05-05,True,,,,,,,DepMap,,,1.0,1.0
102408,77,IL6R,,2021-03-02,2020-05-07,False,,,,,,,DepMap,,,0.0,0.0
88295,4423,ANK1,,2022-03-08,2021-05-05,True,,,,,,,DepMap,,,0.0,0.0
89920,1933,EZH2,,2023-02-13,2022-05-05,True,,,,,,,DepMap,,,0.0,0.0
139739,1933,EZH2,,2020-12-15,2020-05-07,True,,,,,,,DepMap,,,0.0,0.0
88228,23516,DXO,,2021-01-13,2020-05-07,True,,,,,,,DepMap,,,0.0,0.0
115822,6210,MC1R,,2021-06-03,2021-05-05,True,,,,,,,DepMap,,,0.0,0.0
145265,2458,PIK3CA,,2021-07-22,2021-05-05,True,,,,,,,DepMap,,,0.0,0.0
131262,4423,ANK1,,2022-12-26,2022-05-05,True,,,,,,,DepMap,,,0.0,0.0
110388,4423,ANK1,,2021-05-10,2021-05-05,True,,,,,,,DepMap,,,0.0,0.0
140495,5735,CCNL2,,2020-12-18,2020-05-07,True,,,,,,,DepMap,,,0.0,0.0
140496,5735,CCNL2,,2020-12-18,2020-05-07,True,,,,,,,DepMap,,,0.0,0.0
152550,222,VEGFA,,2021-02-01,2020-05-07,True,,,,,,,DepMap,,,0.0,0.0
104624,6087,SCN11A,,2021-03-08,2020-05-07,True,,,,,,,DepMap,,,0.0,0.0
104625,6087,SCN11A,,2021-03-08,2020-05-07,True,,,,,,,DepMap,,,0.0,0.0
123571,259,TUBB,,2021-07-22,2021-05-05,False,,,,,,,DepMap,,,1.0,1.0
88221,5592,NTRK3,,2021-01-13,2020-05-07,True,,,,,,,DepMap,,,0.0,0.0
86299,872,TOP1,,2021-08-20,2021-05-05,False,,,,,,,DepMap,,,1.0,1.0
84319,32260,AMD1P2,,2022-04-12,2021-05-05,True,,,,,,,DepMap,,,0.0,0.0
81846,1155,IL23A,,2024-10-21,2023-06-02,True,,,,,,,DepMap,,,0.0,0.0
108618,4648,JAK1,,2020-07-14,2020-05-07,True,,,,,,,DepMap,,,0.0,0.0
152510,4648,JAK1,,2020-12-24,2020-05-07,True,,,,,,,DepMap,,,0.0,0.0
133121,2069,BTK,,2020-12-22,2020-05-07,True,,,,,,,DepMap,,,0.0,0.0
101774,2069,BTK,,2021-08-11,2021-05-05,True,,,,,,,DepMap,,,0.0,0.0
141543,4783,MAP2K1,,2020-08-03,2020-05-07,True,,,,,,,DepMap,,,0.0,0.0
93253,23470,ACRV1,,2022-07-28,2022-05-05,False,,,,,,,DepMap,,,0.0,0.0
110573,1419,PDCD1,,2021-05-19,2021-05-05,True,,,,,,,DepMap,,,0.0,0.0
110574,1419,PDCD1,,2021-05-19,2021-05-05,True,,,,,,,DepMap,,,0.0,0.0
110575,1419,PDCD1,,2021-05-19,2021-05-05,True,,,,,,,DepMap,,,0.0,0.0
96664,5594,GNRHR,,2023-09-14,2023-06-02,True,,,,,,,DepMap,,,0.0,0.0
137721,5594,GNRHR,,2021-01-29,2020-05-07,True,,,,,,,DepMap,,,0.0,0.0
127358,1614,IFNG,,2021-12-15,2021-05-05,True,,,,,,,DepMap,,,0.0,0.0
127357,1614,IFNG,,2021-12-15,2021-05-05,True,,,,,,,DepMap,,,0.0,0.0
127355,1614,IFNG,,2021-12-15,2021-05-05,True,,,,,,,DepMap,,,0.0,0.0
127356,1614,IFNG,,2021-12-15,2021-05-05,True,,,,,,,DepMap,,,0.0,0.0
127359,1614,IFNG,,2021-12-15,2021-05-05,True,,,,,,,DepMap,,,0.0,0.0
127360,1614,IFNG,,2021-12-15,2021-05-05,True,,,,,,,DepMap,,,0.0,0.0
141544,4876,BRAF,,2020-08-03,2020-05-07,True,,,,,,,DepMap,,,0.0,0.0
114190,1906,SYK,,2021-03-25,2020-05-07,True,,,,,,,DepMap,,,0.0,0.0
114194,1906,SYK,,2021-03-25,2020-05-07,True,,,,,,,DepMap,,,0.0,0.0
114189,1906,SYK,,2021-03-25,2020-05-07,True,,,,,,,DepMap,,,0.0,0.0
114193,1906,SYK,,2021-03-25,2020-05-07,True,,,,,,,DepMap,,,0.0,0.0
114192,1906,SYK,,2021-03-25,2020-05-07,True,,,,,,,DepMap,,,0.0,0.0
114191,1906,SYK,,2021-03-25,2020-05-07,True,,,,,,,DepMap,,,0.0,0.0
151738,22324,CALCB,,2020-10-15,2020-05-07,True,,,,,,,DepMap,,,0.0,0.0
137743,247,C5,,2020-05-10,2020-05-07,True,,,,,,,DepMap,,,0.0,0.0
140500,247,C5,,2022-10-06,2022-05-05,True,,,,,,,DepMap,,,0.0,0.0
149247,247,C5,,2020-12-18,2020-05-07,True,,,,,,,DepMap,,,0.0,0.0
137742,247,C5,,2020-05-10,2020-05-07,True,,,,,,,DepMap,,,0.0,0.0
149248,247,C5,,2020-12-18,2020-05-07,True,,,,,,,DepMap,,,0.0,0.0
137745,247,C5,,2020-05-10,2020-05-07,True,,,,,,,DepMap,,,0.0,0.0
137744,247,C5,,2020-05-10,2020-05-07,True,,,,,,,DepMap,,,0.0,0.0
143225,3258,CD19,,2020-06-05,2020-05-07,True,,,,,,,DepMap,,,0.0,0.0
151463,2069,BTK,,2025-06-30,2023-06-02,True,,,,,,,DepMap,,,0.0,0.0
103836,18772,DPYSL3,,2022-04-29,2021-05-05,True,,,,,,,DepMap,,,0.0,0.0
146590,18772,DPYSL3,,2020-05-14,2020-05-07,True,,,,,,,DepMap,,,0.0,0.0
146591,18772,DPYSL3,,2020-05-14,2020-05-07,True,,,,,,,DepMap,,,0.0,0.0
118947,6142,AREL1,,2023-01-28,2022-05-05,True,,,,,,,DepMap,,,0.0,0.0
92575,635,CALCRL,,2020-10-22,2020-05-07,True,,,,,,,DepMap,,,0.0,0.0
114501,2936,KIT,,2020-11-25,2020-05-07,True,,,,,,,DepMap,,,0.0,0.0
139256,872,TOP1,,2021-12-14,2021-05-05,True,,,,,,,DepMap,,,1.0,1.0
131966,872,TOP1,,2021-01-13,2020-05-07,True,,,,,,,DepMap,,,1.0,1.0
141122,872,TOP1,,2022-04-29,2021-05-05,False,,,,,,,DepMap,,,1.0,1.0
141123,872,TOP1,,2022-04-29,2021-05-05,False,,,,,,,DepMap,,,1.0,1.0
92591,4783,MAP2K1,,2020-08-31,2020-05-07,True,,,,,,,DepMap,,,0.0,0.0
149992,4783,MAP2K1,,2023-08-31,2023-06-02,True,,,,,,,DepMap,,,0.0,0.0
149991,4783,MAP2K1,,2023-08-31,2023-06-02,True,,,,,,,DepMap,,,0.0,0.0
88296,4423,ANK1,,2022-03-08,2021-05-05,True,,,,,,,DepMap,,,0.0,0.0
88298,4423,ANK1,,2022-03-08,2021-05-05,True,,,,,,,DepMap,,,0.0,0.0
88297,4423,ANK1,,2022-03-08,2021-05-05,True,,,,,,,DepMap,,,0.0,0.0
142743,3258,CD19,,2022-04-15,2021-05-05,False,,,,,,,DepMap,,,0.0,0.0
122403,23516,DXO,,2020-12-01,2020-05-07,True,,,,,,,DepMap,,,0.0,0.0
150187,222,VEGFA,,2021-05-31,2021-05-05,True,,,,,,,DepMap,,,0.0,0.0
84820,213,VWF,,2022-11-21,2022-05-05,True,,,,,,,DepMap,,,0.0,0.0
141128,259,TUBB,,2022-04-29,2021-05-05,False,,,,,,,DepMap,,,1.0,1.0
141129,259,TUBB,,2022-04-29,2021-05-05,False,,,,,,,DepMap,,,1.0,1.0
122404,872,TOP1,,2020-12-01,2020-05-07,False,,,,,,,DepMap,,,1.0,1.0
141127,872,TOP1,,2022-04-29,2021-05-05,True,,,,,,,DepMap,,,1.0,1.0
141126,872,TOP1,,2022-04-29,2021-05-05,True,,,,,,,DepMap,,,1.0,1.0
118913,72674,pbp2,,2022-07-31,2022-05-05,True,,,,,,,DepMap,,,0.0,0.0
94333,1822,SNAP25,,2022-03-30,2021-05-05,False,,,,,,,DepMap,,,0.0,0.0
130875,1822,SNAP25,,2021-03-01,2020-05-07,False,,,,,,,DepMap,,,0.0,0.0
129835,1822,SNAP25,,2020-08-12,2020-05-07,False,,,,,,,DepMap,,,0.0,0.0
92431,1082,SOST,,2021-10-21,2021-05-05,True,,,,,,,DepMap,,,0.0,0.0
144850,19219,XPO1,,2021-06-29,2021-05-05,True,,,,,,,DepMap,,,1.0,1.0
131725,2301,BCHE,,2022-09-19,2022-05-05,False,,,,,,,DepMap,,,0.0,0.0
150073,4648,JAK1,,2024-05-23,2023-06-02,True,,,,,,,DepMap,,,0.0,0.0
77370,2069,BTK,,2020-07-06,2020-05-07,True,,,,,,,DepMap,,,0.0,0.0
77371,2069,BTK,,2020-07-06,2020-05-07,True,,,,,,,DepMap,,,0.0,0.0
101775,2069,BTK,,2021-08-11,2021-05-05,True,,,,,,,DepMap,,,0.0,0.0
90576,7096,MPL,,2021-03-05,2020-05-07,True,,,,,,,DepMap,,,0.0,0.0
136219,23470,ACRV1,,2021-05-19,2021-05-05,False,,,,,,,DepMap,,,0.0,0.0
96179,23470,ACRV1,,2020-09-23,2020-05-07,True,,,,,,,DepMap,,,0.0,0.0
146472,23470,ACRV1,,2023-11-22,2023-06-02,True,,,,,,,DepMap,,,0.0,0.0
136221,23470,ACRV1,,2021-05-19,2021-05-05,False,,,,,,,DepMap,,,0.0,0.0
136220,23470,ACRV1,,2021-05-19,2021-05-05,False,,,,,,,DepMap,,,0.0,0.0
129713,1419,PDCD1,,2021-06-28,2021-05-05,True,,,,,,,DepMap,,,0.0,0.0
94467,142,NGF,,2022-01-27,2021-05-05,True,,,,,,,DepMap,,,0.0,0.0
395396,22324,CALCB,,2020-09-16,2020-05-07,True,,,,,,,DepMap,,,0.0,0.0
87500,22324,CALCB,,2020-09-16,2020-05-07,True,,,,,,,DepMap,,,0.0,0.0
241448,22324,CALCB,,2020-09-16,2020-05-07,True,,,,,,,DepMap,,,0.0,0.0
118936,5440,SMO,,2021-05-17,2021-05-05,True,,,,,,,DepMap,,,0.0,0.0
118935,5440,SMO,,2021-05-17,2021-05-05,True,,,,,,,DepMap,,,0.0,0.0
118934,5440,SMO,,2021-05-17,2021-05-05,True,,,,,,,DepMap,,,0.0,0.0
92781,1223,KLKB1,,2020-11-24,2020-05-07,True,,,,,,,DepMap,,,0.0,0.0
96386,1223,KLKB1,,2021-02-05,2020-05-07,True,,,,,,,DepMap,,,0.0,0.0
141117,4849,ALK,,2022-04-29,2021-05-05,True,,,,,,,DepMap,,,0.0,0.0
141116,4849,ALK,,2022-04-29,2021-05-05,True,,,,,,,DepMap,,,0.0,0.0
142936,17970,HTR4,,2021-07-13,2021-05-05,True,,,,,,,DepMap,,,0.0,0.0
140675,247,C5,,2021-01-19,2020-05-07,True,,,,,,,DepMap,,,0.0,0.0
138695,247,C5,,2021-12-06,2021-05-05,True,,,,,,,DepMap,,,0.0,0.0
81150,247,C5,,2021-01-25,2020-05-07,True,,,,,,,DepMap,,,0.0,0.0
140674,247,C5,,2021-01-19,2020-05-07,True,,,,,,,DepMap,,,0.0,0.0
79199,247,C5,,2023-04-06,2022-05-05,True,,,,,,,DepMap,,,0.0,0.0
79202,247,C5,,2023-04-06,2022-05-05,True,,,,,,,DepMap,,,0.0,0.0
79201,247,C5,,2023-04-06,2022-05-05,True,,,,,,,DepMap,,,0.0,0.0
79200,247,C5,,2023-04-06,2022-05-05,True,,,,,,,DepMap,,,0.0,0.0
141120,1885,PARP1,,2022-04-29,2021-05-05,True,,,,,,,DepMap,,,0.0,0.0
141121,1885,PARP1,,2022-04-29,2021-05-05,True,,,,,,,DepMap,,,0.0,0.0
114781,1155,IL23A,,2021-05-13,2021-05-05,True,,,,,,,DepMap,,,0.0,0.0
114780,1155,IL23A,,2021-05-13,2021-05-05,True,,,,,,,DepMap,,,0.0,0.0
86814,3258,CD19,,2022-08-09,2022-05-05,True,,,,,,,DepMap,,,0.0,0.0
149854,3258,CD19,,2021-11-30,2021-05-05,True,,,,,,,DepMap,,,0.0,0.0
136977,5203,CDK4,,2021-05-10,2021-05-05,True,,,,,,,DepMap,,,0.0,1.0
77181,2069,BTK,,2020-06-12,2020-05-07,True,,,,,,,DepMap,,,0.0,0.0
144538,1556,CD274,,2021-06-04,2021-05-05,True,,,,,,,DepMap,,,0.0,0.0
144539,1556,CD274,,2021-06-04,2021-05-05,True,,,,,,,DepMap,,,0.0,0.0
144537,1556,CD274,,2021-06-04,2021-05-05,True,,,,,,,DepMap,,,0.0,0.0
144535,1556,CD274,,2021-06-04,2021-05-05,True,,,,,,,DepMap,,,0.0,0.0
144536,1556,CD274,,2021-06-04,2021-05-05,True,,,,,,,DepMap,,,0.0,0.0
144842,6665,IL5RA,,2021-03-31,2020-05-07,True,,,,,,,DepMap,,,0.0,0.0
148244,6665,IL5RA,,2020-09-22,2020-05-07,True,,,,,,,DepMap,,,0.0,0.0
140985,6665,IL5RA,,2020-11-12,2020-05-07,True,,,,,,,DepMap,,,0.0,0.0
151325,1556,CD274,,2024-08-16,2023-06-02,True,,,,,,,DepMap,,,0.0,0.0
127721,1556,CD274,,2022-04-07,2021-05-05,True,,,,,,,DepMap,,,0.0,0.0
127722,1556,CD274,,2022-04-07,2021-05-05,True,,,,,,,DepMap,,,0.0,0.0
147070,6665,IL5RA,,2022-01-18,2021-05-05,True,,,,,,,DepMap,,,0.0,0.0
100719,6665,IL5RA,,2021-01-26,2020-05-07,True,,,,,,,DepMap,,,0.0,0.0
147069,6665,IL5RA,,2022-01-18,2021-05-05,True,,,,,,,DepMap,,,0.0,0.0
143365,6665,IL5RA,,2020-10-27,2020-05-07,True,,,,,,,DepMap,,,0.0,0.0
141682,6665,IL5RA,,2021-07-21,2021-05-05,True,,,,,,,DepMap,,,0.0,0.0
110427,5222,IL4R,,2022-05-19,2022-05-05,False,,,,,,,DepMap,,,0.0,0.0
98556,5222,IL4R,,2022-08-25,2022-05-05,True,,,,,,,DepMap,,,0.0,0.0
131231,5222,IL4R,,2020-09-01,2020-05-07,True,,,,,,,DepMap,,,0.0,0.0
96644,2406,MAT1A,,2020-12-16,2020-05-07,True,,,,,,,DepMap,,,0.0,0.0
112050,2406,MAT1A,,2023-07-21,2023-06-02,True,,,,,,,DepMap,,,0.0,0.0
141433,1155,IL23A,,2020-12-10,2020-05-07,True,,,,,,,DepMap,,,0.0,0.0
138140,5422,HAO1,,2022-01-27,2021-05-05,True,,,,,,,DepMap,,,0.0,0.0
135680,18772,DPYSL3,,2021-07-08,2021-05-05,True,,,,,,,DepMap,,,0.0,0.0
138050,18772,DPYSL3,,2022-05-20,2022-05-05,True,,,,,,,DepMap,,,0.0,0.0
138051,18772,DPYSL3,,2022-05-20,2022-05-05,True,,,,,,,DepMap,,,0.0,0.0
142027,77,IL6R,,2021-10-19,2021-05-05,False,,,,,,,DepMap,,,0.0,0.0
97717,4423,ANK1,,2021-06-07,2021-05-05,True,,,,,,,DepMap,,,0.0,0.0
134267,1933,EZH2,,2022-07-29,2022-05-05,True,,,,,,,DepMap,,,0.0,0.0
113583,18572,MS4A2,,2023-12-21,2023-06-02,True,,,,,,,DepMap,,,0.0,0.0
146200,2458,PIK3CA,,2020-06-08,2020-05-07,True,,,,,,,DepMap,,,0.0,0.0
140408,2458,PIK3CA,,2022-03-08,2021-05-05,True,,,,,,,DepMap,,,0.0,0.0
105910,5735,CCNL2,,2023-05-10,2022-05-05,True,,,,,,,DepMap,,,0.0,0.0
109956,222,VEGFA,,2020-12-16,2020-05-07,True,,,,,,,DepMap,,,0.0,0.0
99522,26065,APBB1,,2020-11-06,2020-05-07,True,,,,,,,DepMap,,,0.0,0.0
128713,26208,DRG2,,2021-03-15,2020-05-07,True,,,,,,,DepMap,,,0.0,0.0
123853,32260,AMD1P2,,2022-08-19,2022-05-05,True,,,,,,,DepMap,,,0.0,0.0
123854,32260,AMD1P2,,2022-08-19,2022-05-05,True,,,,,,,DepMap,,,0.0,0.0
87392,1822,SNAP25,,2021-03-29,2020-05-07,False,,,,,,,DepMap,,,0.0,0.0
103110,1155,IL23A,,2020-07-20,2020-05-07,True,,,,,,,DepMap,,,0.0,0.0
138118,19219,XPO1,,2021-05-12,2021-05-05,True,,,,,,,DepMap,,,1.0,1.0
118245,4648,JAK1,,2021-06-30,2021-05-05,True,,,,,,,DepMap,,,0.0,0.0
83703,4648,JAK1,,2020-06-12,2020-05-07,True,,,,,,,DepMap,,,0.0,0.0
138461,4648,JAK1,,2021-12-21,2021-05-05,True,,,,,,,DepMap,,,0.0,0.0
81430,23470,ACRV1,,2021-05-31,2021-05-05,False,,,,,,,DepMap,,,0.0,0.0
122146,23470,ACRV1,,2023-01-09,2022-05-05,False,,,,,,,DepMap,,,0.0,0.0
135861,23470,ACRV1,,2022-10-31,2022-05-05,False,,,,,,,DepMap,,,0.0,0.0
141171,23470,ACRV1,,2020-08-18,2020-05-07,False,,,,,,,DepMap,,,0.0,0.0
140018,1419,PDCD1,,2021-11-30,2021-05-05,True,,,,,,,DepMap,,,0.0,0.0
151650,1419,PDCD1,,2020-11-15,2020-05-07,True,,,,,,,DepMap,,,0.0,0.0
140016,1419,PDCD1,,2021-11-30,2021-05-05,True,,,,,,,DepMap,,,0.0,0.0
140017,1419,PDCD1,,2021-11-30,2021-05-05,True,,,,,,,DepMap,,,0.0,0.0
122907,142,NGF,,2022-01-19,2021-05-05,False,,,,,,,DepMap,,,0.0,0.0
146239,1614,IFNG,,2021-05-25,2021-05-05,True,,,,,,,DepMap,,,0.0,0.0
85589,4876,BRAF,,2021-09-14,2021-05-05,True,,,,,,,DepMap,,,0.0,0.0
85588,4876,BRAF,,2021-09-14,2021-05-05,True,,,,,,,DepMap,,,0.0,0.0
472370,22324,CALCB,,2020-09-16,2020-05-07,True,,,,,,,DepMap,,,0.0,0.0
164474,22324,CALCB,,2020-09-16,2020-05-07,True,,,,,,,DepMap,,,0.0,0.0
318422,22324,CALCB,,2020-09-16,2020-05-07,True,,,,,,,DepMap,,,0.0,0.0
101682,1223,KLKB1,,2022-06-22,2022-05-05,True,,,,,,,DepMap,,,0.0,0.0
85558,247,C5,,2020-12-07,2020-05-07,True,,,,,,,DepMap,,,0.0,0.0
134764,5203,CDK4,,2021-01-20,2020-05-07,True,,,,,,,DepMap,,,0.0,1.0
142254,6274,DLD,,2022-12-07,2022-05-05,True,,,,,,,DepMap,,,0.0,0.0
151628,2406,MAT1A,,2024-05-01,2023-06-02,True,,,,,,,DepMap,,,0.0,0.0
135620,2406,MAT1A,,2023-05-13,2022-05-05,True,,,,,,,DepMap,,,0.0,0.0
87301,2406,MAT1A,,2020-08-04,2020-05-07,True,,,,,,,DepMap,,,0.0,0.0
135621,2406,MAT1A,,2023-05-13,2022-05-05,True,,,,,,,DepMap,,,0.0,0.0
135622,2406,MAT1A,,2023-05-13,2022-05-05,True,,,,,,,DepMap,,,0.0,0.0
135625,2406,MAT1A,,2023-05-13,2022-05-05,True,,,,,,,DepMap,,,0.0,0.0
89538,2406,MAT1A,,2020-08-24,2020-05-07,True,,,,,,,DepMap,,,0.0,0.0
135623,2406,MAT1A,,2023-05-13,2022-05-05,True,,,,,,,DepMap,,,0.0,0.0
135624,2406,MAT1A,,2023-05-13,2022-05-05,True,,,,,,,DepMap,,,0.0,0.0
97862,1155,IL23A,,2022-07-13,2022-05-05,True,,,,,,,DepMap,,,0.0,0.0
97863,1155,IL23A,,2022-07-13,2022-05-05,True,,,,,,,DepMap,,,0.0,0.0
85679,5965,LTB4R,,2021-11-16,2021-05-05,True,,,,,,,DepMap,,,0.0,0.0
148653,4536,APAF1,,2020-11-06,2020-05-07,True,,,,,,,DepMap,,,0.0,0.0
111881,23516,DXO,,2020-06-30,2020-05-07,True,,,,,,,DepMap,,,0.0,0.0
139974,4715,PARP2,,2022-03-15,2021-05-05,True,,,,,,,DepMap,,,0.0,0.0
139965,4715,PARP2,,2022-03-15,2021-05-05,True,,,,,,,DepMap,,,0.0,0.0
139970,4715,PARP2,,2022-03-15,2021-05-05,True,,,,,,,DepMap,,,0.0,0.0
139964,4715,PARP2,,2022-03-15,2021-05-05,True,,,,,,,DepMap,,,0.0,0.0
139971,4715,PARP2,,2022-03-15,2021-05-05,True,,,,,,,DepMap,,,0.0,0.0
139972,4715,PARP2,,2022-03-15,2021-05-05,True,,,,,,,DepMap,,,0.0,0.0
139967,4715,PARP2,,2022-03-15,2021-05-05,True,,,,,,,DepMap,,,0.0,0.0
139973,4715,PARP2,,2022-03-15,2021-05-05,True,,,,,,,DepMap,,,0.0,0.0
139966,4715,PARP2,,2022-03-15,2021-05-05,True,,,,,,,DepMap,,,0.0,0.0
139968,4715,PARP2,,2022-03-15,2021-05-05,True,,,,,,,DepMap,,,0.0,0.0
139969,4715,PARP2,,2022-03-15,2021-05-05,True,,,,,,,DepMap,,,0.0,0.0
139963,4715,PARP2,,2022-03-15,2021-05-05,True,,,,,,,DepMap,,,0.0,0.0
152769,4715,PARP2,,2023-11-01,2023-06-02,True,,,,,,,DepMap,,,0.0,0.0
152768,4715,PARP2,,2023-11-01,2023-06-02,True,,,,,,,DepMap,,,0.0,0.0
152770,4715,PARP2,,2023-11-01,2023-06-02,True,,,,,,,DepMap,,,0.0,0.0
85903,4715,PARP2,,2020-10-26,2020-05-07,True,,,,,,,DepMap,,,0.0,0.0
147031,3925,ALPL,,2022-10-27,2022-05-05,False,,,,,,,DepMap,,,0.0,0.0
108107,3925,ALPL,,2021-05-18,2021-05-05,True,,,,,,,DepMap,,,0.0,0.0
119534,3925,ALPL,,2020-08-31,2020-05-07,True,,,,,,,DepMap,,,0.0,0.0
129592,3925,ALPL,,2024-02-29,2023-06-02,True,,,,,,,DepMap,,,0.0,0.0
110619,3925,ALPL,,2023-04-03,2022-05-05,True,,,,,,,DepMap,,,0.0,0.0
112151,3925,ALPL,,2022-11-16,2022-05-05,True,,,,,,,DepMap,,,0.0,0.0
112152,3925,ALPL,,2022-11-16,2022-05-05,True,,,,,,,DepMap,,,0.0,0.0
99674,3925,ALPL,,2022-11-16,2022-05-05,True,,,,,,,DepMap,,,0.0,0.0
119535,3925,ALPL,,2020-08-31,2020-05-07,True,,,,,,,DepMap,,,0.0,0.0
125564,3925,ALPL,,2024-05-20,2023-06-02,True,,,,,,,DepMap,,,0.0,0.0
80195,3925,ALPL,,2023-02-01,2022-05-05,True,,,,,,,DepMap,,,0.0,0.0
129591,3925,ALPL,,2024-02-29,2023-06-02,True,,,,,,,DepMap,,,0.0,0.0
113865,6163,SLC18A2,,2021-11-29,2021-05-05,True,,,,,,,DepMap,,,0.0,0.0
121676,2406,MAT1A,,2021-03-02,2020-05-07,True,,,,,,,DepMap,,,0.0,0.0
294896,2406,MAT1A,,2023-06-29,2023-06-02,True,,,,,,,DepMap,,,0.0,0.0
294897,2406,MAT1A,,2023-06-29,2023-06-02,True,,,,,,,DepMap,,,0.0,0.0
294898,2406,MAT1A,,2023-06-29,2023-06-02,True,,,,,,,DepMap,,,0.0,0.0
81886,2406,MAT1A,,2020-10-30,2020-05-07,True,,,,,,,DepMap,,,0.0,0.0
448846,2406,MAT1A,,2023-06-29,2023-06-02,True,,,,,,,DepMap,,,0.0,0.0
448844,2406,MAT1A,,2023-06-29,2023-06-02,True,,,,,,,DepMap,,,0.0,0.0
371872,2406,MAT1A,,2023-06-29,2023-06-02,True,,,,,,,DepMap,,,0.0,0.0
96991,2406,MAT1A,,2020-12-16,2020-05-07,True,,,,,,,DepMap,,,0.0,0.0
371871,2406,MAT1A,,2023-06-29,2023-06-02,True,,,,,,,DepMap,,,0.0,0.0
88225,2406,MAT1A,,2021-01-13,2020-05-07,True,,,,,,,DepMap,,,0.0,0.0
151262,2406,MAT1A,,2022-05-19,2022-05-05,True,,,,,,,DepMap,,,0.0,0.0
151263,2406,MAT1A,,2022-05-19,2022-05-05,True,,,,,,,DepMap,,,0.0,0.0
129293,2406,MAT1A,,2021-02-23,2020-05-07,True,,,,,,,DepMap,,,0.0,0.0
98802,2406,MAT1A,,2023-08-28,2023-06-02,True,,,,,,,DepMap,,,0.0,0.0
371870,2406,MAT1A,,2023-06-29,2023-06-02,True,,,,,,,DepMap,,,0.0,0.0
114460,2406,MAT1A,,2020-06-30,2020-05-07,True,,,,,,,DepMap,,,0.0,0.0
448845,2406,MAT1A,,2023-06-29,2023-06-02,True,,,,,,,DepMap,,,0.0,0.0
149539,17010,COL13A1,,2022-11-24,2022-05-05,False,,,,,,,DepMap,,,0.0,0.0
134657,2247,BCL2,,2020-09-23,2020-05-07,True,,,,,,,DepMap,,,0.0,0.0
141479,2247,BCL2,,2021-07-01,2021-05-05,True,,,,,,,DepMap,,,0.0,0.0
127348,2247,BCL2,,2020-10-13,2020-05-07,True,,,,,,,DepMap,,,0.0,0.0
143400,4849,ALK,,2021-05-24,2021-05-05,True,,,,,,,DepMap,,,0.0,0.0
143407,4849,ALK,,2021-05-24,2021-05-05,True,,,,,,,DepMap,,,0.0,0.0
143397,4849,ALK,,2021-05-24,2021-05-05,True,,,,,,,DepMap,,,0.0,0.0
143396,4849,ALK,,2021-05-24,2021-05-05,True,,,,,,,DepMap,,,0.0,0.0
143394,4849,ALK,,2021-05-24,2021-05-05,True,,,,,,,DepMap,,,0.0,0.0
143398,4849,ALK,,2021-05-24,2021-05-05,True,,,,,,,DepMap,,,0.0,0.0
143399,4849,ALK,,2021-05-24,2021-05-05,True,,,,,,,DepMap,,,0.0,0.0
88223,4849,ALK,,2021-01-13,2020-05-07,True,,,,,,,DepMap,,,0.0,0.0
143401,4849,ALK,,2021-05-24,2021-05-05,True,,,,,,,DepMap,,,0.0,0.0
143402,4849,ALK,,2021-05-24,2021-05-05,True,,,,,,,DepMap,,,0.0,0.0
143395,4849,ALK,,2021-05-24,2021-05-05,True,,,,,,,DepMap,,,0.0,0.0
143403,4849,ALK,,2021-05-24,2021-05-05,True,,,,,,,DepMap,,,0.0,0.0
143404,4849,ALK,,2021-05-24,2021-05-05,True,,,,,,,DepMap,,,0.0,0.0
143405,4849,ALK,,2021-05-24,2021-05-05,True,,,,,,,DepMap,,,0.0,0.0
143406,4849,ALK,,2021-05-24,2021-05-05,True,,,,,,,DepMap,,,0.0,0.0
143408,4849,ALK,,2021-05-24,2021-05-05,True,,,,,,,DepMap,,,0.0,0.0
88973,727,INSR,,2021-02-04,2020-05-07,True,,,,,,,DepMap,,,0.0,0.0
82334,1300,KDR,,2021-07-15,2021-05-05,True,,,,,,,DepMap,,,0.0,0.0
85158,1300,KDR,,2020-08-06,2020-05-07,True,,,,,,,DepMap,,,0.0,0.0
123225,1300,KDR,,2021-07-28,2021-05-05,True,,,,,,,DepMap,,,0.0,0.0
98887,1300,KDR,,2020-12-30,2020-05-07,True,,,,,,,DepMap,,,0.0,0.0
131577,1300,KDR,,2021-02-23,2020-05-07,True,,,,,,,DepMap,,,0.0,0.0
123270,1300,KDR,,2021-09-18,2021-05-05,True,,,,,,,DepMap,,,0.0,0.0
149285,23516,DXO,,2021-09-22,2021-05-05,True,,,,,,,DepMap,,,0.0,0.0
152535,23516,DXO,,2024-05-31,2023-06-02,True,,,,,,,DepMap,,,0.0,0.0
147410,23516,DXO,,2022-01-19,2021-05-05,True,,,,,,,DepMap,,,0.0,0.0
136637,5203,CDK4,,2023-07-28,2023-06-02,True,,,,,,,DepMap,,,1.0,1.0
136633,5203,CDK4,,2023-07-28,2023-06-02,True,,,,,,,DepMap,,,1.0,1.0
136629,5203,CDK4,,2023-07-28,2023-06-02,True,,,,,,,DepMap,,,1.0,1.0
136630,5203,CDK4,,2023-07-28,2023-06-02,True,,,,,,,DepMap,,,1.0,1.0
136631,5203,CDK4,,2023-07-28,2023-06-02,True,,,,,,,DepMap,,,1.0,1.0
136636,5203,CDK4,,2023-07-28,2023-06-02,True,,,,,,,DepMap,,,1.0,1.0
136635,5203,CDK4,,2023-07-28,2023-06-02,True,,,,,,,DepMap,,,1.0,1.0
136628,5203,CDK4,,2023-07-28,2023-06-02,True,,,,,,,DepMap,,,1.0,1.0
136632,5203,CDK4,,2023-07-28,2023-06-02,True,,,,,,,DepMap,,,1.0,1.0
136634,5203,CDK4,,2023-07-28,2023-06-02,True,,,,,,,DepMap,,,1.0,1.0
135219,1228,IL17A,,2023-08-02,2023-06-02,True,,,,,,,DepMap,,,0.0,0.0
151739,419,ANK2,,2020-09-01,2020-05-07,False,,,,,,,DepMap,,,0.0,0.0
108368,7009,CKAP2,,2024-06-25,2023-06-02,False,,,,,,,DepMap,,,0.0,0.0
93307,7009,CKAP2,,2020-10-20,2020-05-07,False,,,,,,,DepMap,,,0.0,0.0
125436,159,ATP4A,,2021-05-29,2021-05-05,False,,,,,,,DepMap,,,0.0,0.0
125439,159,ATP4A,,2021-05-29,2021-05-05,False,,,,,,,DepMap,,,0.0,0.0
125435,159,ATP4A,,2021-05-29,2021-05-05,False,,,,,,,DepMap,,,0.0,0.0
125437,159,ATP4A,,2021-05-29,2021-05-05,False,,,,,,,DepMap,,,0.0,0.0
125438,159,ATP4A,,2021-05-29,2021-05-05,False,,,,,,,DepMap,,,0.0,0.0
115319,4319,AAMP,,2022-02-24,2021-05-05,False,,,,,,,DepMap,,,1.0,1.0
106488,81228,A2MP1,,2020-09-08,2020-05-07,False,,,,,,,DepMap,,,0.0,0.0
95148,81228,A2MP1,,2020-12-15,2020-05-07,False,,,,,,,DepMap,,,0.0,0.0
150640,31588,NBEAP1,,2025-03-26,2023-06-02,False,,,,,,,DepMap,,,0.0,0.0
151196,31588,NBEAP1,,2023-09-15,2023-06-02,False,,,,,,,DepMap,,,0.0,0.0
108684,31588,NBEAP1,,2022-03-24,2021-05-05,False,,,,,,,DepMap,,,0.0,0.0
123231,31588,NBEAP1,,2021-07-28,2021-05-05,False,,,,,,,DepMap,,,0.0,0.0
147684,31588,NBEAP1,,2021-04-23,2020-05-07,False,,,,,,,DepMap,,,0.0,0.0
135157,31588,NBEAP1,,2021-03-01,2020-05-07,False,,,,,,,DepMap,,,0.0,0.0
81888,31588,NBEAP1,,2020-10-30,2020-05-07,False,,,,,,,DepMap,,,0.0,0.0
150674,31588,NBEAP1,,2021-05-15,2021-05-05,False,,,,,,,DepMap,,,0.0,0.0
150673,31588,NBEAP1,,2021-05-15,2021-05-05,False,,,,,,,DepMap,,,0.0,0.0
85162,31588,NBEAP1,,2020-08-06,2020-05-07,False,,,,,,,DepMap,,,0.0,0.0
145267,31588,NBEAP1,,2021-07-22,2021-05-05,False,,,,,,,DepMap,,,0.0,0.0
88230,31588,NBEAP1,,2021-01-13,2020-05-07,False,,,,,,,DepMap,,,0.0,0.0
143650,31588,NBEAP1,,2020-07-24,2020-05-07,False,,,,,,,DepMap,,,0.0,0.0
143651,31588,NBEAP1,,2020-07-24,2020-05-07,False,,,,,,,DepMap,,,0.0,0.0
143652,31588,NBEAP1,,2020-07-24,2020-05-07,False,,,,,,,DepMap,,,0.0,0.0
143653,31588,NBEAP1,,2020-07-24,2020-05-07,False,,,,,,,DepMap,,,0.0,0.0
143654,31588,NBEAP1,,2020-07-24,2020-05-07,False,,,,,,,DepMap,,,0.0,0.0
143655,31588,NBEAP1,,2020-07-24,2020-05-07,False,,,,,,,DepMap,,,0.0,0.0
143656,31588,NBEAP1,,2020-07-24,2020-05-07,False,,,,,,,DepMap,,,0.0,0.0
143657,31588,NBEAP1,,2020-07-24,2020-05-07,False,,,,,,,DepMap,,,0.0,0.0
143658,31588,NBEAP1,,2020-07-24,2020-05-07,False,,,,,,,DepMap,,,0.0,0.0
143659,31588,NBEAP1,,2020-07-24,2020-05-07,False,,,,,,,DepMap,,,0.0,0.0
143660,31588,NBEAP1,,2020-07-24,2020-05-07,False,,,,,,,DepMap,,,0.0,0.0
143661,31588,NBEAP1,,2020-07-24,2020-05-07,False,,,,,,,DepMap,,,0.0,0.0
143662,31588,NBEAP1,,2020-07-24,2020-05-07,False,,,,,,,DepMap,,,0.0,0.0
85623,6799,DLX6,,2022-03-18,2021-05-05,True,,,,,,,DepMap,,,0.0,0.0
93471,3925,ALPL,,2024-09-20,2023-06-02,True,,,,,,,DepMap,,,0.0,0.0
99675,3925,ALPL,,2023-04-21,2022-05-05,True,,,,,,,DepMap,,,0.0,0.0
81385,3925,ALPL,,2024-04-29,2023-06-02,True,,,,,,,DepMap,,,0.0,0.0
81386,3925,ALPL,,2024-04-29,2023-06-02,True,,,,,,,DepMap,,,0.0,0.0
114953,3925,ALPL,,2021-04-28,2020-05-07,True,,,,,,,DepMap,,,0.0,0.0
134032,3925,ALPL,,2021-06-15,2021-05-05,True,,,,,,,DepMap,,,0.0,0.0
128744,3925,ALPL,,2024-10-08,2023-06-02,True,,,,,,,DepMap,,,0.0,0.0
113637,3925,ALPL,,2023-06-23,2023-06-02,True,,,,,,,DepMap,,,0.0,0.0
113636,3925,ALPL,,2023-06-23,2023-06-02,True,,,,,,,DepMap,,,0.0,0.0
113635,3925,ALPL,,2023-06-23,2023-06-02,True,,,,,,,DepMap,,,0.0,0.0
113634,3925,ALPL,,2023-06-23,2023-06-02,True,,,,,,,DepMap,,,0.0,0.0
128472,3925,ALPL,,2023-06-20,2023-06-02,True,,,,,,,DepMap,,,0.0,0.0
85464,3925,ALPL,,2024-02-23,2023-06-02,False,,,,,,,DepMap,,,0.0,0.0
126974,3925,ALPL,,2020-10-01,2020-05-07,True,,,,,,,DepMap,,,0.0,0.0
103267,6163,SLC18A2,,2022-04-15,2021-05-05,True,,,,,,,DepMap,,,0.0,0.0
103266,6163,SLC18A2,,2022-04-15,2021-05-05,True,,,,,,,DepMap,,,0.0,0.0
217924,2406,MAT1A,,2023-06-29,2023-06-02,True,,,,,,,DepMap,,,0.0,0.0
146246,2406,MAT1A,,2021-11-15,2021-05-05,True,,,,,,,DepMap,,,0.0,0.0
89536,2406,MAT1A,,2020-08-24,2020-05-07,True,,,,,,,DepMap,,,0.0,0.0
142038,2406,MAT1A,,2021-08-06,2021-05-05,True,,,,,,,DepMap,,,0.0,0.0
217923,2406,MAT1A,,2023-06-29,2023-06-02,True,,,,,,,DepMap,,,0.0,0.0
140948,2406,MAT1A,,2023-06-29,2023-06-02,True,,,,,,,DepMap,,,0.0,0.0
140949,2406,MAT1A,,2023-06-29,2023-06-02,True,,,,,,,DepMap,,,0.0,0.0
140950,2406,MAT1A,,2023-06-29,2023-06-02,True,,,,,,,DepMap,,,0.0,0.0
99226,2406,MAT1A,,2020-07-01,2020-05-07,True,,,,,,,DepMap,,,0.0,0.0
99227,2406,MAT1A,,2020-07-01,2020-05-07,True,,,,,,,DepMap,,,0.0,0.0
142036,2406,MAT1A,,2021-08-06,2021-05-05,True,,,,,,,DepMap,,,0.0,0.0
87315,2406,MAT1A,,2022-04-12,2021-05-05,True,,,,,,,DepMap,,,0.0,0.0
217922,2406,MAT1A,,2023-06-29,2023-06-02,True,,,,,,,DepMap,,,0.0,0.0
142037,2406,MAT1A,,2021-08-06,2021-05-05,True,,,,,,,DepMap,,,0.0,0.0
146245,2406,MAT1A,,2021-11-15,2021-05-05,True,,,,,,,DepMap,,,0.0,0.0
146244,2406,MAT1A,,2021-11-15,2021-05-05,True,,,,,,,DepMap,,,0.0,0.0
77852,6272,SV2A,,2021-02-07,2020-05-07,True,,,,,,,DepMap,,,0.0,0.0
99778,1726,ITGB2,,2025-10-24,2023-06-02,True,,,,,,,DepMap,,,0.0,0.0
152237,2247,BCL2,,2022-11-22,2022-05-05,True,,,,,,,DepMap,,,0.0,0.0
105562,2247,BCL2,,2020-05-28,2020-05-07,True,,,,,,,DepMap,,,0.0,0.0
140219,2247,BCL2,,2021-05-31,2021-05-05,True,,,,,,,DepMap,,,0.0,0.0
146393,2247,BCL2,,2021-08-26,2021-05-05,True,,,,,,,DepMap,,,0.0,0.0
83826,6043,DRD3,,2020-06-26,2020-05-07,True,,,,,,,DepMap,,,0.0,0.0
119923,727,INSR,,2020-10-30,2020-05-07,True,,,,,,,DepMap,,,0.0,0.0
95614,727,INSR,,2023-08-11,2023-06-02,True,,,,,,,DepMap,,,0.0,0.0
101255,1300,KDR,,2021-09-16,2021-05-05,True,,,,,,,DepMap,,,0.0,0.0
132244,1300,KDR,,2023-09-29,2023-06-02,True,,,,,,,DepMap,,,0.0,0.0
132243,1300,KDR,,2023-09-29,2023-06-02,True,,,,,,,DepMap,,,0.0,0.0
132242,1300,KDR,,2023-09-29,2023-06-02,True,,,,,,,DepMap,,,0.0,0.0
81309,1300,KDR,,2020-07-30,2020-05-07,True,,,,,,,DepMap,,,0.0,0.0
101247,1300,KDR,,2021-09-16,2021-05-05,True,,,,,,,DepMap,,,0.0,0.0
101248,1300,KDR,,2021-09-16,2021-05-05,True,,,,,,,DepMap,,,0.0,0.0
101249,1300,KDR,,2021-09-16,2021-05-05,True,,,,,,,DepMap,,,0.0,0.0
101250,1300,KDR,,2021-09-16,2021-05-05,True,,,,,,,DepMap,,,0.0,0.0
101251,1300,KDR,,2021-09-16,2021-05-05,True,,,,,,,DepMap,,,0.0,0.0
101252,1300,KDR,,2021-09-16,2021-05-05,True,,,,,,,DepMap,,,0.0,0.0
101253,1300,KDR,,2021-09-16,2021-05-05,True,,,,,,,DepMap,,,0.0,0.0
101254,1300,KDR,,2021-09-16,2021-05-05,True,,,,,,,DepMap,,,0.0,0.0
91047,1300,KDR,,2021-03-16,2020-05-07,True,,,,,,,DepMap,,,0.0,0.0
99627,5203,CDK4,,2020-06-10,2020-05-07,True,,,,,,,DepMap,,,0.0,1.0
136640,5203,CDK4,,2023-07-28,2023-06-02,True,,,,,,,DepMap,,,1.0,1.0
136638,5203,CDK4,,2023-07-28,2023-06-02,True,,,,,,,DepMap,,,1.0,1.0
136641,5203,CDK4,,2023-07-28,2023-06-02,True,,,,,,,DepMap,,,1.0,1.0
136639,5203,CDK4,,2023-07-28,2023-06-02,True,,,,,,,DepMap,,,1.0,1.0
95354,1228,IL17A,,2023-02-15,2022-05-05,True,,,,,,,DepMap,,,0.0,0.0
152238,1228,IL17A,,2022-08-16,2022-05-05,True,,,,,,,DepMap,,,0.0,0.0
144031,1228,IL17A,,2020-07-07,2020-05-07,True,,,,,,,DepMap,,,0.0,0.0
140273,1228,IL17A,,2021-11-29,2021-05-05,True,,,,,,,DepMap,,,0.0,0.0
140272,1228,IL17A,,2021-11-29,2021-05-05,True,,,,,,,DepMap,,,0.0,0.0
134225,5161,PTGIR,,2021-05-03,2020-05-07,True,,,,,,,DepMap,,,0.0,0.0
130782,19108,COL16A1,,2022-03-25,2021-05-05,False,,,,,,,DepMap,,,0.0,0.0
130783,19108,COL16A1,,2022-03-25,2021-05-05,False,,,,,,,DepMap,,,0.0,0.0
138163,2129,DRD2,,2021-06-30,2021-05-05,False,,,,,,,DepMap,,,0.0,0.0
85747,19548,INHA,,2022-04-12,2021-05-05,False,,,,,,,DepMap,,,0.0,0.0
96000,31588,NBEAP1,,2020-09-11,2020-05-07,False,,,,,,,DepMap,,,0.0,0.0
90195,31588,NBEAP1,,2022-07-25,2022-05-05,False,,,,,,,DepMap,,,0.0,0.0
90194,31588,NBEAP1,,2022-07-25,2022-05-05,False,,,,,,,DepMap,,,0.0,0.0
97498,31588,NBEAP1,,2021-06-11,2021-05-05,False,,,,,,,DepMap,,,0.0,0.0
142352,31588,NBEAP1,,2021-04-22,2020-05-07,False,,,,,,,DepMap,,,0.0,0.0
95999,31588,NBEAP1,,2020-09-11,2020-05-07,False,,,,,,,DepMap,,,0.0,0.0
144006,31588,NBEAP1,,2022-12-14,2022-05-05,False,,,,,,,DepMap,,,0.0,0.0
141179,5222,IL4R,,2021-05-03,2020-05-07,True,,,,,,,DepMap,,,0.0,0.0
80791,5222,IL4R,,2021-04-14,2020-05-07,True,,,,,,,DepMap,,,0.0,0.0
77128,5222,IL4R,,2023-05-16,2022-05-05,True,,,,,,,DepMap,,,0.0,0.0
130054,5222,IL4R,,2020-09-15,2020-05-07,True,,,,,,,DepMap,,,0.0,0.0
148137,2406,MAT1A,,2021-06-17,2021-05-05,True,,,,,,,DepMap,,,0.0,0.0
113318,2406,MAT1A,,2021-11-11,2021-05-05,True,,,,,,,DepMap,,,0.0,0.0
118511,2026,ACP5,,2024-11-04,2023-06-02,False,,,,,,,DepMap,,,0.0,0.0
144566,1155,IL23A,,2023-02-21,2022-05-05,True,,,,,,,DepMap,,,0.0,0.0
100201,1155,IL23A,,2020-06-10,2020-05-07,True,,,,,,,DepMap,,,0.0,0.0
131937,1155,IL23A,,2023-08-24,2023-06-02,True,,,,,,,DepMap,,,0.0,0.0
103906,3925,ALPL,,2023-09-20,2023-06-02,False,,,,,,,DepMap,,,0.0,0.0
113327,3925,ALPL,,2024-01-16,2023-06-02,True,,,,,,,DepMap,,,0.0,0.0
142569,2406,MAT1A,,2020-07-28,2020-05-07,True,,,,,,,DepMap,,,0.0,0.0
525819,2406,MAT1A,,2023-06-29,2023-06-02,True,,,,,,,DepMap,,,0.0,0.0
90696,2406,MAT1A,,2020-08-07,2020-05-07,True,,,,,,,DepMap,,,0.0,0.0
525818,2406,MAT1A,,2023-06-29,2023-06-02,True,,,,,,,DepMap,,,0.0,0.0
525820,2406,MAT1A,,2023-06-29,2023-06-02,True,,,,,,,DepMap,,,0.0,0.0
107535,1228,IL17A,,2024-09-24,2023-06-02,True,,,,,,,DepMap,,,0.0,0.0
86909,19833,PARP3,,2021-03-22,2020-05-07,True,,,,,,,DepMap,,,0.0,0.0
99155,2247,BCL2,,2020-09-01,2020-05-07,True,,,,,,,DepMap,,,0.0,0.0
146582,2247,BCL2,,2021-06-28,2021-05-05,True,,,,,,,DepMap,,,0.0,0.0
111579,4,PCSK9,,2021-04-22,2020-05-07,True,,,,,,,DepMap,,,0.0,0.0
111580,4,PCSK9,,2021-04-22,2020-05-07,True,,,,,,,DepMap,,,0.0,0.0
146930,3619,CD38,,2020-12-21,2020-05-07,True,,,,,,,DepMap,,,0.0,0.0
146931,3619,CD38,,2020-12-21,2020-05-07,True,,,,,,,DepMap,,,0.0,0.0
146777,3619,CD38,,2021-11-09,2021-05-05,True,,,,,,,DepMap,,,0.0,0.0
111578,4,PCSK9,,2021-04-22,2020-05-07,True,,,,,,,DepMap,,,0.0,0.0
111577,4,PCSK9,,2021-04-22,2020-05-07,True,,,,,,,DepMap,,,0.0,0.0
118944,727,INSR,,2022-06-03,2022-05-05,True,,,,,,,DepMap,,,0.0,0.0
118945,727,INSR,,2022-03-08,2021-05-05,True,,,,,,,DepMap,,,0.0,0.0
120620,1300,KDR,,2020-09-04,2020-05-07,True,,,,,,,DepMap,,,0.0,0.0
109348,1300,KDR,,2021-03-29,2020-05-07,True,,,,,,,DepMap,,,0.0,0.0
120619,1300,KDR,,2020-09-04,2020-05-07,True,,,,,,,DepMap,,,0.0,0.0
120621,1300,KDR,,2020-09-04,2020-05-07,True,,,,,,,DepMap,,,0.0,0.0
127782,5203,CDK4,,2020-09-04,2020-05-07,True,,,,,,,DepMap,,,0.0,1.0
150210,5203,CDK4,,2022-04-21,2021-05-05,True,,,,,,,DepMap,,,0.0,1.0
150153,3211,MME,,2021-05-26,2021-05-05,True,,,,,,,DepMap,,,0.0,0.0
127972,1228,IL17A,,2021-07-21,2021-05-05,True,,,,,,,DepMap,,,0.0,0.0
148355,5161,PTGIR,,2021-02-26,2020-05-07,True,,,,,,,DepMap,,,0.0,0.0
107083,4612,SLC12A3,,2021-11-05,2021-05-05,False,,,,,,,DepMap,,,0.0,0.0
150294,4281,BPI,,2025-12-15,2023-06-02,False,,,,,,,DepMap,,,0.0,0.0
105018,159,ATP4A,,2021-08-11,2021-05-05,False,,,,,,,DepMap,,,0.0,0.0
107359,81228,A2MP1,,2023-04-13,2022-05-05,False,,,,,,,DepMap,,,0.0,0.0
107360,81228,A2MP1,,2023-04-13,2022-05-05,False,,,,,,,DepMap,,,0.0,0.0
128159,31588,NBEAP1,,2021-04-01,2020-05-07,False,,,,,,,DepMap,,,0.0,0.0
84558,31588,NBEAP1,,2021-08-17,2021-05-05,False,,,,,,,DepMap,,,0.0,0.0
104184,31588,NBEAP1,,2021-01-12,2020-05-07,False,,,,,,,DepMap,,,0.0,0.0
98245,31588,NBEAP1,,2023-03-15,2022-05-05,False,,,,,,,DepMap,,,0.0,0.0
137097,31588,NBEAP1,,2020-06-11,2020-05-07,False,,,,,,,DepMap,,,0.0,0.0
107394,31588,NBEAP1,,2023-02-01,2022-05-05,False,,,,,,,DepMap,,,0.0,0.0
111323,31588,NBEAP1,,2022-09-09,2022-05-05,False,,,,,,,DepMap,,,0.0,0.0
141419,2721,FOLH1,,2021-09-07,2021-05-05,False,,,,,,,DepMap,,,0.0,0.0
144470,2721,FOLH1,,2022-02-14,2021-05-05,False,,,,,,,DepMap,,,0.0,0.0
132961,2721,FOLH1,,2022-05-13,2022-05-05,False,,,,,,,DepMap,,,0.0,0.0
145320,2721,FOLH1,,2022-01-06,2021-05-05,False,,,,,,,DepMap,,,0.0,0.0
110510,2721,FOLH1,,2021-10-26,2021-05-05,False,,,,,,,DepMap,,,0.0,0.0
85160,2721,FOLH1,,2020-08-06,2020-05-07,False,,,,,,,DepMap,,,0.0,0.0
139442,2721,FOLH1,,2021-10-01,2021-05-05,False,,,,,,,DepMap,,,0.0,0.0
93050,358,GABRA4,,2021-02-11,2020-05-07,False,,,,,,,DepMap,,,0.0,0.0
123379,358,GABRA4,,2021-07-26,2021-05-05,False,,,,,,,DepMap,,,0.0,0.0
149621,3927,RARA,,2021-12-02,2021-05-05,False,,,,,,,DepMap,,,0.0,0.0
129219,5634,CHRM1,,2021-02-15,2020-05-07,False,,,,,,,DepMap,,,0.0,0.0
100937,25126,POLR3D,,2023-07-20,2023-06-02,False,,,,,,,DepMap,,,0.0,0.0
100936,25126,POLR3D,,2023-07-20,2023-06-02,False,,,,,,,DepMap,,,0.0,0.0
125441,17227,NFE4,,2021-05-29,2021-05-05,False,,,,,,,DepMap,,,0.0,0.0
150849,17227,NFE4,,2024-09-20,2023-06-02,False,,,,,,,DepMap,,,0.0,0.0
108560,17227,NFE4,,2023-05-22,2022-05-05,False,,,,,,,DepMap,,,0.0,0.0
125442,17227,NFE4,,2021-05-29,2021-05-05,False,,,,,,,DepMap,,,0.0,0.0
125443,17227,NFE4,,2021-05-29,2021-05-05,False,,,,,,,DepMap,,,0.0,0.0
125444,17227,NFE4,,2021-05-29,2021-05-05,False,,,,,,,DepMap,,,0.0,0.0
125440,17227,NFE4,,2021-05-29,2021-05-05,False,,,,,,,DepMap,,,0.0,0.0
100787,2537,BAAT,,2022-09-10,2022-05-05,False,,,,,,,DepMap,,,0.0,0.0
141806,3656,NLRC4,,2021-06-16,2021-05-05,False,,,,,,,DepMap,,,0.0,0.0
141805,3656,NLRC4,,2021-06-16,2021-05-05,False,,,,,,,DepMap,,,0.0,0.0
141809,3656,NLRC4,,2021-06-16,2021-05-05,False,,,,,,,DepMap,,,0.0,0.0
141808,3656,NLRC4,,2021-06-16,2021-05-05,False,,,,,,,DepMap,,,0.0,0.0
141807,3656,NLRC4,,2021-06-16,2021-05-05,False,,,,,,,DepMap,,,0.0,0.0
137667,3656,NLRC4,,2022-06-24,2022-05-05,False,,,,,,,DepMap,,,0.0,0.0
151417,17227,NFE4,,2020-12-01,2020-05-07,False,,,,,,,DepMap,,,0.0,0.0
152480,17227,NFE4,,2020-12-01,2020-05-07,False,,,,,,,DepMap,,,0.0,0.0
152479,17227,NFE4,,2020-12-01,2020-05-07,False,,,,,,,DepMap,,,0.0,0.0
101018,261,OPRM1,,2021-01-28,2020-05-07,False,,,,,,,DepMap,,,0.0,0.0
101019,261,OPRM1,,2021-01-28,2020-05-07,False,,,,,,,DepMap,,,0.0,0.0
91189,23429,COL9A2,,2021-01-11,2020-05-07,False,,,,,,,DepMap,,,0.0,0.0
133027,3274,RPSA,,2022-07-26,2022-05-05,False,,,,,,,DepMap,,,1.0,1.0
117612,1040,NR3C1,,2021-05-05,2021-05-05,False,,,,,,,DepMap,,,0.0,0.0
117611,1040,NR3C1,,2021-05-05,2021-05-05,False,,,,,,,DepMap,,,0.0,0.0
117610,1040,NR3C1,,2021-05-05,2021-05-05,False,,,,,,,DepMap,,,0.0,0.0
112223,1040,NR3C1,,2020-12-01,2020-05-07,False,,,,,,,DepMap,,,0.0,0.0
112224,1040,NR3C1,,2020-12-01,2020-05-07,False,,,,,,,DepMap,,,0.0,0.0
92955,1040,NR3C1,,2023-03-06,2022-05-05,False,,,,,,,DepMap,,,0.0,0.0
94881,1040,NR3C1,,2021-10-07,2021-05-05,False,,,,,,,DepMap,,,0.0,0.0
125454,119,ATP2B1,,2021-05-29,2021-05-05,False,,,,,,,DepMap,,,0.0,0.0
125450,119,ATP2B1,,2021-05-29,2021-05-05,False,,,,,,,DepMap,,,0.0,0.0
125453,119,ATP2B1,,2021-05-29,2021-05-05,False,,,,,,,DepMap,,,0.0,0.0
125452,119,ATP2B1,,2021-05-29,2021-05-05,False,,,,,,,DepMap,,,0.0,0.0
125451,119,ATP2B1,,2021-05-29,2021-05-05,False,,,,,,,DepMap,,,0.0,0.0
123425,670,ESR1,,2022-11-15,2022-05-05,False,,,,,,,DepMap,,,0.0,0.0
123426,670,ESR1,,2022-11-15,2022-05-05,False,,,,,,,DepMap,,,0.0,0.0
152492,18,PTGS2,,2025-09-15,2023-06-02,False,,,,,,,DepMap,,,0.0,0.0
152782,23516,DXO,,2023-11-30,2023-06-02,False,,,,,,,DepMap,,,0.0,0.0
117780,2695,SCN2A,,2021-02-24,2020-05-07,False,,,,,,,DepMap,,,0.0,0.0
143739,4041,NR4A3,,2021-01-05,2020-05-07,False,,,,,,,DepMap,,,0.0,0.0
143738,4041,NR4A3,,2021-01-05,2020-05-07,False,,,,,,,DepMap,,,0.0,0.0
143737,4041,NR4A3,,2021-01-05,2020-05-07,False,,,,,,,DepMap,,,0.0,0.0
143736,4041,NR4A3,,2021-01-05,2020-05-07,False,,,,,,,DepMap,,,0.0,0.0
115909,4041,NR4A3,,2022-07-14,2022-05-05,False,,,,,,,DepMap,,,0.0,0.0
84466,3541,KCNJ8,,2025-07-14,2023-06-02,False,,,,,,,DepMap,,,0.0,0.0
84467,3541,KCNJ8,,2025-07-14,2023-06-02,False,,,,,,,DepMap,,,0.0,0.0
108559,20,PTGS1,,2023-05-22,2022-05-05,False,,,,,,,DepMap,,,0.0,0.0
101283,31588,NBEAP1,,2021-09-16,2021-05-05,False,,,,,,,DepMap,,,0.0,0.0
101284,31588,NBEAP1,,2021-09-16,2021-05-05,False,,,,,,,DepMap,,,0.0,0.0
101282,31588,NBEAP1,,2021-09-16,2021-05-05,False,,,,,,,DepMap,,,0.0,0.0
101281,31588,NBEAP1,,2021-09-16,2021-05-05,False,,,,,,,DepMap,,,0.0,0.0
150548,31588,NBEAP1,,2020-07-31,2020-05-07,False,,,,,,,DepMap,,,0.0,0.0
101280,31588,NBEAP1,,2021-09-16,2021-05-05,False,,,,,,,DepMap,,,0.0,0.0
110775,31588,NBEAP1,,2021-11-16,2021-05-05,False,,,,,,,DepMap,,,0.0,0.0
110774,31588,NBEAP1,,2021-11-16,2021-05-05,False,,,,,,,DepMap,,,0.0,0.0
110773,31588,NBEAP1,,2021-11-16,2021-05-05,False,,,,,,,DepMap,,,0.0,0.0
136682,31588,NBEAP1,,2023-11-27,2023-06-02,False,,,,,,,DepMap,,,0.0,0.0
101279,31588,NBEAP1,,2021-09-16,2021-05-05,False,,,,,,,DepMap,,,0.0,0.0
115549,31588,NBEAP1,,2022-03-03,2021-05-05,False,,,,,,,DepMap,,,0.0,0.0
115550,31588,NBEAP1,,2022-03-03,2021-05-05,False,,,,,,,DepMap,,,0.0,0.0
101278,31588,NBEAP1,,2021-09-16,2021-05-05,False,,,,,,,DepMap,,,0.0,0.0
101277,31588,NBEAP1,,2021-09-16,2021-05-05,False,,,,,,,DepMap,,,0.0,0.0
123845,31588,NBEAP1,,2021-02-17,2020-05-07,False,,,,,,,DepMap,,,0.0,0.0
123846,31588,NBEAP1,,2021-02-17,2020-05-07,False,,,,,,,DepMap,,,0.0,0.0
150445,31588,NBEAP1,,2022-09-30,2022-05-05,False,,,,,,,DepMap,,,0.0,0.0
119242,89,ABO,,2021-03-31,2020-05-07,False,,,,,,,DepMap,,,0.0,0.0
119243,89,ABO,,2021-03-31,2020-05-07,False,,,,,,,DepMap,,,0.0,0.0
101310,2721,FOLH1,,2021-09-16,2021-05-05,False,,,,,,,DepMap,,,0.0,0.0
90203,2721,FOLH1,,2022-07-25,2022-05-05,False,,,,,,,DepMap,,,0.0,0.0
106144,2721,FOLH1,,2023-09-28,2023-06-02,False,,,,,,,DepMap,,,0.0,0.0
106143,2721,FOLH1,,2023-09-28,2023-06-02,False,,,,,,,DepMap,,,0.0,0.0
101304,2721,FOLH1,,2021-09-16,2021-05-05,False,,,,,,,DepMap,,,0.0,0.0
90202,2721,FOLH1,,2022-07-25,2022-05-05,False,,,,,,,DepMap,,,0.0,0.0
101305,2721,FOLH1,,2021-09-16,2021-05-05,False,,,,,,,DepMap,,,0.0,0.0
149096,2721,FOLH1,,2021-04-30,2020-05-07,False,,,,,,,DepMap,,,0.0,0.0
101306,2721,FOLH1,,2021-09-16,2021-05-05,False,,,,,,,DepMap,,,0.0,0.0
101311,2721,FOLH1,,2021-09-16,2021-05-05,False,,,,,,,DepMap,,,0.0,0.0
149097,2721,FOLH1,,2021-04-30,2020-05-07,False,,,,,,,DepMap,,,0.0,0.0
101307,2721,FOLH1,,2021-09-16,2021-05-05,False,,,,,,,DepMap,,,0.0,0.0
149098,2721,FOLH1,,2021-04-30,2020-05-07,False,,,,,,,DepMap,,,0.0,0.0
101308,2721,FOLH1,,2021-09-16,2021-05-05,False,,,,,,,DepMap,,,0.0,0.0
142031,2721,FOLH1,,2021-12-22,2021-05-05,False,,,,,,,DepMap,,,0.0,0.0
101312,2721,FOLH1,,2021-09-16,2021-05-05,False,,,,,,,DepMap,,,0.0,0.0
150577,2721,FOLH1,,2024-06-27,2023-06-02,False,,,,,,,DepMap,,,0.0,0.0
101313,2721,FOLH1,,2021-09-16,2021-05-05,False,,,,,,,DepMap,,,0.0,0.0
95561,2721,FOLH1,,2020-06-15,2020-05-07,False,,,,,,,DepMap,,,0.0,0.0
95534,2721,FOLH1,,2020-09-11,2020-05-07,False,,,,,,,DepMap,,,0.0,0.0
95533,2721,FOLH1,,2020-09-11,2020-05-07,False,,,,,,,DepMap,,,0.0,0.0
150578,2721,FOLH1,,2024-06-27,2023-06-02,False,,,,,,,DepMap,,,0.0,0.0
150579,2721,FOLH1,,2024-06-27,2023-06-02,False,,,,,,,DepMap,,,0.0,0.0
108862,2721,FOLH1,,2021-02-23,2020-05-07,False,,,,,,,DepMap,,,0.0,0.0
142284,2721,FOLH1,,2022-10-03,2022-05-05,False,,,,,,,DepMap,,,0.0,0.0
101309,2721,FOLH1,,2021-09-16,2021-05-05,False,,,,,,,DepMap,,,0.0,0.0
106151,2721,FOLH1,,2023-09-28,2023-06-02,False,,,,,,,DepMap,,,0.0,0.0
106150,2721,FOLH1,,2023-09-28,2023-06-02,False,,,,,,,DepMap,,,0.0,0.0
106149,2721,FOLH1,,2023-09-28,2023-06-02,False,,,,,,,DepMap,,,0.0,0.0
106148,2721,FOLH1,,2023-09-28,2023-06-02,False,,,,,,,DepMap,,,0.0,0.0
106147,2721,FOLH1,,2023-09-28,2023-06-02,False,,,,,,,DepMap,,,0.0,0.0
106146,2721,FOLH1,,2023-09-28,2023-06-02,False,,,,,,,DepMap,,,0.0,0.0
106145,2721,FOLH1,,2023-09-28,2023-06-02,False,,,,,,,DepMap,,,0.0,0.0
120173,358,GABRA4,,2020-12-08,2020-05-07,False,,,,,,,DepMap,,,0.0,0.0
103141,358,GABRA4,,2022-04-28,2021-05-05,False,,,,,,,DepMap,,,0.0,0.0
93627,19044,EHHADH,,2020-05-11,2020-05-07,False,,,,,,,DepMap,,,0.0,0.0
93624,19044,EHHADH,,2020-05-11,2020-05-07,False,,,,,,,DepMap,,,0.0,0.0
93623,19044,EHHADH,,2020-05-11,2020-05-07,False,,,,,,,DepMap,,,0.0,0.0
93622,19044,EHHADH,,2020-05-11,2020-05-07,False,,,,,,,DepMap,,,0.0,0.0
93621,19044,EHHADH,,2020-05-11,2020-05-07,False,,,,,,,DepMap,,,0.0,0.0
93626,19044,EHHADH,,2020-05-11,2020-05-07,False,,,,,,,DepMap,,,0.0,0.0
93625,19044,EHHADH,,2020-05-11,2020-05-07,False,,,,,,,DepMap,,,0.0,0.0
93620,19044,EHHADH,,2020-05-11,2020-05-07,False,,,,,,,DepMap,,,0.0,0.0
93619,19044,EHHADH,,2020-05-11,2020-05-07,False,,,,,,,DepMap,,,0.0,0.0
93618,19044,EHHADH,,2020-05-11,2020-05-07,False,,,,,,,DepMap,,,0.0,0.0
119954,25126,POLR3D,,2023-07-21,2023-06-02,False,,,,,,,DepMap,,,0.0,0.0
119955,25126,POLR3D,,2023-07-21,2023-06-02,False,,,,,,,DepMap,,,0.0,0.0
89291,17227,NFE4,,2022-11-17,2022-05-05,False,,,,,,,DepMap,,,0.0,0.0
90971,17227,NFE4,,2020-07-28,2020-05-07,False,,,,,,,DepMap,,,0.0,0.0
106824,17227,NFE4,,2020-09-03,2020-05-07,False,,,,,,,DepMap,,,0.0,0.0
132594,23,ABCA1,,2022-09-21,2022-05-05,False,,,,,,,DepMap,,,0.0,0.0
138162,363,GABRD,,2021-06-30,2021-05-05,False,,,,,,,DepMap,,,0.0,0.0
122902,6373,CPT2,,2021-01-28,2020-05-07,False,,,,,,,DepMap,,,0.0,0.0
89130,72674,pbp2,,2022-08-28,2022-05-05,False,,,,,,,DepMap,,,0.0,0.0
89131,72674,pbp2,,2022-08-28,2022-05-05,False,,,,,,,DepMap,,,0.0,0.0
106153,1040,NR3C1,,2023-09-28,2023-06-02,False,,,,,,,DepMap,,,0.0,0.0
106152,1040,NR3C1,,2023-09-28,2023-06-02,False,,,,,,,DepMap,,,0.0,0.0
99641,1040,NR3C1,,2022-06-09,2022-05-05,False,,,,,,,DepMap,,,0.0,0.0
106154,1040,NR3C1,,2023-09-28,2023-06-02,False,,,,,,,DepMap,,,0.0,0.0
106160,1040,NR3C1,,2023-09-28,2023-06-02,False,,,,,,,DepMap,,,0.0,0.0
106157,1040,NR3C1,,2023-09-28,2023-06-02,False,,,,,,,DepMap,,,0.0,0.0
106156,1040,NR3C1,,2023-09-28,2023-06-02,False,,,,,,,DepMap,,,0.0,0.0
106155,1040,NR3C1,,2023-09-28,2023-06-02,False,,,,,,,DepMap,,,0.0,0.0
150385,1040,NR3C1,,2024-03-29,2023-06-02,False,,,,,,,DepMap,,,0.0,0.0
106159,1040,NR3C1,,2023-09-28,2023-06-02,False,,,,,,,DepMap,,,0.0,0.0
106158,1040,NR3C1,,2023-09-28,2023-06-02,False,,,,,,,DepMap,,,0.0,0.0
85681,6409,AOC1,,2021-11-16,2021-05-05,False,,,,,,,DepMap,,,0.0,0.0
101630,361,GABRG1,,2021-01-14,2020-05-07,False,,,,,,,DepMap,,,0.0,0.0
135502,3927,RARA,,2021-02-08,2020-05-07,False,,,,,,,DepMap,,,0.0,0.0
87530,3886,AKR1A1,,2023-10-20,2023-06-02,False,,,,,,,DepMap,,,0.0,0.0
87529,3886,AKR1A1,,2023-10-20,2023-06-02,False,,,,,,,DepMap,,,0.0,0.0
117411,1808,COMP,,2020-11-16,2020-05-07,False,,,,,,,DepMap,,,0.0,0.0
130854,1808,COMP,,2021-07-27,2021-05-05,False,,,,,,,DepMap,,,0.0,0.0
78711,3789,SLC6A2,,2021-10-26,2021-05-05,False,,,,,,,DepMap,,,0.0,0.0
78713,3789,SLC6A2,,2021-10-26,2021-05-05,False,,,,,,,DepMap,,,0.0,0.0
78712,3789,SLC6A2,,2021-10-26,2021-05-05,False,,,,,,,DepMap,,,0.0,0.0
85971,3453,THRB,,2023-07-21,2023-06-02,False,,,,,,,DepMap,,,0.0,0.0
85972,3453,THRB,,2023-07-21,2023-06-02,False,,,,,,,DepMap,,,0.0,0.0
143487,5587,KCNQ5,,2021-03-29,2020-05-07,False,,,,,,,DepMap,,,0.0,0.0
143486,5587,KCNQ5,,2021-03-29,2020-05-07,False,,,,,,,DepMap,,,0.0,0.0
143491,5587,KCNQ5,,2021-03-29,2020-05-07,False,,,,,,,DepMap,,,0.0,0.0
143488,5587,KCNQ5,,2021-03-29,2020-05-07,False,,,,,,,DepMap,,,0.0,0.0
143492,5587,KCNQ5,,2021-03-29,2020-05-07,False,,,,,,,DepMap,,,0.0,0.0
143489,5587,KCNQ5,,2021-03-29,2020-05-07,False,,,,,,,DepMap,,,0.0,0.0
143490,5587,KCNQ5,,2021-03-29,2020-05-07,False,,,,,,,DepMap,,,0.0,0.0
143485,5587,KCNQ5,,2021-03-29,2020-05-07,False,,,,,,,DepMap,,,0.0,0.0
139592,3391,VIP,,2023-03-06,2022-05-05,False,,,,,,,DepMap,,,0.0,0.0
131425,1657,SLC6A4,,2021-10-04,2021-05-05,False,,,,,,,DepMap,,,0.0,0.0
96994,24200,GBX2,,2020-12-16,2020-05-07,False,,,,,,,DepMap,,,0.0,0.0
82335,24200,GBX2,,2021-07-15,2021-05-05,False,,,,,,,DepMap,,,0.0,0.0
92963,24200,GBX2,,2022-04-18,2021-05-05,False,,,,,,,DepMap,,,0.0,0.0
94877,24200,GBX2,,2021-10-07,2021-05-05,False,,,,,,,DepMap,,,0.0,0.0
96646,24200,GBX2,,2020-12-16,2020-05-07,False,,,,,,,DepMap,,,0.0,0.0
151382,792,SLCO1B1,,2023-08-31,2023-06-02,False,,,,,,,DepMap,,,0.0,0.0
147371,1335,ABCC11,,2021-10-28,2021-05-05,False,,,,,,,DepMap,,,0.0,0.0
152361,17,PLG,,2021-10-31,2021-05-05,False,,,,,,,DepMap,,,0.0,0.0
152362,17,PLG,,2021-10-31,2021-05-05,False,,,,,,,DepMap,,,0.0,0.0
152363,17,PLG,,2021-10-31,2021-05-05,False,,,,,,,DepMap,,,0.0,0.0
115628,102,PRKCE,,2020-12-16,2020-05-07,False,,,,,,,DepMap,,,0.0,0.0
104691,4336,DCT,,2023-01-31,2022-05-05,False,,,,,,,DepMap,,,0.0,0.0
151958,31588,NBEAP1,,2021-01-15,2020-05-07,False,,,,,,,DepMap,,,0.0,0.0
151959,31588,NBEAP1,,2021-01-15,2020-05-07,False,,,,,,,DepMap,,,0.0,0.0
136764,31588,NBEAP1,,2022-01-10,2021-05-05,False,,,,,,,DepMap,,,0.0,0.0
136763,31588,NBEAP1,,2022-01-10,2021-05-05,False,,,,,,,DepMap,,,0.0,0.0
136762,31588,NBEAP1,,2022-01-10,2021-05-05,False,,,,,,,DepMap,,,0.0,0.0
139255,31588,NBEAP1,,2021-12-14,2021-05-05,False,,,,,,,DepMap,,,0.0,0.0
109081,31588,NBEAP1,,2020-06-09,2020-05-07,False,,,,,,,DepMap,,,0.0,0.0
152899,31588,NBEAP1,,2023-07-28,2023-06-02,False,,,,,,,DepMap,,,0.0,0.0
131967,31588,NBEAP1,,2021-01-13,2020-05-07,False,,,,,,,DepMap,,,0.0,0.0
131968,2721,FOLH1,,2021-01-13,2020-05-07,False,,,,,,,DepMap,,,0.0,0.0
136494,2721,FOLH1,,2021-07-27,2021-05-05,False,,,,,,,DepMap,,,0.0,0.0
151953,2721,FOLH1,,2021-01-15,2020-05-07,False,,,,,,,DepMap,,,0.0,0.0
153221,2721,FOLH1,,2022-05-12,2022-05-05,False,,,,,,,DepMap,,,0.0,0.0
151954,2721,FOLH1,,2021-01-15,2020-05-07,False,,,,,,,DepMap,,,0.0,0.0
120798,358,GABRA4,,2020-11-24,2020-05-07,False,,,,,,,DepMap,,,0.0,0.0
82839,358,GABRA4,,2022-07-26,2022-05-05,False,,,,,,,DepMap,,,0.0,0.0
92176,358,GABRA4,,2020-05-26,2020-05-07,False,,,,,,,DepMap,,,0.0,0.0
88438,3274,RPSA,,2022-06-20,2022-05-05,False,,,,,,,DepMap,,,1.0,1.0
124125,3274,RPSA,,2020-12-22,2020-05-07,False,,,,,,,DepMap,,,1.0,1.0
138917,3274,RPSA,,2021-11-16,2021-05-05,False,,,,,,,DepMap,,,1.0,1.0
88439,3274,RPSA,,2022-06-20,2022-05-05,False,,,,,,,DepMap,,,1.0,1.0
103800,119,ATP2B1,,2023-03-24,2022-05-05,False,,,,,,,DepMap,,,0.0,0.0
114502,23257,DPP6,,2020-11-25,2020-05-07,False,,,,,,,DepMap,,,0.0,0.0
137025,19044,EHHADH,,2022-08-03,2022-05-05,False,,,,,,,DepMap,,,0.0,0.0
137024,19044,EHHADH,,2022-08-03,2022-05-05,False,,,,,,,DepMap,,,0.0,0.0
151879,7006,NGRN,,2022-06-01,2022-05-05,False,,,,,,,DepMap,,,0.0,0.0
94281,17227,NFE4,,2021-02-24,2020-05-07,False,,,,,,,DepMap,,,0.0,0.0
100070,6373,CPT2,,2021-12-29,2021-05-05,False,,,,,,,DepMap,,,0.0,0.0
100069,6373,CPT2,,2021-12-29,2021-05-05,False,,,,,,,DepMap,,,0.0,0.0
100071,6373,CPT2,,2021-12-29,2021-05-05,False,,,,,,,DepMap,,,0.0,0.0
100072,6373,CPT2,,2021-12-29,2021-05-05,False,,,,,,,DepMap,,,0.0,0.0
100073,6373,CPT2,,2021-12-29,2021-05-05,False,,,,,,,DepMap,,,0.0,0.0
100067,6373,CPT2,,2021-12-29,2021-05-05,False,,,,,,,DepMap,,,0.0,0.0
100076,6373,CPT2,,2021-12-29,2021-05-05,False,,,,,,,DepMap,,,0.0,0.0
100077,6373,CPT2,,2021-12-29,2021-05-05,False,,,,,,,DepMap,,,0.0,0.0
100068,6373,CPT2,,2021-12-29,2021-05-05,False,,,,,,,DepMap,,,0.0,0.0
100074,6373,CPT2,,2021-12-29,2021-05-05,False,,,,,,,DepMap,,,0.0,0.0
100075,6373,CPT2,,2021-12-29,2021-05-05,False,,,,,,,DepMap,,,0.0,0.0
153385,17227,NFE4,,2025-09-01,2023-06-02,False,,,,,,,DepMap,,,0.0,0.0
101020,261,OPRM1,,2021-01-28,2020-05-07,False,,,,,,,DepMap,,,0.0,0.0
151753,72674,pbp2,,2025-06-01,2023-06-02,False,,,,,,,DepMap,,,0.0,0.0
151752,72674,pbp2,,2025-06-01,2023-06-02,False,,,,,,,DepMap,,,0.0,0.0
142853,6373,CPT2,,2020-10-05,2020-05-07,False,,,,,,,DepMap,,,0.0,0.0
130902,1040,NR3C1,,2020-11-12,2020-05-07,False,,,,,,,DepMap,,,0.0,0.0
94280,1040,NR3C1,,2021-02-24,2020-05-07,False,,,,,,,DepMap,,,0.0,0.0
80700,2793,NR3C2,,2020-11-26,2020-05-07,False,,,,,,,DepMap,,,0.0,0.0
153235,361,GABRG1,,2021-10-05,2021-05-05,False,,,,,,,DepMap,,,0.0,0.0
153234,361,GABRG1,,2021-10-05,2021-05-05,False,,,,,,,DepMap,,,0.0,0.0
153233,361,GABRG1,,2021-10-05,2021-05-05,False,,,,,,,DepMap,,,0.0,0.0
153232,361,GABRG1,,2021-10-05,2021-05-05,False,,,,,,,DepMap,,,0.0,0.0
153231,361,GABRG1,,2021-10-05,2021-05-05,False,,,,,,,DepMap,,,0.0,0.0
85181,639,GCK,,2022-06-15,2022-05-05,False,,,,,,,DepMap,,,0.0,0.0
153228,3612,GRIN1,,2021-10-05,2021-05-05,False,,,,,,,DepMap,,,0.0,0.0
153227,3612,GRIN1,,2021-10-05,2021-05-05,False,,,,,,,DepMap,,,0.0,0.0
153226,3612,GRIN1,,2021-10-05,2021-05-05,False,,,,,,,DepMap,,,0.0,0.0
153230,3612,GRIN1,,2021-10-05,2021-05-05,False,,,,,,,DepMap,,,0.0,0.0
153229,3612,GRIN1,,2021-10-05,2021-05-05,False,,,,,,,DepMap,,,0.0,0.0
87115,6087,SCN11A,,2020-05-27,2020-05-07,False,,,,,,,DepMap,,,0.0,0.0
92639,20,PTGS1,,2021-09-29,2021-05-05,False,,,,,,,DepMap,,,0.0,0.0
92640,20,PTGS1,,2021-09-29,2021-05-05,False,,,,,,,DepMap,,,0.0,0.0
146585,18778,POLA1,,2021-06-28,2021-05-05,False,,,,,,,DepMap,,,1.0,1.0
141190,18778,POLA1,,2021-11-24,2021-05-05,False,,,,,,,DepMap,,,1.0,1.0
146778,17763,CUL4A,,2021-11-09,2021-05-05,False,,,,,,,DepMap,,,0.0,0.0
142744,3391,VIP,,2022-04-15,2021-05-05,False,,,,,,,DepMap,,,0.0,0.0
105014,7001,PIP4P2,,2021-11-09,2021-05-05,False,,,,,,,DepMap,,,0.0,0.0
146584,24200,GBX2,,2021-06-28,2021-05-05,False,,,,,,,DepMap,,,0.0,0.0
124385,24200,GBX2,,2021-07-15,2021-05-05,False,,,,,,,DepMap,,,0.0,0.0
134002,24200,GBX2,,2021-03-17,2020-05-07,False,,,,,,,DepMap,,,0.0,0.0
113321,24200,GBX2,,2021-11-11,2021-05-05,False,,,,,,,DepMap,,,0.0,0.0
120826,792,SLCO1B1,,2023-03-23,2022-05-05,False,,,,,,,DepMap,,,0.0,0.0
136010,1335,ABCC11,,2020-09-02,2020-05-07,False,,,,,,,DepMap,,,0.0,0.0
136011,1335,ABCC11,,2020-09-02,2020-05-07,False,,,,,,,DepMap,,,0.0,0.0
144870,17,PLG,,2022-06-28,2022-05-05,False,,,,,,,DepMap,,,0.0,0.0
100066,6910,NDST1,,2021-12-29,2021-05-05,False,,,,,,,DepMap,,,0.0,0.0
100062,6910,NDST1,,2021-12-29,2021-05-05,False,,,,,,,DepMap,,,0.0,0.0
100063,6910,NDST1,,2021-12-29,2021-05-05,False,,,,,,,DepMap,,,0.0,0.0
100064,6910,NDST1,,2021-12-29,2021-05-05,False,,,,,,,DepMap,,,0.0,0.0
100065,6910,NDST1,,2021-12-29,2021-05-05,False,,,,,,,DepMap,,,0.0,0.0
100056,6910,NDST1,,2021-12-29,2021-05-05,False,,,,,,,DepMap,,,0.0,0.0
100057,6910,NDST1,,2021-12-29,2021-05-05,False,,,,,,,DepMap,,,0.0,0.0
100058,6910,NDST1,,2021-12-29,2021-05-05,False,,,,,,,DepMap,,,0.0,0.0
100059,6910,NDST1,,2021-12-29,2021-05-05,False,,,,,,,DepMap,,,0.0,0.0
100060,6910,NDST1,,2021-12-29,2021-05-05,False,,,,,,,DepMap,,,0.0,0.0
100061,6910,NDST1,,2021-12-29,2021-05-05,False,,,,,,,DepMap,,,0.0,0.0
153374,102,PRKCE,,2025-01-01,2023-06-02,False,,,,,,,DepMap,,,0.0,0.0
121176,620,AGTR1,,2021-05-17,2021-05-05,False,,,,,,,DepMap,,,0.0,0.0
152051,2578,CYP3A4,,2022-12-13,2022-05-05,False,,,,,,,DepMap,,,0.0,0.0
147475,515,NDUFB8,,2022-11-10,2022-05-05,False,,,,,,,DepMap,,,0.0,0.0
147479,515,NDUFB8,,2022-11-10,2022-05-05,False,,,,,,,DepMap,,,0.0,0.0
147477,515,NDUFB8,,2022-11-10,2022-05-05,False,,,,,,,DepMap,,,0.0,0.0
147478,515,NDUFB8,,2022-11-10,2022-05-05,False,,,,,,,DepMap,,,0.0,0.0
147476,515,NDUFB8,,2022-11-10,2022-05-05,False,,,,,,,DepMap,,,0.0,0.0
84243,1181,VDR,,2022-03-16,2021-05-05,False,,,,,,,DepMap,,,0.0,0.0
139315,17559,CACNA1I,,2021-01-22,2020-05-07,False,,,,,,,DepMap,,,0.0,0.0
114126,448,SLC22A4,,2021-06-10,2021-05-05,False,,,,,,,DepMap,,,0.0,0.0
139385,448,SLC22A4,,2021-09-30,2021-05-05,False,,,,,,,DepMap,,,0.0,0.0
139384,448,SLC22A4,,2021-09-30,2021-05-05,False,,,,,,,DepMap,,,0.0,0.0
78406,1040,NR3C1,,2022-05-24,2022-05-05,False,,,,,,,DepMap,,,0.0,0.0
127509,320,SCN4A,,2022-01-18,2021-05-05,False,,,,,,,DepMap,,,0.0,0.0
81939,1520,HTR1A,,2024-05-23,2023-06-02,False,,,,,,,DepMap,,,0.0,0.0
96872,3467,CD9,,2020-11-09,2020-05-07,False,,,,,,,DepMap,,,0.0,0.0
78340,3265,GBA1,,2023-03-15,2022-05-05,False,,,,,,,DepMap,,,0.0,0.0
88273,3265,GBA1,,2024-07-08,2023-06-02,False,,,,,,,DepMap,,,0.0,0.0
150872,1040,NR3C1,,2022-08-01,2022-05-05,False,,,,,,,DepMap,,,0.0,0.0
102405,2033,CTNND1,,2023-05-01,2022-05-05,False,,,,,,,DepMap,,,0.0,0.0
152494,6305,CACNA1B,,2024-12-03,2023-06-02,False,,,,,,,DepMap,,,0.0,0.0
152493,6305,CACNA1B,,2024-12-03,2023-06-02,False,,,,,,,DepMap,,,0.0,0.0
100678,729,ESR2,,2023-11-16,2023-06-02,False,,,,,,,DepMap,,,0.0,0.0
100676,729,ESR2,,2023-11-16,2023-06-02,False,,,,,,,DepMap,,,0.0,0.0
100677,729,ESR2,,2023-11-16,2023-06-02,False,,,,,,,DepMap,,,0.0,0.0
151333,3654,ADRA2A,,2022-04-19,2021-05-05,False,,,,,,,DepMap,,,0.0,0.0
151332,3654,ADRA2A,,2022-04-19,2021-05-05,False,,,,,,,DepMap,,,0.0,0.0
139481,3323,CXCR2,,2021-01-12,2020-05-07,False,,,,,,,DepMap,,,0.0,0.0
97108,33,PDE4B,,2020-06-12,2020-05-07,False,,,,,,,DepMap,,,0.0,0.0
150827,670,ESR1,,2021-06-05,2021-05-05,False,,,,,,,DepMap,,,0.0,0.0
96808,7006,NGRN,,2022-10-12,2022-05-05,False,,,,,,,DepMap,,,0.0,0.0
89718,7006,NGRN,,2022-06-10,2022-05-05,False,,,,,,,DepMap,,,0.0,0.0
133169,3697,IRAK1,,2023-02-15,2022-05-05,False,,,,,,,DepMap,,,0.0,0.0
149716,5378,CA8,,2020-06-01,2020-05-07,False,,,,,,,DepMap,,,0.0,0.0
133024,17379,DPYSL5,,2022-07-26,2022-05-05,False,,,,,,,DepMap,,,0.0,0.0
96976,2793,NR3C2,,2021-10-12,2021-05-05,False,,,,,,,DepMap,,,0.0,0.0
152803,2793,NR3C2,,2022-03-04,2021-05-05,False,,,,,,,DepMap,,,0.0,0.0
149542,1040,NR3C1,,2022-09-01,2022-05-05,False,,,,,,,DepMap,,,0.0,0.0
91796,21224,GRIK3,,2023-10-07,2023-06-02,False,,,,,,,DepMap,,,0.0,0.0
135064,1402,TYMS,,2022-07-08,2022-05-05,False,,,,,,,DepMap,,,0.0,0.0
98891,1402,TYMS,,2020-12-30,2020-05-07,False,,,,,,,DepMap,,,0.0,0.0
141420,1402,TYMS,,2021-09-07,2021-05-05,False,,,,,,,DepMap,,,0.0,0.0
123227,1402,TYMS,,2021-07-28,2021-05-05,False,,,,,,,DepMap,,,0.0,0.0
125428,5559,BLOC1S6,,2021-05-29,2021-05-05,False,,,,,,,DepMap,,,0.0,0.0
125427,5559,BLOC1S6,,2021-05-29,2021-05-05,False,,,,,,,DepMap,,,0.0,0.0
125426,5559,BLOC1S6,,2021-05-29,2021-05-05,False,,,,,,,DepMap,,,0.0,0.0
137479,5559,BLOC1S6,,2020-08-22,2020-05-07,False,,,,,,,DepMap,,,0.0,0.0
125425,5559,BLOC1S6,,2021-05-29,2021-05-05,False,,,,,,,DepMap,,,0.0,0.0
125429,5559,BLOC1S6,,2021-05-29,2021-05-05,False,,,,,,,DepMap,,,0.0,0.0
147387,1402,TYMS,,2024-07-19,2023-06-02,False,,,,,,,DepMap,,,0.0,0.0
143610,1402,TYMS,,2020-07-24,2020-05-07,False,,,,,,,DepMap,,,0.0,0.0
143611,1402,TYMS,,2020-07-24,2020-05-07,False,,,,,,,DepMap,,,0.0,0.0
143612,1402,TYMS,,2020-07-24,2020-05-07,False,,,,,,,DepMap,,,0.0,0.0
143613,1402,TYMS,,2020-07-24,2020-05-07,False,,,,,,,DepMap,,,0.0,0.0
143614,1402,TYMS,,2020-07-24,2020-05-07,False,,,,,,,DepMap,,,0.0,0.0
143615,1402,TYMS,,2020-07-24,2020-05-07,False,,,,,,,DepMap,,,0.0,0.0
143616,1402,TYMS,,2020-07-24,2020-05-07,False,,,,,,,DepMap,,,0.0,0.0
143617,1402,TYMS,,2020-07-24,2020-05-07,False,,,,,,,DepMap,,,0.0,0.0
149286,1402,TYMS,,2021-09-22,2021-05-05,False,,,,,,,DepMap,,,0.0,0.0
143618,1402,TYMS,,2020-07-24,2020-05-07,False,,,,,,,DepMap,,,0.0,0.0
143619,1402,TYMS,,2020-07-24,2020-05-07,False,,,,,,,DepMap,,,0.0,0.0
119784,1402,TYMS,,2020-12-15,2020-05-07,False,,,,,,,DepMap,,,0.0,0.0
108686,1402,TYMS,,2022-03-24,2021-05-05,False,,,,,,,DepMap,,,0.0,0.0
143620,1402,TYMS,,2020-07-24,2020-05-07,False,,,,,,,DepMap,,,0.0,0.0
143621,1402,TYMS,,2020-07-24,2020-05-07,False,,,,,,,DepMap,,,0.0,0.0
143622,1402,TYMS,,2020-07-24,2020-05-07,False,,,,,,,DepMap,,,0.0,0.0
94713,4466,SLC22A12,,2022-09-28,2022-05-05,False,,,,,,,DepMap,,,0.0,0.0
135316,20252,KCNT1,,2021-04-30,2020-05-07,False,,,,,,,DepMap,,,0.0,0.0
92957,1040,NR3C1,,2023-03-06,2022-05-05,False,,,,,,,DepMap,,,0.0,0.0
100464,5764,OXTR,,2022-12-06,2022-05-05,False,,,,,,,DepMap,,,0.0,0.0
100467,5764,OXTR,,2022-12-06,2022-05-05,False,,,,,,,DepMap,,,0.0,0.0
100465,5764,OXTR,,2022-12-06,2022-05-05,False,,,,,,,DepMap,,,0.0,0.0
100466,5764,OXTR,,2022-12-06,2022-05-05,False,,,,,,,DepMap,,,0.0,0.0
152259,3571,NR1H4,,2024-05-27,2023-06-02,False,,,,,,,DepMap,,,0.0,0.0
135106,2616,DNMT1,,2020-06-08,2020-05-07,False,,,,,,,DepMap,,,1.0,1.0
127349,2616,DNMT1,,2020-10-13,2020-05-07,False,,,,,,,DepMap,,,1.0,1.0
139692,2616,DNMT1,,2021-05-31,2021-05-05,False,,,,,,,DepMap,,,1.0,1.0
152048,2578,CYP3A4,,2022-12-13,2022-05-05,False,,,,,,,DepMap,,,0.0,0.0
152049,2578,CYP3A4,,2022-12-13,2022-05-05,False,,,,,,,DepMap,,,0.0,0.0
152050,2578,CYP3A4,,2022-12-13,2022-05-05,False,,,,,,,DepMap,,,0.0,0.0
152052,2578,CYP3A4,,2022-12-13,2022-05-05,False,,,,,,,DepMap,,,0.0,0.0
129001,14,CACNA1C,,2022-10-27,2022-05-05,False,,,,,,,DepMap,,,0.0,0.0
117127,308,SCN5A,,2020-12-28,2020-05-07,False,,,,,,,DepMap,,,0.0,0.0
148029,3930,GATA3,,2020-06-16,2020-05-07,False,,,,,,,DepMap,,,0.0,0.0
98161,20,PTGS1,,2021-11-23,2021-05-05,False,,,,,,,DepMap,,,0.0,0.0
129983,320,SCN4A,,2020-10-20,2020-05-07,False,,,,,,,DepMap,,,0.0,0.0
129981,320,SCN4A,,2020-10-20,2020-05-07,False,,,,,,,DepMap,,,0.0,0.0
129980,320,SCN4A,,2020-10-20,2020-05-07,False,,,,,,,DepMap,,,0.0,0.0
129979,320,SCN4A,,2020-10-20,2020-05-07,False,,,,,,,DepMap,,,0.0,0.0
94633,320,SCN4A,,2025-02-03,2023-06-02,False,,,,,,,DepMap,,,0.0,0.0
129984,320,SCN4A,,2020-10-20,2020-05-07,False,,,,,,,DepMap,,,0.0,0.0
129982,320,SCN4A,,2020-10-20,2020-05-07,False,,,,,,,DepMap,,,0.0,0.0
120744,3265,GBA1,,2020-08-01,2020-05-07,False,,,,,,,DepMap,,,0.0,0.0
120745,3265,GBA1,,2020-08-01,2020-05-07,False,,,,,,,DepMap,,,0.0,0.0
146780,18463,PSMD1,,2021-11-09,2021-05-05,False,,,,,,,DepMap,,,1.0,1.0
103798,6142,AREL1,,2023-03-24,2022-05-05,False,,,,,,,DepMap,,,0.0,0.0
147913,24216,CRYBB3,,2021-06-30,2021-05-05,False,,,,,,,DepMap,,,0.0,0.0
147914,24216,CRYBB3,,2021-06-30,2021-05-05,False,,,,,,,DepMap,,,0.0,0.0
77130,1142,BDNF,,2023-05-16,2022-05-05,False,,,,,,,DepMap,,,0.0,0.0
122428,3654,ADRA2A,,2021-02-14,2020-05-07,False,,,,,,,DepMap,,,0.0,0.0
109625,20,PTGS1,,2022-06-03,2022-05-05,False,,,,,,,DepMap,,,0.0,0.0
109626,20,PTGS1,,2022-06-03,2022-05-05,False,,,,,,,DepMap,,,0.0,0.0
109627,20,PTGS1,,2022-06-03,2022-05-05,False,,,,,,,DepMap,,,0.0,0.0
149733,3323,CXCR2,,2021-09-30,2021-05-05,False,,,,,,,DepMap,,,0.0,0.0
137022,3323,CXCR2,,2022-09-14,2022-05-05,False,,,,,,,DepMap,,,0.0,0.0
139233,1142,BDNF,,2025-11-24,2023-06-02,False,,,,,,,DepMap,,,0.0,0.0
127781,3697,IRAK1,,2020-09-04,2020-05-07,False,,,,,,,DepMap,,,0.0,0.0
98355,5378,CA8,,2020-05-12,2020-05-07,False,,,,,,,DepMap,,,0.0,0.0
146929,2793,NR3C2,,2020-12-21,2020-05-07,False,,,,,,,DepMap,,,0.0,0.0
146928,2793,NR3C2,,2020-12-21,2020-05-07,False,,,,,,,DepMap,,,0.0,0.0
86817,2793,NR3C2,,2022-08-09,2022-05-05,False,,,,,,,DepMap,,,0.0,0.0
88771,2793,NR3C2,,2020-10-09,2020-05-07,False,,,,,,,DepMap,,,0.0,0.0
142888,2793,NR3C2,,2021-08-23,2021-05-05,False,,,,,,,DepMap,,,0.0,0.0
146779,2793,NR3C2,,2021-11-09,2021-05-05,False,,,,,,,DepMap,,,0.0,0.0
84504,1040,NR3C1,,2022-08-22,2022-05-05,False,,,,,,,DepMap,,,0.0,0.0
84505,1040,NR3C1,,2022-08-22,2022-05-05,False,,,,,,,DepMap,,,0.0,0.0
118663,1402,TYMS,,2020-08-19,2020-05-07,False,,,,,,,DepMap,,,0.0,0.0
145152,1402,TYMS,,2020-07-29,2020-05-07,False,,,,,,,DepMap,,,0.0,0.0
145151,1402,TYMS,,2020-07-29,2020-05-07,False,,,,,,,DepMap,,,0.0,0.0
122537,1402,TYMS,,2021-05-25,2021-05-05,False,,,,,,,DepMap,,,0.0,0.0
136534,1402,TYMS,,2021-03-10,2020-05-07,False,,,,,,,DepMap,,,0.0,0.0
145153,1402,TYMS,,2020-07-29,2020-05-07,False,,,,,,,DepMap,,,0.0,0.0
84560,1402,TYMS,,2021-08-17,2021-05-05,False,,,,,,,DepMap,,,0.0,0.0
88444,5559,BLOC1S6,,2020-10-16,2020-05-07,False,,,,,,,DepMap,,,0.0,0.0
131729,3871,XK,,2022-11-21,2022-05-05,False,,,,,,,DepMap,,,0.0,0.0
148115,1402,TYMS,,2020-10-26,2020-05-07,False,,,,,,,DepMap,,,0.0,0.0
117083,1402,TYMS,,2021-02-22,2020-05-07,False,,,,,,,DepMap,,,0.0,0.0
111326,1402,TYMS,,2022-09-09,2022-05-05,False,,,,,,,DepMap,,,0.0,0.0
151955,1402,TYMS,,2021-01-15,2020-05-07,False,,,,,,,DepMap,,,0.0,0.0
152898,1402,TYMS,,2023-07-28,2023-06-02,False,,,,,,,DepMap,,,0.0,0.0
149746,1402,TYMS,,2021-08-02,2021-05-05,False,,,,,,,DepMap,,,0.0,0.0
149745,1402,TYMS,,2021-08-02,2021-05-05,False,,,,,,,DepMap,,,0.0,0.0
84512,1040,NR3C1,,2021-11-23,2021-05-05,False,,,,,,,DepMap,,,0.0,0.0
92439,2308,CPD,,2024-07-11,2023-06-02,False,,,,,,,DepMap,,,0.0,0.0
142678,20252,KCNT1,,2021-09-03,2021-05-05,False,,,,,,,DepMap,,,0.0,0.0
105269,614,GCKR,,2023-04-17,2022-05-05,False,,,,,,,DepMap,,,0.0,0.0
139246,5017,MYO18B,,2022-05-05,2022-05-05,False,,,,,,,DepMap,,,0.0,0.0
139245,5017,MYO18B,,2022-05-05,2022-05-05,False,,,,,,,DepMap,,,0.0,0.0
139247,5017,MYO18B,,2022-05-05,2022-05-05,False,,,,,,,DepMap,,,0.0,0.0
150032,4303,NRP1,,2021-12-01,2021-05-05,False,,,,,,,DepMap,,,0.0,0.0
144846,17379,DPYSL5,,2021-05-22,2021-05-05,False,,,,,,,DepMap,,,0.0,0.0
150298,2616,DNMT1,,2021-05-06,2021-05-05,False,,,,,,,DepMap,,,1.0,1.0
150297,2616,DNMT1,,2021-05-06,2021-05-05,False,,,,,,,DepMap,,,1.0,1.0
99156,2616,DNMT1,,2020-09-01,2020-05-07,False,,,,,,,DepMap,,,1.0,1.0
146581,2616,DNMT1,,2021-06-28,2021-05-05,False,,,,,,,DepMap,,,1.0,1.0
141092,1040,NR3C1,,2025-07-25,2023-06-02,False,,,,,,,DepMap,,,0.0,0.0
139387,448,SLC22A4,,2021-09-30,2021-05-05,False,,,,,,,DepMap,,,0.0,0.0
95794,4044,TRIM55,,2020-11-19,2020-05-07,False,,,,,,,DepMap,,,0.0,0.0
150387,3391,VIP,,2024-03-29,2023-06-02,False,,,,,,,DepMap,,,0.0,0.0
86423,3391,VIP,,2022-12-06,2022-05-05,False,,,,,,,DepMap,,,0.0,0.0
150549,24200,GBX2,,2020-07-31,2020-05-07,False,,,,,,,DepMap,,,0.0,0.0
89153,2578,CYP3A4,,2021-07-16,2021-05-05,False,,,,,,,DepMap,,,0.0,0.0
126693,4336,DCT,,2020-10-02,2020-05-07,False,,,,,,,DepMap,,,0.0,0.0
113602,4044,TRIM55,,2020-06-30,2020-05-07,False,,,,,,,DepMap,,,0.0,0.0
135568,4044,TRIM55,,2020-06-12,2020-05-07,False,,,,,,,DepMap,,,0.0,0.0
90970,17559,CACNA1I,,2020-07-28,2020-05-07,False,,,,,,,DepMap,,,0.0,0.0
110728,17559,CACNA1I,,2022-12-20,2022-05-05,False,,,,,,,DepMap,,,0.0,0.0
114939,5973,HPGD,,2021-01-11,2020-05-07,False,,,,,,,DepMap,,,0.0,0.0
151499,320,SCN4A,,2020-06-15,2020-05-07,False,,,,,,,DepMap,,,0.0,0.0
151500,320,SCN4A,,2020-06-15,2020-05-07,False,,,,,,,DepMap,,,0.0,0.0
151501,320,SCN4A,,2020-06-15,2020-05-07,False,,,,,,,DepMap,,,0.0,0.0
99526,4564,CA9,,2021-11-23,2021-05-05,False,,,,,,,DepMap,,,0.0,0.0
144037,22460,ALDH1A3,,2021-02-08,2020-05-07,False,,,,,,,DepMap,,,0.0,0.0
144036,22460,ALDH1A3,,2021-02-08,2020-05-07,False,,,,,,,DepMap,,,0.0,0.0
86425,18463,PSMD1,,2022-12-06,2022-05-05,False,,,,,,,DepMap,,,1.0,1.0
106957,5116,AMD1,,2024-07-08,2023-06-02,False,,,,,,,DepMap,,,1.0,1.0
101631,22009,ATP6V1B1,,2021-01-14,2020-05-07,False,,,,,,,DepMap,,,0.0,0.0
99628,729,ESR2,,2020-06-10,2020-05-07,False,,,,,,,DepMap,,,0.0,0.0
146006,3654,ADRA2A,,2022-04-27,2021-05-05,False,,,,,,,DepMap,,,0.0,0.0
146005,3654,ADRA2A,,2022-04-27,2021-05-05,False,,,,,,,DepMap,,,0.0,0.0
107826,20,PTGS1,,2022-08-05,2022-05-05,False,,,,,,,DepMap,,,0.0,0.0
140315,3323,CXCR2,,2020-12-14,2020-05-07,False,,,,,,,DepMap,,,0.0,0.0
142203,33,PDE4B,,2021-07-12,2021-05-05,False,,,,,,,DepMap,,,0.0,0.0
87185,33,PDE4B,,2023-02-07,2022-05-05,False,,,,,,,DepMap,,,0.0,0.0
144084,5017,MYO18B,,2020-08-13,2020-05-07,False,,,,,,,DepMap,,,0.0,0.0
152200,7006,NGRN,,2023-01-01,2022-05-05,False,,,,,,,DepMap,,,0.0,0.0
152201,7006,NGRN,,2023-01-01,2022-05-05,False,,,,,,,DepMap,,,0.0,0.0
152202,7006,NGRN,,2023-01-01,2022-05-05,False,,,,,,,DepMap,,,0.0,0.0
152203,7006,NGRN,,2023-01-01,2022-05-05,False,,,,,,,DepMap,,,0.0,0.0
152204,7006,NGRN,,2023-01-01,2022-05-05,False,,,,,,,DepMap,,,0.0,0.0
93614,19044,EHHADH,,2020-05-11,2020-05-07,False,,,,,,,DepMap,,,0.0,0.0
93615,19044,EHHADH,,2020-05-11,2020-05-07,False,,,,,,,DepMap,,,0.0,0.0
93616,19044,EHHADH,,2020-05-11,2020-05-07,False,,,,,,,DepMap,,,0.0,0.0
93610,19044,EHHADH,,2020-05-11,2020-05-07,False,,,,,,,DepMap,,,0.0,0.0
93617,19044,EHHADH,,2020-05-11,2020-05-07,False,,,,,,,DepMap,,,0.0,0.0
93609,19044,EHHADH,,2020-05-11,2020-05-07,False,,,,,,,DepMap,,,0.0,0.0
93608,19044,EHHADH,,2020-05-11,2020-05-07,False,,,,,,,DepMap,,,0.0,0.0
93611,19044,EHHADH,,2020-05-11,2020-05-07,False,,,,,,,DepMap,,,0.0,0.0
93612,19044,EHHADH,,2020-05-11,2020-05-07,False,,,,,,,DepMap,,,0.0,0.0
93613,19044,EHHADH,,2020-05-11,2020-05-07,False,,,,,,,DepMap,,,0.0,0.0
87159,5378,CA8,,2020-05-12,2020-05-07,False,,,,,,,DepMap,,,0.0,0.0
85746,792,SLCO1B1,,2022-04-12,2021-05-05,False,,,,,,,DepMap,,,0.0,0.0
85743,17379,DPYSL5,,2022-04-12,2021-05-05,False,,,,,,,DepMap,,,0.0,0.0
139943,2793,NR3C2,,2021-06-04,2021-05-05,False,,,,,,,DepMap,,,0.0,0.0
144012,2793,NR3C2,,2020-08-04,2020-05-07,False,,,,,,,DepMap,,,0.0,0.0
113620,1917,FASLG,,2021-12-20,2021-05-05,False,,,,,,,DepMap,,,0.0,0.0
113619,1917,FASLG,,2021-12-20,2021-05-05,False,,,,,,,DepMap,,,0.0,0.0
101256,1402,TYMS,,2021-09-16,2021-05-05,False,,,,,,,DepMap,,,0.0,0.0
101257,1402,TYMS,,2021-09-16,2021-05-05,False,,,,,,,DepMap,,,0.0,0.0
101258,1402,TYMS,,2021-09-16,2021-05-05,False,,,,,,,DepMap,,,0.0,0.0
101259,1402,TYMS,,2021-09-16,2021-05-05,False,,,,,,,DepMap,,,0.0,0.0
101260,1402,TYMS,,2021-09-16,2021-05-05,False,,,,,,,DepMap,,,0.0,0.0
101262,1402,TYMS,,2021-09-16,2021-05-05,False,,,,,,,DepMap,,,0.0,0.0
101263,1402,TYMS,,2021-09-16,2021-05-05,False,,,,,,,DepMap,,,0.0,0.0
101264,1402,TYMS,,2021-09-16,2021-05-05,False,,,,,,,DepMap,,,0.0,0.0
101265,1402,TYMS,,2021-09-16,2021-05-05,False,,,,,,,DepMap,,,0.0,0.0
147156,1402,TYMS,,2021-09-01,2021-05-05,False,,,,,,,DepMap,,,0.0,0.0
147155,1402,TYMS,,2021-09-01,2021-05-05,False,,,,,,,DepMap,,,0.0,0.0
147154,1402,TYMS,,2021-09-01,2021-05-05,False,,,,,,,DepMap,,,0.0,0.0
147153,1402,TYMS,,2021-09-01,2021-05-05,False,,,,,,,DepMap,,,0.0,0.0
152161,27993,TRGV4,,2023-02-10,2022-05-05,False,,,,,,,DepMap,,,0.0,0.0
152160,27993,TRGV4,,2023-02-10,2022-05-05,False,,,,,,,DepMap,,,0.0,0.0
145932,5559,BLOC1S6,,2022-03-14,2021-05-05,False,,,,,,,DepMap,,,0.0,0.0
148949,5559,BLOC1S6,,2020-10-16,2020-05-07,False,,,,,,,DepMap,,,0.0,0.0
122152,5559,BLOC1S6,,2020-05-20,2020-05-07,False,,,,,,,DepMap,,,0.0,0.0
139945,5559,BLOC1S6,,2021-06-04,2021-05-05,False,,,,,,,DepMap,,,0.0,0.0
144003,1402,TYMS,,2022-12-14,2022-05-05,False,,,,,,,DepMap,,,0.0,0.0
82446,1402,TYMS,,2022-08-13,2022-05-05,False,,,,,,,DepMap,,,0.0,0.0
95993,1402,TYMS,,2020-09-11,2020-05-07,False,,,,,,,DepMap,,,0.0,0.0
110784,1402,TYMS,,2021-11-16,2021-05-05,False,,,,,,,DepMap,,,0.0,0.0
123850,1402,TYMS,,2021-02-17,2020-05-07,False,,,,,,,DepMap,,,0.0,0.0
148914,1402,TYMS,,2021-12-08,2021-05-05,False,,,,,,,DepMap,,,0.0,0.0
136679,1402,TYMS,,2023-11-27,2023-06-02,False,,,,,,,DepMap,,,0.0,0.0
110782,1402,TYMS,,2021-11-16,2021-05-05,False,,,,,,,DepMap,,,0.0,0.0
110783,1402,TYMS,,2021-11-16,2021-05-05,False,,,,,,,DepMap,,,0.0,0.0
150545,1402,TYMS,,2020-07-31,2020-05-07,False,,,,,,,DepMap,,,0.0,0.0
105708,1402,TYMS,,2022-01-25,2021-05-05,False,,,,,,,DepMap,,,0.0,0.0
95994,1402,TYMS,,2020-09-11,2020-05-07,False,,,,,,,DepMap,,,0.0,0.0
123849,1402,TYMS,,2021-02-17,2020-05-07,False,,,,,,,DepMap,,,0.0,0.0
109704,1402,TYMS,,2021-10-06,2021-05-05,False,,,,,,,DepMap,,,0.0,0.0
109703,1402,TYMS,,2021-10-06,2021-05-05,False,,,,,,,DepMap,,,0.0,0.0
93841,6384,PLEKHA3,,2020-09-08,2020-05-07,False,,,,,,,DepMap,,,0.0,0.0
114990,614,GCKR,,2023-03-30,2022-05-05,False,,,,,,,DepMap,,,0.0,0.0
93916,614,GCKR,,2020-05-19,2020-05-07,False,,,,,,,DepMap,,,0.0,0.0
106899,614,GCKR,,2021-06-15,2021-05-05,False,,,,,,,DepMap,,,0.0,0.0
114991,614,GCKR,,2023-03-30,2022-05-05,False,,,,,,,DepMap,,,0.0,0.0
114989,614,GCKR,,2023-03-30,2022-05-05,False,,,,,,,DepMap,,,0.0,0.0
114988,614,GCKR,,2023-03-30,2022-05-05,False,,,,,,,DepMap,,,0.0,0.0
139915,5017,MYO18B,,2022-12-05,2022-05-05,False,,,,,,,DepMap,,,0.0,0.0
139916,5017,MYO18B,,2022-12-05,2022-05-05,False,,,,,,,DepMap,,,0.0,0.0
130778,1443,APEX1,,2022-03-25,2021-05-05,False,,,,,,,DepMap,,,0.0,0.0
130779,1443,APEX1,,2022-03-25,2021-05-05,False,,,,,,,DepMap,,,0.0,0.0
135504,2616,DNMT1,,2021-02-08,2020-05-07,False,,,,,,,DepMap,,,1.0,1.0
144336,2616,DNMT1,,2020-09-09,2020-05-07,False,,,,,,,DepMap,,,1.0,1.0
79542,1040,NR3C1,,2022-08-31,2022-05-05,False,,,,,,,DepMap,,,0.0,0.0
130428,4146,PGR,,2022-08-02,2022-05-05,False,,,,,,,DepMap,,,0.0,0.0
130429,4146,PGR,,2022-08-02,2022-05-05,False,,,,,,,DepMap,,,0.0,0.0
139386,448,SLC22A4,,2021-09-30,2021-05-05,False,,,,,,,DepMap,,,0.0,0.0
117607,22640,SRD5A1,,2021-05-05,2021-05-05,False,,,,,,,DepMap,,,0.0,0.0
141340,22640,SRD5A1,,2023-06-13,2023-06-02,False,,,,,,,DepMap,,,0.0,0.0
141341,22640,SRD5A1,,2023-06-13,2023-06-02,False,,,,,,,DepMap,,,0.0,0.0
117609,22640,SRD5A1,,2021-05-05,2021-05-05,False,,,,,,,DepMap,,,0.0,0.0
141339,22640,SRD5A1,,2023-06-13,2023-06-02,False,,,,,,,DepMap,,,0.0,0.0
141342,22640,SRD5A1,,2023-06-13,2023-06-02,False,,,,,,,DepMap,,,0.0,0.0
141338,22640,SRD5A1,,2023-06-13,2023-06-02,False,,,,,,,DepMap,,,0.0,0.0
141343,22640,SRD5A1,,2023-06-13,2023-06-02,False,,,,,,,DepMap,,,0.0,0.0
141346,22640,SRD5A1,,2023-06-13,2023-06-02,False,,,,,,,DepMap,,,0.0,0.0
141344,22640,SRD5A1,,2023-06-13,2023-06-02,False,,,,,,,DepMap,,,0.0,0.0
117608,22640,SRD5A1,,2021-05-05,2021-05-05,False,,,,,,,DepMap,,,0.0,0.0
141345,22640,SRD5A1,,2023-06-13,2023-06-02,False,,,,,,,DepMap,,,0.0,0.0
141347,22640,SRD5A1,,2023-06-13,2023-06-02,False,,,,,,,DepMap,,,0.0,0.0
119630,28078,RPL28,,2021-12-29,2021-05-05,False,,,,,,,DepMap,,,1.0,1.0
152686,3571,NR1H4,,2021-03-01,2020-05-07,False,,,,,,,DepMap,,,0.0,0.0
152687,3571,NR1H4,,2021-03-01,2020-05-07,False,,,,,,,DepMap,,,0.0,0.0
152684,3571,NR1H4,,2021-03-01,2020-05-07,False,,,,,,,DepMap,,,0.0,0.0
152688,3571,NR1H4,,2021-03-01,2020-05-07,False,,,,,,,DepMap,,,0.0,0.0
152690,3571,NR1H4,,2021-03-01,2020-05-07,False,,,,,,,DepMap,,,0.0,0.0
152689,3571,NR1H4,,2021-03-01,2020-05-07,False,,,,,,,DepMap,,,0.0,0.0
152685,3571,NR1H4,,2021-03-01,2020-05-07,False,,,,,,,DepMap,,,0.0,0.0
85151,33,PDE4B,,2025-04-18,2023-06-02,False,,,,,,,DepMap,,,0.0,0.0
97106,27748,PNLIPRP3,,2021-10-05,2021-05-05,False,,,,,,,DepMap,,,0.0,0.0
150837,72603,reverse,,2024-01-04,2023-06-02,False,,,,,,,DepMap,,,0.0,0.0
150838,72603,reverse,,2024-01-04,2023-06-02,False,,,,,,,DepMap,,,0.0,0.0
150338,72603,reverse,,2022-10-17,2022-05-05,False,,,,,,,DepMap,,,0.0,0.0
141659,72603,reverse,,2021-02-24,2020-05-07,False,,,,,,,DepMap,,,0.0,0.0
141660,72603,reverse,,2021-02-24,2020-05-07,False,,,,,,,DepMap,,,0.0,0.0
141661,72603,reverse,,2021-02-24,2020-05-07,False,,,,,,,DepMap,,,0.0,0.0
145266,19833,PARP3,,2021-07-22,2021-05-05,False,,,,,,,DepMap,,,0.0,0.0
118005,73,SLC29A1,,2020-08-20,2020-05-07,False,,,,,,,DepMap,,,0.0,0.0
150902,22353,AADAC,,2023-02-01,2022-05-05,False,,,,,,,DepMap,,,0.0,0.0
134784,837,RPS6KA1,,2021-04-08,2020-05-07,False,,,,,,,DepMap,,,0.0,0.0
134785,837,RPS6KA1,,2021-04-08,2020-05-07,False,,,,,,,DepMap,,,0.0,0.0
134786,837,RPS6KA1,,2021-04-08,2020-05-07,False,,,,,,,DepMap,,,0.0,0.0
134787,837,RPS6KA1,,2021-04-08,2020-05-07,False,,,,,,,DepMap,,,0.0,0.0
145747,19782,GCGR,,2023-10-17,2023-06-02,False,,,,,,,DepMap,,,0.0,0.0
150646,19782,GCGR,,2025-03-26,2023-06-02,False,,,,,,,DepMap,,,0.0,0.0
98889,19782,GCGR,,2020-12-30,2020-05-07,False,,,,,,,DepMap,,,0.0,0.0
85161,19782,GCGR,,2020-08-06,2020-05-07,False,,,,,,,DepMap,,,0.0,0.0
123097,27882,ALG1L2,,2022-03-07,2021-05-05,False,,,,,,,DepMap,,,0.0,0.0
141349,903,INO80,,2023-06-13,2023-06-02,False,,,,,,,DepMap,,,1.0,1.0
129303,903,INO80,,2022-12-19,2022-05-05,False,,,,,,,DepMap,,,1.0,1.0
141348,903,INO80,,2023-06-13,2023-06-02,False,,,,,,,DepMap,,,1.0,1.0
137656,903,INO80,,2021-03-15,2020-05-07,False,,,,,,,DepMap,,,1.0,1.0
137657,903,INO80,,2021-03-15,2020-05-07,False,,,,,,,DepMap,,,1.0,1.0
141350,903,INO80,,2023-06-13,2023-06-02,False,,,,,,,DepMap,,,1.0,1.0
141351,903,INO80,,2023-06-13,2023-06-02,False,,,,,,,DepMap,,,1.0,1.0
141352,903,INO80,,2023-06-13,2023-06-02,False,,,,,,,DepMap,,,1.0,1.0
141353,903,INO80,,2023-06-13,2023-06-02,False,,,,,,,DepMap,,,1.0,1.0
141354,903,INO80,,2023-06-13,2023-06-02,False,,,,,,,DepMap,,,1.0,1.0
141355,903,INO80,,2023-06-13,2023-06-02,False,,,,,,,DepMap,,,1.0,1.0
141356,903,INO80,,2023-06-13,2023-06-02,False,,,,,,,DepMap,,,1.0,1.0
141357,903,INO80,,2023-06-13,2023-06-02,False,,,,,,,DepMap,,,1.0,1.0
141303,7006,NGRN,,2021-11-03,2021-05-05,False,,,,,,,DepMap,,,0.0,0.0
129339,1040,NR3C1,,2022-12-07,2022-05-05,False,,,,,,,DepMap,,,0.0,0.0
102636,614,GCKR,,2021-12-21,2021-05-05,False,,,,,,,DepMap,,,0.0,0.0
145402,3697,IRAK1,,2021-10-12,2021-05-05,False,,,,,,,DepMap,,,0.0,0.0
106339,1040,NR3C1,,2023-01-11,2022-05-05,False,,,,,,,DepMap,,,0.0,0.0
112377,7299,PTGFR,,2020-11-19,2020-05-07,False,,,,,,,DepMap,,,0.0,0.0
134795,1663,APOC2,,2020-06-11,2020-05-07,False,,,,,,,DepMap,,,0.0,0.0
134796,1663,APOC2,,2020-06-11,2020-05-07,False,,,,,,,DepMap,,,0.0,0.0
152775,2616,DNMT1,,2021-10-01,2021-05-05,False,,,,,,,DepMap,,,1.0,1.0
139693,2616,DNMT1,,2022-03-17,2021-05-05,False,,,,,,,DepMap,,,1.0,1.0
104318,1822,SNAP25,,2022-07-29,2022-05-05,False,,,,,,,DepMap,,,0.0,0.0
97114,727,INSR,,2023-04-03,2022-05-05,False,,,,,,,DepMap,,,0.0,0.0
89774,727,INSR,,2023-03-31,2022-05-05,False,,,,,,,DepMap,,,0.0,0.0
97115,727,INSR,,2023-04-03,2022-05-05,False,,,,,,,DepMap,,,0.0,0.0
97113,727,INSR,,2023-04-03,2022-05-05,False,,,,,,,DepMap,,,0.0,0.0
116144,727,INSR,,2024-04-30,2023-06-02,False,,,,,,,DepMap,,,0.0,0.0
108492,727,INSR,,2023-03-31,2022-05-05,False,,,,,,,DepMap,,,0.0,0.0
97116,727,INSR,,2023-04-03,2022-05-05,False,,,,,,,DepMap,,,0.0,0.0
97112,727,INSR,,2023-04-03,2022-05-05,False,,,,,,,DepMap,,,0.0,0.0
78471,1193,ALB,,2023-06-16,2023-06-02,False,,,,,,,DepMap,,,0.0,0.0
100714,17,PLG,,2023-01-29,2022-05-05,False,,,,,,,DepMap,,,0.0,0.0
125434,6933,GBE1,,2021-05-29,2021-05-05,False,,,,,,,DepMap,,,0.0,0.0
125430,6933,GBE1,,2021-05-29,2021-05-05,False,,,,,,,DepMap,,,0.0,0.0
125431,6933,GBE1,,2021-05-29,2021-05-05,False,,,,,,,DepMap,,,0.0,0.0
125432,6933,GBE1,,2021-05-29,2021-05-05,False,,,,,,,DepMap,,,0.0,0.0
125433,6933,GBE1,,2021-05-29,2021-05-05,False,,,,,,,DepMap,,,0.0,0.0
129389,16756,CLDN2,,2022-11-07,2022-05-05,False,,,,,,,DepMap,,,0.0,0.0
151154,16756,CLDN2,,2021-03-03,2020-05-07,False,,,,,,,DepMap,,,0.0,0.0
127255,16756,CLDN2,,2022-04-25,2021-05-05,False,,,,,,,DepMap,,,0.0,0.0
113774,16756,CLDN2,,2022-12-13,2022-05-05,False,,,,,,,DepMap,,,0.0,0.0
152359,17836,INSC,,2022-11-15,2022-05-05,False,,,,,,,DepMap,,,0.0,0.0
129294,17836,INSC,,2021-02-23,2020-05-07,False,,,,,,,DepMap,,,0.0,0.0
115318,17836,INSC,,2020-10-01,2020-05-07,False,,,,,,,DepMap,,,0.0,0.0
115317,17836,INSC,,2020-10-01,2020-05-07,False,,,,,,,DepMap,,,0.0,0.0
114266,17836,INSC,,2022-08-30,2022-05-05,False,,,,,,,DepMap,,,0.0,0.0
114265,17836,INSC,,2022-08-30,2022-05-05,False,,,,,,,DepMap,,,0.0,0.0
114264,17836,INSC,,2022-08-30,2022-05-05,False,,,,,,,DepMap,,,0.0,0.0
150669,17836,INSC,,2021-05-15,2021-05-05,False,,,,,,,DepMap,,,0.0,0.0
133017,17836,INSC,,2023-03-17,2022-05-05,False,,,,,,,DepMap,,,0.0,0.0
145748,17836,INSC,,2023-10-17,2023-06-02,False,,,,,,,DepMap,,,0.0,0.0
150670,17836,INSC,,2021-05-15,2021-05-05,False,,,,,,,DepMap,,,0.0,0.0
114181,17836,INSC,,2021-05-24,2021-05-05,False,,,,,,,DepMap,,,0.0,0.0
135062,17836,INSC,,2022-07-08,2022-05-05,False,,,,,,,DepMap,,,0.0,0.0
93054,442,GLRA1,,2024-06-19,2023-06-02,False,,,,,,,DepMap,,,0.0,0.0
121464,7112,NDRG3,,2021-01-12,2020-05-07,False,,,,,,,DepMap,,,0.0,0.0
121463,7112,NDRG3,,2021-01-12,2020-05-07,False,,,,,,,DepMap,,,0.0,0.0
100803,727,INSR,,2021-09-29,2021-05-05,False,,,,,,,DepMap,,,0.0,0.0
100804,727,INSR,,2021-09-29,2021-05-05,False,,,,,,,DepMap,,,0.0,0.0
125514,5269,IFNAR2,,2022-08-23,2022-05-05,False,,,,,,,DepMap,,,0.0,0.0
85945,3428,CSF2RB,,2020-08-18,2020-05-07,False,,,,,,,DepMap,,,0.0,0.0
85946,3428,CSF2RB,,2020-08-18,2020-05-07,False,,,,,,,DepMap,,,0.0,0.0
123123,3428,CSF2RB,,2020-05-27,2020-05-07,False,,,,,,,DepMap,,,0.0,0.0
137820,110,SERPINC1,,2022-09-27,2022-05-05,False,,,,,,,DepMap,,,0.0,0.0
137819,110,SERPINC1,,2022-09-27,2022-05-05,False,,,,,,,DepMap,,,0.0,0.0
137818,110,SERPINC1,,2022-09-27,2022-05-05,False,,,,,,,DepMap,,,0.0,0.0
141819,1350,ERBB2,,2021-08-13,2021-05-05,False,,,,,,,DepMap,,,0.0,0.0
139740,1350,ERBB2,,2020-12-15,2020-05-07,False,,,,,,,DepMap,,,0.0,0.0
152794,1350,ERBB2,,2022-12-30,2022-05-05,False,,,,,,,DepMap,,,0.0,0.0
152795,1350,ERBB2,,2022-12-30,2022-05-05,False,,,,,,,DepMap,,,0.0,0.0
141538,1350,ERBB2,,2022-02-01,2021-05-05,False,,,,,,,DepMap,,,0.0,0.0
141820,1350,ERBB2,,2021-08-13,2021-05-05,False,,,,,,,DepMap,,,0.0,0.0
149357,23516,DXO,,2021-10-08,2021-05-05,False,,,,,,,DepMap,,,0.0,0.0
131515,23516,DXO,,2021-12-09,2021-05-05,False,,,,,,,DepMap,,,0.0,0.0
85163,23516,DXO,,2020-08-06,2020-05-07,False,,,,,,,DepMap,,,0.0,0.0
131514,23516,DXO,,2021-12-09,2021-05-05,False,,,,,,,DepMap,,,0.0,0.0
131516,23516,DXO,,2021-12-09,2021-05-05,False,,,,,,,DepMap,,,0.0,0.0
131512,23516,DXO,,2021-12-09,2021-05-05,False,,,,,,,DepMap,,,0.0,0.0
83974,23516,DXO,,2022-12-13,2022-05-05,False,,,,,,,DepMap,,,0.0,0.0
131513,23516,DXO,,2021-12-09,2021-05-05,False,,,,,,,DepMap,,,0.0,0.0
139353,23516,DXO,,2021-01-28,2020-05-07,False,,,,,,,DepMap,,,0.0,0.0
83976,23516,DXO,,2022-12-13,2022-05-05,False,,,,,,,DepMap,,,0.0,0.0
83973,23516,DXO,,2022-12-13,2022-05-05,False,,,,,,,DepMap,,,0.0,0.0
83972,23516,DXO,,2022-12-13,2022-05-05,False,,,,,,,DepMap,,,0.0,0.0
146437,23516,DXO,,2022-12-22,2022-05-05,False,,,,,,,DepMap,,,0.0,0.0
83975,23516,DXO,,2022-12-13,2022-05-05,False,,,,,,,DepMap,,,0.0,0.0
93362,1350,ERBB2,,2020-11-23,2020-05-07,False,,,,,,,DepMap,,,0.0,0.0
111848,22640,SRD5A1,,2021-04-23,2020-05-07,False,,,,,,,DepMap,,,0.0,0.0
142183,723,TRPA1,,2020-08-15,2020-05-07,False,,,,,,,DepMap,,,0.0,0.0
107811,654,SLC5A2,,2021-06-17,2021-05-05,False,,,,,,,DepMap,,,0.0,0.0
107812,654,SLC5A2,,2021-06-17,2021-05-05,False,,,,,,,DepMap,,,0.0,0.0
107813,654,SLC5A2,,2021-06-17,2021-05-05,False,,,,,,,DepMap,,,0.0,0.0
126754,654,SLC5A2,,2024-06-04,2023-06-02,False,,,,,,,DepMap,,,0.0,0.0
107810,654,SLC5A2,,2021-06-17,2021-05-05,False,,,,,,,DepMap,,,0.0,0.0
115365,22620,NUDT2,,2024-09-17,2023-06-02,False,,,,,,,DepMap,,,0.0,0.0
138061,3440,RRM1,,2023-10-10,2023-06-02,False,,,,,,,DepMap,,,1.0,1.0
138060,3440,RRM1,,2023-10-10,2023-06-02,False,,,,,,,DepMap,,,1.0,1.0
151619,3440,RRM1,,2024-01-16,2023-06-02,False,,,,,,,DepMap,,,1.0,1.0
105563,3440,RRM1,,2020-05-28,2020-05-07,False,,,,,,,DepMap,,,1.0,1.0
148611,3440,RRM1,,2022-11-01,2022-05-05,False,,,,,,,DepMap,,,1.0,1.0
150388,3440,RRM1,,2024-03-29,2023-06-02,False,,,,,,,DepMap,,,1.0,1.0
148612,3440,RRM1,,2022-11-01,2022-05-05,False,,,,,,,DepMap,,,1.0,1.0
148610,3440,RRM1,,2022-11-01,2022-05-05,False,,,,,,,DepMap,,,1.0,1.0
148609,3440,RRM1,,2022-11-01,2022-05-05,False,,,,,,,DepMap,,,1.0,1.0
108929,33,PDE4B,,2022-03-08,2021-05-05,False,,,,,,,DepMap,,,0.0,0.0
139942,4525,LRRC4,,2021-06-04,2021-05-05,False,,,,,,,DepMap,,,0.0,0.0
116311,2876,GZMB,,2024-05-28,2023-06-02,False,,,,,,,DepMap,,,0.0,0.0
80537,2876,GZMB,,2020-10-13,2020-05-07,False,,,,,,,DepMap,,,0.0,0.0
106972,2876,GZMB,,2022-07-13,2022-05-05,False,,,,,,,DepMap,,,0.0,0.0
106973,2876,GZMB,,2022-07-13,2022-05-05,False,,,,,,,DepMap,,,0.0,0.0
101330,19782,GCGR,,2021-09-16,2021-05-05,False,,,,,,,DepMap,,,0.0,0.0
111882,19782,GCGR,,2020-06-30,2020-05-07,False,,,,,,,DepMap,,,0.0,0.0
149027,19782,GCGR,,2022-02-28,2021-05-05,False,,,,,,,DepMap,,,0.0,0.0
142045,19782,GCGR,,2021-08-06,2021-05-05,False,,,,,,,DepMap,,,0.0,0.0
101329,19782,GCGR,,2021-09-16,2021-05-05,False,,,,,,,DepMap,,,0.0,0.0
101328,19782,GCGR,,2021-09-16,2021-05-05,False,,,,,,,DepMap,,,0.0,0.0
101327,19782,GCGR,,2021-09-16,2021-05-05,False,,,,,,,DepMap,,,0.0,0.0
101326,19782,GCGR,,2021-09-16,2021-05-05,False,,,,,,,DepMap,,,0.0,0.0
101325,19782,GCGR,,2021-09-16,2021-05-05,False,,,,,,,DepMap,,,0.0,0.0
142046,19782,GCGR,,2021-08-06,2021-05-05,False,,,,,,,DepMap,,,0.0,0.0
142047,19782,GCGR,,2021-08-06,2021-05-05,False,,,,,,,DepMap,,,0.0,0.0
101331,19782,GCGR,,2021-09-16,2021-05-05,False,,,,,,,DepMap,,,0.0,0.0
101332,19782,GCGR,,2021-09-16,2021-05-05,False,,,,,,,DepMap,,,0.0,0.0
101333,19782,GCGR,,2021-09-16,2021-05-05,False,,,,,,,DepMap,,,0.0,0.0
109949,4373,HCRTR1,,2020-10-22,2020-05-07,False,,,,,,,DepMap,,,1.0,0.0
142372,7006,NGRN,,2021-05-20,2021-05-05,False,,,,,,,DepMap,,,0.0,0.0
114439,614,GCKR,,2024-07-10,2023-06-02,False,,,,,,,DepMap,,,0.0,0.0
99566,1040,NR3C1,,2022-04-28,2021-05-05,False,,,,,,,DepMap,,,0.0,0.0
99565,1040,NR3C1,,2022-04-28,2021-05-05,False,,,,,,,DepMap,,,0.0,0.0
85734,1040,NR3C1,,2022-08-31,2022-05-05,False,,,,,,,DepMap,,,0.0,0.0
148992,17835,LINC01356,,2020-09-16,2020-05-07,False,,,,,,,DepMap,,,0.0,0.0
148991,17835,LINC01356,,2020-09-16,2020-05-07,False,,,,,,,DepMap,,,0.0,0.0
120113,3,GUCY1A1,,2023-08-02,2023-06-02,False,,,,,,,DepMap,,,0.0,0.0
105499,4924,MYLK,,2020-05-22,2020-05-07,False,,,,,,,DepMap,,,0.0,0.0
130853,22579,SRD5A2,,2021-07-27,2021-05-05,False,,,,,,,DepMap,,,0.0,0.0
89292,1911,ACAT1,,2022-11-17,2022-05-05,False,,,,,,,DepMap,,,0.0,0.0
132262,1822,SNAP25,,2023-10-01,2023-06-02,False,,,,,,,DepMap,,,0.0,0.0
89019,1822,SNAP25,,2022-03-22,2021-05-05,False,,,,,,,DepMap,,,0.0,0.0
85470,1822,SNAP25,,2021-07-08,2021-05-05,False,,,,,,,DepMap,,,0.0,0.0
97924,17,PLG,,2020-12-15,2020-05-07,False,,,,,,,DepMap,,,0.0,0.0
142200,727,INSR,,2025-12-19,2023-06-02,False,,,,,,,DepMap,,,0.0,0.0
141992,6933,GBE1,,2022-03-07,2021-05-05,False,,,,,,,DepMap,,,0.0,0.0
87602,6933,GBE1,,2023-05-24,2022-05-05,False,,,,,,,DepMap,,,0.0,0.0
138062,1706,IL2RA,,2023-10-10,2023-06-02,False,,,,,,,DepMap,,,0.0,0.0
138063,1706,IL2RA,,2023-10-10,2023-06-02,False,,,,,,,DepMap,,,0.0,0.0
135655,6933,GBE1,,2021-02-08,2020-05-07,False,,,,,,,DepMap,,,0.0,0.0
153001,16756,CLDN2,,2021-06-01,2021-05-05,False,,,,,,,DepMap,,,0.0,0.0
87316,17836,INSC,,2022-04-12,2021-05-05,False,,,,,,,DepMap,,,0.0,0.0
101324,17836,INSC,,2021-09-16,2021-05-05,False,,,,,,,DepMap,,,0.0,0.0
101323,17836,INSC,,2021-09-16,2021-05-05,False,,,,,,,DepMap,,,0.0,0.0
101322,17836,INSC,,2021-09-16,2021-05-05,False,,,,,,,DepMap,,,0.0,0.0
90199,17836,INSC,,2022-07-25,2022-05-05,False,,,,,,,DepMap,,,0.0,0.0
90198,17836,INSC,,2022-07-25,2022-05-05,False,,,,,,,DepMap,,,0.0,0.0
101321,17836,INSC,,2021-09-16,2021-05-05,False,,,,,,,DepMap,,,0.0,0.0
101320,17836,INSC,,2021-09-16,2021-05-05,False,,,,,,,DepMap,,,0.0,0.0
101319,17836,INSC,,2021-09-16,2021-05-05,False,,,,,,,DepMap,,,0.0,0.0
101318,17836,INSC,,2021-09-16,2021-05-05,False,,,,,,,DepMap,,,0.0,0.0
101317,17836,INSC,,2021-09-16,2021-05-05,False,,,,,,,DepMap,,,0.0,0.0
101316,17836,INSC,,2021-09-16,2021-05-05,False,,,,,,,DepMap,,,0.0,0.0
101315,17836,INSC,,2021-09-16,2021-05-05,False,,,,,,,DepMap,,,0.0,0.0
101314,17836,INSC,,2021-09-16,2021-05-05,False,,,,,,,DepMap,,,0.0,0.0
85332,17836,INSC,,2021-07-01,2021-05-05,False,,,,,,,DepMap,,,0.0,0.0
134065,17836,INSC,,2021-08-20,2021-05-05,False,,,,,,,DepMap,,,0.0,0.0
140953,17836,INSC,,2023-06-29,2023-06-02,False,,,,,,,DepMap,,,0.0,0.0
140952,17836,INSC,,2023-06-29,2023-06-02,False,,,,,,,DepMap,,,0.0,0.0
140951,17836,INSC,,2023-06-29,2023-06-02,False,,,,,,,DepMap,,,0.0,0.0
132765,72648,F,,2021-11-30,2021-05-05,False,,,,,,,DepMap,,,0.0,0.0
87203,442,GLRA1,,2024-01-26,2023-06-02,False,,,,,,,DepMap,,,0.0,0.0
134279,442,GLRA1,,2021-04-15,2020-05-07,False,,,,,,,DepMap,,,0.0,0.0
146028,786,LHCGR,,2022-10-04,2022-05-05,False,,,,,,,DepMap,,,0.0,0.0
107011,5269,IFNAR2,,2020-05-25,2020-05-07,False,,,,,,,DepMap,,,0.0,0.0
149024,3428,CSF2RB,,2022-02-28,2021-05-05,False,,,,,,,DepMap,,,0.0,0.0
105565,1350,ERBB2,,2020-05-28,2020-05-07,False,,,,,,,DepMap,,,0.0,0.0
86424,1350,ERBB2,,2022-12-06,2022-05-05,False,,,,,,,DepMap,,,0.0,0.0
152236,1350,ERBB2,,2022-11-22,2022-05-05,False,,,,,,,DepMap,,,0.0,0.0
122553,448,SLC22A4,,2022-07-05,2022-05-05,False,,,,,,,DepMap,,,0.0,0.0
107085,620,AGTR1,,2021-11-05,2021-05-05,False,,,,,,,DepMap,,,0.0,0.0
153311,22640,SRD5A1,,2025-09-01,2023-06-02,False,,,,,,,DepMap,,,0.0,0.0
153312,22640,SRD5A1,,2025-09-01,2023-06-02,False,,,,,,,DepMap,,,0.0,0.0
92179,654,SLC5A2,,2020-12-22,2020-05-07,False,,,,,,,DepMap,,,0.0,0.0
118654,654,SLC5A2,,2020-11-18,2020-05-07,False,,,,,,,DepMap,,,0.0,0.0
142918,654,SLC5A2,,2022-04-06,2021-05-05,False,,,,,,,DepMap,,,0.0,0.0
100362,654,SLC5A2,,2024-01-10,2023-06-02,False,,,,,,,DepMap,,,0.0,0.0
92180,654,SLC5A2,,2020-12-22,2020-05-07,False,,,,,,,DepMap,,,0.0,0.0
86816,3440,RRM1,,2022-08-09,2022-05-05,False,,,,,,,DepMap,,,1.0,1.0
105058,33,PDE4B,,2024-07-25,2023-06-02,False,,,,,,,DepMap,,,0.0,0.0
92779,33,PDE4B,,2020-11-24,2020-05-07,False,,,,,,,DepMap,,,0.0,0.0
116576,33,PDE4B,,2023-11-06,2023-06-02,False,,,,,,,DepMap,,,0.0,0.0
118662,19833,PARP3,,2020-08-19,2020-05-07,False,,,,,,,DepMap,,,0.0,0.0
136831,4525,LRRC4,,2023-04-19,2022-05-05,False,,,,,,,DepMap,,,0.0,0.0
81063,1910,OCA2,,2020-05-26,2020-05-07,False,,,,,,,DepMap,,,0.0,0.0
146781,25285,PSMB11,,2021-11-09,2021-05-05,False,,,,,,,DepMap,,,0.0,0.0
114625,4337,DECR1,,2020-10-16,2020-05-07,False,,,,,,,DepMap,,,0.0,0.0
118665,19782,GCGR,,2020-08-19,2020-05-07,False,,,,,,,DepMap,,,0.0,0.0
145169,19782,GCGR,,2021-11-05,2021-05-05,False,,,,,,,DepMap,,,0.0,0.0
136536,19782,GCGR,,2021-03-10,2020-05-07,False,,,,,,,DepMap,,,0.0,0.0
103879,27882,ALG1L2,,2024-01-23,2023-06-02,False,,,,,,,DepMap,,,0.0,0.0
105789,1040,NR3C1,,2020-06-04,2020-05-07,False,,,,,,,DepMap,,,0.0,0.0
114438,614,GCKR,,2024-07-10,2023-06-02,False,,,,,,,DepMap,,,0.0,0.0
99968,6393,SLC6A9,,2022-10-31,2022-05-05,False,,,,,,,DepMap,,,0.0,0.0
126143,3,GUCY1A1,,2021-11-01,2021-05-05,False,,,,,,,DepMap,,,0.0,0.0
87093,4924,MYLK,,2020-09-14,2020-05-07,False,,,,,,,DepMap,,,0.0,0.0
126016,1822,SNAP25,,2025-01-22,2023-06-02,False,,,,,,,DepMap,,,0.0,0.0
94334,1822,SNAP25,,2022-03-30,2021-05-05,False,,,,,,,DepMap,,,0.0,0.0
125985,727,INSR,,2022-04-13,2021-05-05,False,,,,,,,DepMap,,,0.0,0.0
125986,727,INSR,,2022-04-13,2021-05-05,False,,,,,,,DepMap,,,0.0,0.0
88399,727,INSR,,2024-04-19,2023-06-02,False,,,,,,,DepMap,,,0.0,0.0
105429,727,INSR,,2023-01-14,2022-05-05,False,,,,,,,DepMap,,,0.0,0.0
120332,727,INSR,,2024-05-08,2023-06-02,False,,,,,,,DepMap,,,0.0,0.0
94030,727,INSR,,2024-02-15,2023-06-02,False,,,,,,,DepMap,,,0.0,0.0
150110,1193,ALB,,2024-02-01,2023-06-02,False,,,,,,,DepMap,,,0.0,0.0
151877,16756,CLDN2,,2021-09-01,2021-05-05,False,,,,,,,DepMap,,,0.0,0.0
102299,16756,CLDN2,,2020-06-30,2020-05-07,False,,,,,,,DepMap,,,0.0,0.0
81167,16756,CLDN2,,2021-10-04,2021-05-05,False,,,,,,,DepMap,,,0.0,0.0
136227,16756,CLDN2,,2021-10-12,2021-05-05,False,,,,,,,DepMap,,,0.0,0.0
140666,17836,INSC,,2023-10-10,2023-06-02,False,,,,,,,DepMap,,,0.0,0.0
142878,17836,INSC,,2021-11-02,2021-05-05,False,,,,,,,DepMap,,,0.0,0.0
142877,17836,INSC,,2021-11-02,2021-05-05,False,,,,,,,DepMap,,,0.0,0.0
142876,17836,INSC,,2021-11-02,2021-05-05,False,,,,,,,DepMap,,,0.0,0.0
142879,17836,INSC,,2021-11-02,2021-05-05,False,,,,,,,DepMap,,,0.0,0.0
97988,17836,INSC,,2020-11-25,2020-05-07,False,,,,,,,DepMap,,,0.0,0.0
118664,17836,INSC,,2020-08-19,2020-05-07,False,,,,,,,DepMap,,,0.0,0.0
128158,17836,INSC,,2021-04-01,2020-05-07,False,,,,,,,DepMap,,,0.0,0.0
79110,442,GLRA1,,2020-12-09,2020-05-07,False,,,,,,,DepMap,,,0.0,0.0
100198,5269,IFNAR2,,2020-07-03,2020-05-07,False,,,,,,,DepMap,,,0.0,0.0
150063,3428,CSF2RB,,2024-01-01,2023-06-02,False,,,,,,,DepMap,,,0.0,0.0
117019,3428,CSF2RB,,2021-04-27,2020-05-07,False,,,,,,,DepMap,,,0.0,0.0
150062,3428,CSF2RB,,2024-01-01,2023-06-02,False,,,,,,,DepMap,,,0.0,0.0
149920,1350,ERBB2,,2020-10-01,2020-05-07,False,,,,,,,DepMap,,,0.0,0.0
150166,1350,ERBB2,,2023-08-03,2023-06-02,False,,,,,,,DepMap,,,0.0,0.0
100773,17836,INSC,,2022-07-07,2022-05-05,False,,,,,,,DepMap,,,0.0,0.0
152983,17836,INSC,,2023-12-29,2023-06-02,False,,,,,,,DepMap,,,0.0,0.0
114182,17836,INSC,,2021-05-24,2021-05-05,False,,,,,,,DepMap,,,0.0,0.0
101088,23516,DXO,,2022-04-19,2021-05-05,False,,,,,,,DepMap,,,0.0,0.0
96726,1867,HES6,,2021-03-08,2020-05-07,False,,,,,,,DepMap,,,0.0,0.0
149245,1867,HES6,,2020-12-18,2020-05-07,False,,,,,,,DepMap,,,0.0,0.0
149246,1867,HES6,,2020-12-18,2020-05-07,False,,,,,,,DepMap,,,0.0,0.0
140499,1867,HES6,,2022-10-06,2022-05-05,False,,,,,,,DepMap,,,0.0,0.0
151380,7096,MPL,,2023-08-31,2023-06-02,False,,,,,,,DepMap,,,0.0,0.0
117965,7096,MPL,,2021-09-09,2021-05-05,False,,,,,,,DepMap,,,0.0,0.0
95119,1377,IL1B,,2023-12-12,2023-06-02,False,,,,,,,DepMap,,,0.0,0.0
141300,1377,IL1B,,2021-08-27,2021-05-05,False,,,,,,,DepMap,,,0.0,0.0
108575,1377,IL1B,,2021-03-30,2020-05-07,False,,,,,,,DepMap,,,0.0,0.0
78425,1155,IL23A,,2021-06-03,2021-05-05,False,,,,,,,DepMap,,,0.0,0.0
92823,1155,IL23A,,2022-06-28,2022-05-05,False,,,,,,,DepMap,,,0.0,0.0
141828,1155,IL23A,,2021-12-02,2021-05-05,False,,,,,,,DepMap,,,0.0,0.0
121359,2077,GATM,,2021-07-23,2021-05-05,False,,,,,,,DepMap,,,0.0,0.0
104349,7060,XCL1,,2023-01-03,2022-05-05,False,,,,,,,DepMap,,,0.0,0.0
85899,17812,CYP2A7,,2020-11-30,2020-05-07,False,,,,,,,DepMap,,,0.0,0.0
152774,17474,RHOBTB2,,2021-10-01,2021-05-05,False,,,,,,,DepMap,,,0.0,0.0
127347,17474,RHOBTB2,,2020-10-13,2020-05-07,False,,,,,,,DepMap,,,0.0,0.0
134818,77,IL6R,,2020-06-16,2020-05-07,False,,,,,,,DepMap,,,0.0,0.0
80450,16787,STBD1,,2021-06-17,2021-05-05,False,,,,,,,DepMap,,,0.0,0.0
100664,16787,STBD1,,2022-07-04,2022-05-05,False,,,,,,,DepMap,,,0.0,0.0
131526,16787,STBD1,,2022-06-17,2022-05-05,False,,,,,,,DepMap,,,0.0,0.0
150788,23257,DPP6,,2020-08-10,2020-05-07,False,,,,,,,DepMap,,,0.0,0.0
145319,23257,DPP6,,2022-01-06,2021-05-05,False,,,,,,,DepMap,,,0.0,0.0
84236,23257,DPP6,,2021-04-05,2020-05-07,False,,,,,,,DepMap,,,0.0,0.0
102893,5499,ABHD14B,,2023-07-06,2023-06-02,False,,,,,,,DepMap,,,0.0,0.0
102894,5499,ABHD14B,,2023-07-06,2023-06-02,False,,,,,,,DepMap,,,0.0,0.0
133380,2729,ATP6V0A1,,2022-12-01,2022-05-05,False,,,,,,,DepMap,,,0.0,0.0
133379,2729,ATP6V0A1,,2022-12-01,2022-05-05,False,,,,,,,DepMap,,,0.0,0.0
78809,2729,ATP6V0A1,,2021-12-06,2021-05-05,False,,,,,,,DepMap,,,0.0,0.0
133015,1522,FABP3,,2023-03-17,2022-05-05,False,,,,,,,DepMap,,,0.0,0.0
145401,903,INO80,,2021-10-12,2021-05-05,False,,,,,,,DepMap,,,1.0,1.0
152984,4567,PIGF,,2023-12-29,2023-06-02,False,,,,,,,DepMap,,,0.0,0.0
117170,4567,PIGF,,2023-01-23,2022-05-05,False,,,,,,,DepMap,,,0.0,0.0
133001,4567,PIGF,,2020-09-25,2020-05-07,False,,,,,,,DepMap,,,0.0,0.0
133000,4567,PIGF,,2020-09-25,2020-05-07,False,,,,,,,DepMap,,,0.0,0.0
100835,4567,PIGF,,2020-06-22,2020-05-07,False,,,,,,,DepMap,,,0.0,0.0
100655,4567,PIGF,,2023-05-31,2022-05-05,False,,,,,,,DepMap,,,0.0,0.0
152551,4567,PIGF,,2021-02-01,2020-05-07,False,,,,,,,DepMap,,,0.0,0.0
149534,4082,TNFSF13,,2022-11-02,2022-05-05,False,,,,,,,DepMap,,,0.0,0.0
152546,16738,CD3G,,2022-04-30,2021-05-05,False,,,,,,,DepMap,,,0.0,0.0
152545,16738,CD3G,,2022-04-30,2021-05-05,False,,,,,,,DepMap,,,0.0,0.0
152544,16738,CD3G,,2022-04-30,2021-05-05,False,,,,,,,DepMap,,,0.0,0.0
145569,16954,GRM7,,2022-04-29,2021-05-05,False,,,,,,,DepMap,,,0.0,0.0
145571,16954,GRM7,,2022-04-29,2021-05-05,False,,,,,,,DepMap,,,0.0,0.0
145568,16954,GRM7,,2022-04-29,2021-05-05,False,,,,,,,DepMap,,,0.0,0.0
152305,16954,GRM7,,2020-11-01,2020-05-07,False,,,,,,,DepMap,,,0.0,0.0
145570,16954,GRM7,,2022-04-29,2021-05-05,False,,,,,,,DepMap,,,0.0,0.0
145572,16954,GRM7,,2022-04-29,2021-05-05,False,,,,,,,DepMap,,,0.0,0.0
152797,2077,GATM,,2022-12-30,2022-05-05,False,,,,,,,DepMap,,,0.0,0.0
110511,2077,GATM,,2021-10-26,2021-05-05,False,,,,,,,DepMap,,,0.0,0.0
152796,2077,GATM,,2022-12-30,2022-05-05,False,,,,,,,DepMap,,,0.0,0.0
88226,1350,ERBB2,,2021-01-13,2020-05-07,False,,,,,,,DepMap,,,0.0,0.0
112075,1350,ERBB2,,2022-07-05,2022-05-05,False,,,,,,,DepMap,,,0.0,0.0
112074,1350,ERBB2,,2022-07-05,2022-05-05,False,,,,,,,DepMap,,,0.0,0.0
112076,1350,ERBB2,,2022-07-05,2022-05-05,False,,,,,,,DepMap,,,0.0,0.0
80427,6106,GYPC,,2020-12-09,2020-05-07,False,,,,,,,DepMap,,,0.0,0.0
80428,6106,GYPC,,2020-12-09,2020-05-07,False,,,,,,,DepMap,,,0.0,0.0
137651,443,GLRB,,2021-09-03,2021-05-05,False,,,,,,,DepMap,,,0.0,0.0
151264,443,GLRB,,2022-05-19,2022-05-05,False,,,,,,,DepMap,,,0.0,0.0
151265,443,GLRB,,2022-05-19,2022-05-05,False,,,,,,,DepMap,,,0.0,0.0
91556,933,NQO1,,2020-12-17,2020-05-07,False,,,,,,,DepMap,,,0.0,0.0
149497,23516,DXO,,2023-03-01,2022-05-05,False,,,,,,,DepMap,,,0.0,0.0
149496,23516,DXO,,2023-03-01,2022-05-05,False,,,,,,,DepMap,,,0.0,0.0
149498,23516,DXO,,2023-03-01,2022-05-05,False,,,,,,,DepMap,,,0.0,0.0
134656,23516,DXO,,2020-09-23,2020-05-07,False,,,,,,,DepMap,,,0.0,0.0
149500,23516,DXO,,2023-03-01,2022-05-05,False,,,,,,,DepMap,,,0.0,0.0
108562,23516,DXO,,2020-06-06,2020-05-07,False,,,,,,,DepMap,,,0.0,0.0
149501,23516,DXO,,2023-03-01,2022-05-05,False,,,,,,,DepMap,,,0.0,0.0
149502,23516,DXO,,2023-03-01,2022-05-05,False,,,,,,,DepMap,,,0.0,0.0
149503,23516,DXO,,2023-03-01,2022-05-05,False,,,,,,,DepMap,,,0.0,0.0
149499,23516,DXO,,2023-03-01,2022-05-05,False,,,,,,,DepMap,,,0.0,0.0
143745,3035,ACAA1,,2021-03-15,2020-05-07,False,,,,,,,DepMap,,,0.0,0.0
143744,3035,ACAA1,,2021-03-15,2020-05-07,False,,,,,,,DepMap,,,0.0,0.0
101090,104,FLT1,,2022-04-19,2021-05-05,False,,,,,,,DepMap,,,0.0,0.0
150745,1350,ERBB2,,2025-05-01,2023-06-02,False,,,,,,,DepMap,,,0.0,0.0
93364,1350,ERBB2,,2020-11-23,2020-05-07,False,,,,,,,DepMap,,,0.0,0.0
143352,1350,ERBB2,,2023-11-30,2023-06-02,False,,,,,,,DepMap,,,0.0,0.0
143353,1350,ERBB2,,2023-11-30,2023-06-02,False,,,,,,,DepMap,,,0.0,0.0
123157,1040,NR3C1,,2020-06-08,2020-05-07,False,,,,,,,DepMap,,,0.0,0.0
79848,7165,MAP2K6,,2020-08-19,2020-05-07,False,,,,,,,DepMap,,,0.0,0.0
150384,1350,ERBB2,,2024-03-29,2023-06-02,False,,,,,,,DepMap,,,0.0,0.0
152225,1350,ERBB2,,2022-03-11,2021-05-05,False,,,,,,,DepMap,,,0.0,0.0
151617,1350,ERBB2,,2024-01-16,2023-06-02,False,,,,,,,DepMap,,,0.0,0.0
85591,23516,DXO,,2021-09-14,2021-05-05,False,,,,,,,DepMap,,,0.0,0.0
95559,23516,DXO,,2020-06-15,2020-05-07,False,,,,,,,DepMap,,,0.0,0.0
85590,23516,DXO,,2021-09-14,2021-05-05,False,,,,,,,DepMap,,,0.0,0.0
112509,5961,HTRA3,,2022-02-15,2021-05-05,False,,,,,,,DepMap,,,0.0,0.0
112508,5961,HTRA3,,2022-02-15,2021-05-05,False,,,,,,,DepMap,,,0.0,0.0
112507,5961,HTRA3,,2022-02-15,2021-05-05,False,,,,,,,DepMap,,,0.0,0.0
87302,259,TUBB,,2020-08-04,2020-05-07,False,,,,,,,DepMap,,,1.0,1.0
101555,17836,INSC,,2024-03-06,2023-06-02,False,,,,,,,DepMap,,,0.0,0.0
85333,17836,INSC,,2021-07-01,2021-05-05,False,,,,,,,DepMap,,,0.0,0.0
134315,1867,HES6,,2025-01-06,2023-06-02,False,,,,,,,DepMap,,,0.0,0.0
134581,1867,HES6,,2023-07-14,2023-06-02,False,,,,,,,DepMap,,,0.0,0.0
134314,1867,HES6,,2025-01-06,2023-06-02,False,,,,,,,DepMap,,,0.0,0.0
153000,16756,CLDN2,,2021-06-01,2021-05-05,False,,,,,,,DepMap,,,0.0,0.0
144229,1377,IL1B,,2021-10-28,2021-05-05,False,,,,,,,DepMap,,,0.0,0.0
144230,1377,IL1B,,2021-10-28,2021-05-05,False,,,,,,,DepMap,,,0.0,0.0
148872,1155,IL23A,,2021-09-15,2021-05-05,False,,,,,,,DepMap,,,0.0,0.0
142255,1155,IL23A,,2022-12-07,2022-05-05,False,,,,,,,DepMap,,,0.0,0.0
79473,16787,STBD1,,2022-08-23,2022-05-05,False,,,,,,,DepMap,,,0.0,0.0
85610,16787,STBD1,,2022-05-24,2022-05-05,False,,,,,,,DepMap,,,0.0,0.0
109764,16787,STBD1,,2021-11-08,2021-05-05,False,,,,,,,DepMap,,,0.0,0.0
153017,16787,STBD1,,2025-10-01,2023-06-02,False,,,,,,,DepMap,,,0.0,0.0
132429,16787,STBD1,,2021-12-10,2021-05-05,False,,,,,,,DepMap,,,0.0,0.0
106814,23257,DPP6,,2020-06-05,2020-05-07,False,,,,,,,DepMap,,,0.0,0.0
97870,5499,ABHD14B,,2022-07-26,2022-05-05,False,,,,,,,DepMap,,,0.0,0.0
121133,1040,NR3C1,,2023-09-29,2023-06-02,False,,,,,,,DepMap,,,0.0,0.0
82424,19102,ALDH1B1,,2021-04-28,2020-05-07,False,,,,,,,DepMap,,,0.0,0.0
81383,903,INO80,,2024-04-29,2023-06-02,False,,,,,,,DepMap,,,1.0,1.0
81384,903,INO80,,2024-04-29,2023-06-02,False,,,,,,,DepMap,,,1.0,1.0
93725,6909,MUC4,,2021-03-26,2020-05-07,False,,,,,,,DepMap,,,0.0,0.0
126902,4567,PIGF,,2021-03-02,2020-05-07,False,,,,,,,DepMap,,,0.0,0.0
91076,4567,PIGF,,2023-08-23,2023-06-02,False,,,,,,,DepMap,,,0.0,0.0
141147,4567,PIGF,,2020-12-29,2020-05-07,False,,,,,,,DepMap,,,0.0,0.0
91077,4567,PIGF,,2023-08-23,2023-06-02,False,,,,,,,DepMap,,,0.0,0.0
91078,4567,PIGF,,2023-08-23,2023-06-02,False,,,,,,,DepMap,,,0.0,0.0
130764,4567,PIGF,,2021-06-23,2021-05-05,False,,,,,,,DepMap,,,0.0,0.0
141146,4567,PIGF,,2020-12-29,2020-05-07,False,,,,,,,DepMap,,,0.0,0.0
140269,4567,PIGF,,2021-08-27,2021-05-05,False,,,,,,,DepMap,,,0.0,0.0
91079,4567,PIGF,,2023-08-23,2023-06-02,False,,,,,,,DepMap,,,0.0,0.0
134527,4567,PIGF,,2021-03-02,2020-05-07,False,,,,,,,DepMap,,,0.0,0.0
91080,4567,PIGF,,2023-08-23,2023-06-02,False,,,,,,,DepMap,,,0.0,0.0
142319,4567,PIGF,,2020-09-30,2020-05-07,False,,,,,,,DepMap,,,0.0,0.0
126904,4567,PIGF,,2021-03-02,2020-05-07,False,,,,,,,DepMap,,,0.0,0.0
91081,4567,PIGF,,2023-08-23,2023-06-02,False,,,,,,,DepMap,,,0.0,0.0
140267,4567,PIGF,,2021-08-27,2021-05-05,False,,,,,,,DepMap,,,0.0,0.0
126903,4567,PIGF,,2021-03-02,2020-05-07,False,,,,,,,DepMap,,,0.0,0.0
140268,4567,PIGF,,2021-08-27,2021-05-05,False,,,,,,,DepMap,,,0.0,0.0
141149,4567,PIGF,,2020-12-29,2020-05-07,False,,,,,,,DepMap,,,0.0,0.0
141148,4567,PIGF,,2020-12-29,2020-05-07,False,,,,,,,DepMap,,,0.0,0.0
91073,4567,PIGF,,2023-08-23,2023-06-02,False,,,,,,,DepMap,,,0.0,0.0
91074,4567,PIGF,,2023-08-23,2023-06-02,False,,,,,,,DepMap,,,0.0,0.0
91075,4567,PIGF,,2023-08-23,2023-06-02,False,,,,,,,DepMap,,,0.0,0.0
113543,3770,CD80,,2023-12-28,2023-06-02,False,,,,,,,DepMap,,,0.0,0.0
126856,145,TUBA3C,,2021-01-26,2020-05-07,False,,,,,,,DepMap,,,0.0,0.0
126855,145,TUBA3C,,2021-01-26,2020-05-07,False,,,,,,,DepMap,,,0.0,0.0
126854,145,TUBA3C,,2021-01-26,2020-05-07,False,,,,,,,DepMap,,,0.0,0.0
142067,3476,GSR,,2022-08-31,2022-05-05,False,,,,,,,DepMap,,,0.0,0.0
105561,2077,GATM,,2020-05-28,2020-05-07,False,,,,,,,DepMap,,,0.0,0.0
135532,2129,DRD2,,2020-08-31,2020-05-07,False,,,,,,,DepMap,,,0.0,0.0
135942,406,IL6,,2021-03-31,2020-05-07,False,,,,,,,DepMap,,,0.0,0.0
77802,1274,IL13,,2023-08-28,2023-06-02,False,,,,,,,DepMap,,,0.0,0.0
148871,1527,ITGB7,,2024-09-23,2023-06-02,False,,,,,,,DepMap,,,0.0,0.0
105707,443,GLRB,,2022-01-25,2021-05-05,False,,,,,,,DepMap,,,0.0,0.0
119169,23516,DXO,,2021-11-08,2021-05-05,False,,,,,,,DepMap,,,0.0,0.0
119170,23516,DXO,,2021-11-08,2021-05-05,False,,,,,,,DepMap,,,0.0,0.0
146363,23282,PIK3R4,,2020-07-11,2020-05-07,False,,,,,,,DepMap,,,1.0,0.0
101143,104,FLT1,,2021-11-10,2021-05-05,False,,,,,,,DepMap,,,0.0,0.0
144035,104,FLT1,,2021-09-26,2021-05-05,False,,,,,,,DepMap,,,0.0,0.0
77721,448,SLC22A4,,2023-07-13,2023-06-02,False,,,,,,,DepMap,,,0.0,0.0
77722,448,SLC22A4,,2023-07-13,2023-06-02,False,,,,,,,DepMap,,,0.0,0.0
78590,2053,KCNA3,,2023-11-20,2023-06-02,False,,,,,,,DepMap,,,0.0,0.0
78597,2053,KCNA3,,2023-11-20,2023-06-02,False,,,,,,,DepMap,,,0.0,0.0
78589,2053,KCNA3,,2023-11-20,2023-06-02,False,,,,,,,DepMap,,,0.0,0.0
78593,2053,KCNA3,,2023-11-20,2023-06-02,False,,,,,,,DepMap,,,0.0,0.0
78594,2053,KCNA3,,2023-11-20,2023-06-02,False,,,,,,,DepMap,,,0.0,0.0
78598,2053,KCNA3,,2023-11-20,2023-06-02,False,,,,,,,DepMap,,,0.0,0.0
78599,2053,KCNA3,,2023-05-19,2022-05-05,False,,,,,,,DepMap,,,0.0,0.0
78595,2053,KCNA3,,2023-11-20,2023-06-02,False,,,,,,,DepMap,,,0.0,0.0
78596,2053,KCNA3,,2023-11-20,2023-06-02,False,,,,,,,DepMap,,,0.0,0.0
78600,2053,KCNA3,,2023-11-20,2023-06-02,False,,,,,,,DepMap,,,0.0,0.0
78592,2053,KCNA3,,2023-11-20,2023-06-02,False,,,,,,,DepMap,,,0.0,0.0
78591,2053,KCNA3,,2023-11-20,2023-06-02,False,,,,,,,DepMap,,,0.0,0.0
78601,2053,KCNA3,,2023-11-20,2023-06-02,False,,,,,,,DepMap,,,0.0,0.0
78602,2053,KCNA3,,2023-11-20,2023-06-02,False,,,,,,,DepMap,,,0.0,0.0
93750,59,EDNRA,,2022-11-14,2022-05-05,False,,,,,,,DepMap,,,0.0,0.0
102472,5715,CD3E,,2022-06-29,2022-05-05,False,,,,,,,DepMap,,,0.0,0.0
102473,5715,CD3E,,2022-06-29,2022-05-05,False,,,,,,,DepMap,,,0.0,0.0
143706,5715,CD3E,,2022-06-28,2022-05-05,False,,,,,,,DepMap,,,0.0,0.0
143705,5715,CD3E,,2022-06-28,2022-05-05,False,,,,,,,DepMap,,,0.0,0.0
117189,5715,CD3E,,2024-08-27,2023-06-02,False,,,,,,,DepMap,,,0.0,0.0
121683,5715,CD3E,,2022-01-11,2021-05-05,False,,,,,,,DepMap,,,0.0,0.0
128375,2949,TLR3,,2023-06-30,2023-06-02,False,,,,,,,DepMap,,,0.0,0.0
128376,2949,TLR3,,2023-06-30,2023-06-02,False,,,,,,,DepMap,,,0.0,0.0
149620,3480,CCL26,,2021-12-02,2021-05-05,False,,,,,,,DepMap,,,0.0,0.0
106528,211,GLP1R,,2024-02-06,2023-06-02,False,,,,,,,DepMap,,,0.0,0.0
104270,211,GLP1R,,2020-09-12,2020-05-07,False,,,,,,,DepMap,,,0.0,0.0
134952,211,GLP1R,,2024-04-08,2023-06-02,False,,,,,,,DepMap,,,0.0,0.0
365075,1822,SNAP25,,2023-11-22,2023-06-02,False,,,,,,,DepMap,,,0.0,0.0
80192,17838,CYP2A13,,2021-03-17,2020-05-07,False,,,,,,,DepMap,,,1.0,0.0
102485,4750,SERPING1,,2020-11-30,2020-05-07,False,,,,,,,DepMap,,,0.0,0.0
94429,5961,HTRA3,,2020-12-03,2020-05-07,False,,,,,,,DepMap,,,0.0,0.0
94430,5961,HTRA3,,2020-12-03,2020-05-07,False,,,,,,,DepMap,,,0.0,0.0
94431,5961,HTRA3,,2020-12-03,2020-05-07,False,,,,,,,DepMap,,,0.0,0.0
150295,16756,CLDN2,,2025-12-15,2023-06-02,False,,,,,,,DepMap,,,0.0,0.0
90372,5650,H4C2,,2024-03-29,2023-06-02,False,,,,,,,DepMap,,,0.0,0.0
139012,2453,ACAT2,,2020-10-14,2020-05-07,False,,,,,,,DepMap,,,0.0,0.0
139013,2453,ACAT2,,2020-10-14,2020-05-07,False,,,,,,,DepMap,,,0.0,0.0
81149,1867,HES6,,2021-01-25,2020-05-07,False,,,,,,,DepMap,,,0.0,0.0
86658,1867,HES6,,2021-10-14,2021-05-05,False,,,,,,,DepMap,,,0.0,0.0
138694,1867,HES6,,2021-12-06,2021-05-05,False,,,,,,,DepMap,,,0.0,0.0
107158,1867,HES6,,2023-07-05,2023-06-02,False,,,,,,,DepMap,,,0.0,0.0
87110,16756,CLDN2,,2021-10-25,2021-05-05,False,,,,,,,DepMap,,,0.0,0.0
129020,1155,IL23A,,2020-12-21,2020-05-07,False,,,,,,,DepMap,,,0.0,0.0
92158,1155,IL23A,,2021-03-24,2020-05-07,False,,,,,,,DepMap,,,0.0,0.0
133640,1155,IL23A,,2020-11-11,2020-05-07,False,,,,,,,DepMap,,,0.0,0.0
111153,1155,IL23A,,2021-01-11,2020-05-07,False,,,,,,,DepMap,,,0.0,0.0
105122,1155,IL23A,,2021-04-28,2020-05-07,False,,,,,,,DepMap,,,0.0,0.0
115254,77,IL6R,,2023-02-13,2022-05-05,False,,,,,,,DepMap,,,0.0,0.0
92594,77,IL6R,,2020-05-14,2020-05-07,False,,,,,,,DepMap,,,0.0,0.0
88499,77,IL6R,,2020-08-03,2020-05-07,False,,,,,,,DepMap,,,0.0,0.0
101983,16787,STBD1,,2021-09-21,2021-05-05,False,,,,,,,DepMap,,,0.0,0.0
141125,5499,ABHD14B,,2022-04-29,2021-05-05,False,,,,,,,DepMap,,,0.0,0.0
141124,5499,ABHD14B,,2022-04-29,2021-05-05,False,,,,,,,DepMap,,,0.0,0.0
142913,5314,MAP2K2,,2024-01-15,2023-06-02,False,,,,,,,DepMap,,,0.0,0.0
142914,5314,MAP2K2,,2024-01-15,2023-06-02,False,,,,,,,DepMap,,,0.0,0.0
142915,5314,MAP2K2,,2024-01-15,2023-06-02,False,,,,,,,DepMap,,,0.0,0.0
113138,3274,RPSA,,2021-10-28,2021-05-05,False,,,,,,,DepMap,,,1.0,1.0
116892,3274,RPSA,,2024-01-16,2023-06-02,False,,,,,,,DepMap,,,1.0,1.0
116891,3274,RPSA,,2024-01-16,2023-06-02,False,,,,,,,DepMap,,,1.0,1.0
136222,3274,RPSA,,2022-04-26,2021-05-05,False,,,,,,,DepMap,,,1.0,1.0
113137,3274,RPSA,,2021-10-28,2021-05-05,False,,,,,,,DepMap,,,1.0,1.0
122534,1522,FABP3,,2021-05-25,2021-05-05,False,,,,,,,DepMap,,,0.0,0.0
77089,4567,PIGF,,2021-07-22,2021-05-05,False,,,,,,,DepMap,,,0.0,0.0
105008,4567,PIGF,,2020-08-13,2020-05-07,False,,,,,,,DepMap,,,0.0,0.0
79338,4567,PIGF,,2020-05-28,2020-05-07,False,,,,,,,DepMap,,,0.0,0.0
79337,4567,PIGF,,2020-05-28,2020-05-07,False,,,,,,,DepMap,,,0.0,0.0
105007,4567,PIGF,,2020-08-13,2020-05-07,False,,,,,,,DepMap,,,0.0,0.0
94026,4567,PIGF,,2020-05-28,2020-05-07,False,,,,,,,DepMap,,,0.0,0.0
76975,4567,PIGF,,2022-05-16,2022-05-05,False,,,,,,,DepMap,,,0.0,0.0
151829,3258,CD19,,2020-06-05,2020-05-07,False,,,,,,,DepMap,,,0.0,0.0
130899,145,TUBA3C,,2020-11-12,2020-05-07,False,,,,,,,DepMap,,,0.0,0.0
145076,3754,APP,,2022-04-19,2021-05-05,False,,,,,,,DepMap,,,0.0,0.0
140994,3476,GSR,,2022-08-23,2022-05-05,False,,,,,,,DepMap,,,0.0,0.0
136532,2129,DRD2,,2021-03-10,2020-05-07,False,,,,,,,DepMap,,,0.0,0.0
136738,406,IL6,,2020-11-13,2020-05-07,False,,,,,,,DepMap,,,0.0,0.0
136739,406,IL6,,2020-11-13,2020-05-07,False,,,,,,,DepMap,,,0.0,0.0
136741,406,IL6,,2020-11-13,2020-05-07,False,,,,,,,DepMap,,,0.0,0.0
136740,406,IL6,,2020-11-13,2020-05-07,False,,,,,,,DepMap,,,0.0,0.0
136737,406,IL6,,2020-11-13,2020-05-07,False,,,,,,,DepMap,,,0.0,0.0
150296,1527,ITGB7,,2025-12-15,2023-06-02,False,,,,,,,DepMap,,,0.0,0.0
144840,443,GLRB,,2023-06-13,2023-06-02,False,,,,,,,DepMap,,,0.0,0.0
87092,443,GLRB,,2020-09-14,2020-05-07,False,,,,,,,DepMap,,,0.0,0.0
149724,4179,MYL4,,2020-12-18,2020-05-07,False,,,,,,,DepMap,,,0.0,0.0
82713,933,NQO1,,2022-06-22,2022-05-05,False,,,,,,,DepMap,,,0.0,0.0
118695,22620,NUDT2,,2022-06-22,2022-05-05,False,,,,,,,DepMap,,,0.0,0.0
118696,22620,NUDT2,,2022-06-22,2022-05-05,False,,,,,,,DepMap,,,0.0,0.0
142682,104,FLT1,,2022-04-28,2021-05-05,False,,,,,,,DepMap,,,0.0,0.0
109349,104,FLT1,,2021-03-29,2020-05-07,False,,,,,,,DepMap,,,0.0,0.0
109346,18042,COG8,,2020-11-30,2020-05-07,False,,,,,,,DepMap,,,1.0,1.0
122452,19824,FXYD2,,2020-09-28,2020-05-07,False,,,,,,,DepMap,,,0.0,0.0
109058,7014,STYK1,,2023-01-03,2022-05-05,False,,,,,,,DepMap,,,0.0,0.0
86598,956,PLA2G10,,2021-08-15,2021-05-05,False,,,,,,,DepMap,,,1.0,0.0
86600,956,PLA2G10,,2021-08-15,2021-05-05,False,,,,,,,DepMap,,,1.0,0.0
86599,956,PLA2G10,,2021-08-15,2021-05-05,False,,,,,,,DepMap,,,1.0,0.0
86597,956,PLA2G10,,2021-08-15,2021-05-05,False,,,,,,,DepMap,,,1.0,0.0
97253,6284,TACR1,,2022-08-01,2022-05-05,False,,,,,,,DepMap,,,0.0,0.0
97252,6284,TACR1,,2022-08-01,2022-05-05,False,,,,,,,DepMap,,,0.0,0.0
79374,72579,pol,,2021-08-14,2021-05-05,False,,,,,,,DepMap,,,0.0,0.0
85196,5715,CD3E,,2022-06-23,2022-05-05,False,,,,,,,DepMap,,,0.0,0.0
111610,5715,CD3E,,2020-12-16,2020-05-07,False,,,,,,,DepMap,,,0.0,0.0
85197,5715,CD3E,,2022-06-23,2022-05-05,False,,,,,,,DepMap,,,0.0,0.0
288101,1822,SNAP25,,2023-11-22,2023-06-02,False,,,,,,,DepMap,,,0.0,0.0
211127,1822,SNAP25,,2023-11-22,2023-06-02,False,,,,,,,DepMap,,,0.0,0.0
134153,1822,SNAP25,,2023-11-22,2023-06-02,False,,,,,,,DepMap,,,0.0,0.0
136843,7060,XCL1,,2021-12-28,2021-05-05,False,,,,,,,DepMap,,,0.0,0.0
83284,7060,XCL1,,2022-05-01,2021-05-05,False,,,,,,,DepMap,,,0.0,0.0
88650,4750,SERPING1,,2021-01-11,2020-05-07,False,,,,,,,DepMap,,,0.0,0.0
151466,17670,GM2A,,2023-05-31,2022-05-05,False,,,,,,,DepMap,,,0.0,0.0
125676,17670,GM2A,,2021-09-09,2021-05-05,False,,,,,,,DepMap,,,0.0,0.0
150835,17670,GM2A,,2021-08-25,2021-05-05,False,,,,,,,DepMap,,,0.0,0.0
123124,17670,GM2A,,2020-05-27,2020-05-07,False,,,,,,,DepMap,,,0.0,0.0
140465,17670,GM2A,,2020-07-27,2020-05-07,False,,,,,,,DepMap,,,0.0,0.0
141795,17670,GM2A,,2021-02-24,2020-05-07,False,,,,,,,DepMap,,,0.0,0.0
141796,17670,GM2A,,2021-02-24,2020-05-07,False,,,,,,,DepMap,,,0.0,0.0
141797,17670,GM2A,,2021-02-24,2020-05-07,False,,,,,,,DepMap,,,0.0,0.0
141798,17670,GM2A,,2021-02-24,2020-05-07,False,,,,,,,DepMap,,,0.0,0.0
151709,17670,GM2A,,2024-01-30,2023-06-02,False,,,,,,,DepMap,,,0.0,0.0
151710,17670,GM2A,,2024-01-30,2023-06-02,False,,,,,,,DepMap,,,0.0,0.0
151711,17670,GM2A,,2024-01-30,2023-06-02,False,,,,,,,DepMap,,,0.0,0.0
144471,17670,GM2A,,2022-02-14,2021-05-05,False,,,,,,,DepMap,,,0.0,0.0
143542,3819,CCN2,,2020-06-20,2020-05-07,False,,,,,,,DepMap,,,0.0,0.0
150753,1719,FCGR3A,,2021-12-16,2021-05-05,False,,,,,,,DepMap,,,0.0,0.0
114098,1974,IL15,,2020-08-24,2020-05-07,False,,,,,,,DepMap,,,0.0,0.0
86312,1242,IL18,,2021-11-18,2021-05-05,False,,,,,,,DepMap,,,0.0,0.0
145350,1867,HES6,,2021-03-31,2020-05-07,False,,,,,,,DepMap,,,0.0,0.0
88224,28035,CSTP1,,2021-01-13,2020-05-07,False,,,,,,,DepMap,,,0.0,0.0
139468,68,PDE9A,,2022-05-26,2022-05-05,False,,,,,,,DepMap,,,0.0,0.0
139469,68,PDE9A,,2022-05-26,2022-05-05,False,,,,,,,DepMap,,,0.0,0.0
139467,68,PDE9A,,2022-05-26,2022-05-05,False,,,,,,,DepMap,,,0.0,0.0
152778,4188,EGLN1,,2022-05-23,2022-05-05,False,,,,,,,DepMap,,,0.0,0.0
106224,6084,SLC6A3,,2022-06-29,2022-05-05,False,,,,,,,DepMap,,,0.0,0.0
81814,23098,GAS1,,2020-12-07,2020-05-07,False,,,,,,,DepMap,,,0.0,0.0
80104,33,PDE4B,,2025-03-28,2023-06-02,False,,,,,,,DepMap,,,0.0,0.0
135112,16874,PLOD3,,2021-12-06,2021-05-05,False,,,,,,,DepMap,,,0.0,0.0
135110,16874,PLOD3,,2021-12-06,2021-05-05,False,,,,,,,DepMap,,,0.0,0.0
135111,16874,PLOD3,,2021-12-06,2021-05-05,False,,,,,,,DepMap,,,0.0,0.0
135109,16874,PLOD3,,2021-12-06,2021-05-05,False,,,,,,,DepMap,,,0.0,0.0
143540,17670,GM2A,,2024-10-14,2023-06-02,False,,,,,,,DepMap,,,0.0,0.0
139808,17670,GM2A,,2022-08-17,2022-05-05,False,,,,,,,DepMap,,,0.0,0.0
139809,17670,GM2A,,2022-08-17,2022-05-05,False,,,,,,,DepMap,,,0.0,0.0
139810,17670,GM2A,,2022-08-17,2022-05-05,False,,,,,,,DepMap,,,0.0,0.0
139811,17670,GM2A,,2022-08-17,2022-05-05,False,,,,,,,DepMap,,,0.0,0.0
139812,17670,GM2A,,2022-08-17,2022-05-05,False,,,,,,,DepMap,,,0.0,0.0
139813,17670,GM2A,,2022-08-17,2022-05-05,False,,,,,,,DepMap,,,0.0,0.0
98886,17670,GM2A,,2020-12-30,2020-05-07,False,,,,,,,DepMap,,,0.0,0.0
82331,17670,GM2A,,2021-07-15,2021-05-05,False,,,,,,,DepMap,,,0.0,0.0
85159,17670,GM2A,,2020-08-06,2020-05-07,False,,,,,,,DepMap,,,0.0,0.0
143634,17670,GM2A,,2020-07-24,2020-05-07,False,,,,,,,DepMap,,,0.0,0.0
123224,17670,GM2A,,2021-07-28,2021-05-05,False,,,,,,,DepMap,,,0.0,0.0
143633,17670,GM2A,,2020-07-24,2020-05-07,False,,,,,,,DepMap,,,0.0,0.0
143632,17670,GM2A,,2020-07-24,2020-05-07,False,,,,,,,DepMap,,,0.0,0.0
143631,17670,GM2A,,2020-07-24,2020-05-07,False,,,,,,,DepMap,,,0.0,0.0
143630,17670,GM2A,,2020-07-24,2020-05-07,False,,,,,,,DepMap,,,0.0,0.0
143629,17670,GM2A,,2020-07-24,2020-05-07,False,,,,,,,DepMap,,,0.0,0.0
143628,17670,GM2A,,2020-07-24,2020-05-07,False,,,,,,,DepMap,,,0.0,0.0
131507,17670,GM2A,,2021-12-09,2021-05-05,False,,,,,,,DepMap,,,0.0,0.0
131508,17670,GM2A,,2021-12-09,2021-05-05,False,,,,,,,DepMap,,,0.0,0.0
131509,17670,GM2A,,2021-12-09,2021-05-05,False,,,,,,,DepMap,,,0.0,0.0
141418,17670,GM2A,,2021-09-07,2021-05-05,False,,,,,,,DepMap,,,0.0,0.0
131510,17670,GM2A,,2021-12-09,2021-05-05,False,,,,,,,DepMap,,,0.0,0.0
143627,17670,GM2A,,2020-07-24,2020-05-07,False,,,,,,,DepMap,,,0.0,0.0
143626,17670,GM2A,,2020-07-24,2020-05-07,False,,,,,,,DepMap,,,0.0,0.0
143625,17670,GM2A,,2020-07-24,2020-05-07,False,,,,,,,DepMap,,,0.0,0.0
143624,17670,GM2A,,2020-07-24,2020-05-07,False,,,,,,,DepMap,,,0.0,0.0
85904,17670,GM2A,,2020-10-26,2020-05-07,False,,,,,,,DepMap,,,0.0,0.0
143623,17670,GM2A,,2020-07-24,2020-05-07,False,,,,,,,DepMap,,,0.0,0.0
96779,17670,GM2A,,2020-05-12,2020-05-07,False,,,,,,,DepMap,,,0.0,0.0
123506,17670,GM2A,,2022-06-13,2022-05-05,False,,,,,,,DepMap,,,0.0,0.0
94872,17670,GM2A,,2021-10-07,2021-05-05,False,,,,,,,DepMap,,,0.0,0.0
141540,17670,GM2A,,2023-09-29,2023-06-02,False,,,,,,,DepMap,,,0.0,0.0
106239,17670,GM2A,,2020-10-21,2020-05-07,False,,,,,,,DepMap,,,0.0,0.0
106240,17670,GM2A,,2020-10-21,2020-05-07,False,,,,,,,DepMap,,,0.0,0.0
139738,17670,GM2A,,2021-09-23,2021-05-05,False,,,,,,,DepMap,,,0.0,0.0
139737,17670,GM2A,,2021-09-23,2021-05-05,False,,,,,,,DepMap,,,0.0,0.0
109604,17670,GM2A,,2021-04-07,2020-05-07,False,,,,,,,DepMap,,,0.0,0.0
109603,17670,GM2A,,2021-04-07,2020-05-07,False,,,,,,,DepMap,,,0.0,0.0
121431,17670,GM2A,,2021-11-09,2021-05-05,False,,,,,,,DepMap,,,0.0,0.0
91632,17670,GM2A,,2022-04-06,2021-05-05,False,,,,,,,DepMap,,,0.0,0.0
83962,17670,GM2A,,2022-12-13,2022-05-05,False,,,,,,,DepMap,,,0.0,0.0
149355,17670,GM2A,,2021-10-08,2021-05-05,False,,,,,,,DepMap,,,0.0,0.0
83963,17670,GM2A,,2022-12-13,2022-05-05,False,,,,,,,DepMap,,,0.0,0.0
83964,17670,GM2A,,2022-12-13,2022-05-05,False,,,,,,,DepMap,,,0.0,0.0
83965,17670,GM2A,,2022-12-13,2022-05-05,False,,,,,,,DepMap,,,0.0,0.0
106241,17670,GM2A,,2020-10-21,2020-05-07,False,,,,,,,DepMap,,,0.0,0.0
131511,17670,GM2A,,2021-12-09,2021-05-05,False,,,,,,,DepMap,,,0.0,0.0
150639,17670,GM2A,,2025-03-26,2023-06-02,False,,,,,,,DepMap,,,0.0,0.0
151199,17670,GM2A,,2023-09-15,2023-06-02,False,,,,,,,DepMap,,,0.0,0.0
83966,17670,GM2A,,2022-12-13,2022-05-05,False,,,,,,,DepMap,,,0.0,0.0
106242,17670,GM2A,,2020-10-21,2020-05-07,False,,,,,,,DepMap,,,0.0,0.0
143636,17670,GM2A,,2020-07-24,2020-05-07,False,,,,,,,DepMap,,,0.0,0.0
150870,17670,GM2A,,2021-08-15,2021-05-05,False,,,,,,,DepMap,,,0.0,0.0
143635,17670,GM2A,,2020-07-24,2020-05-07,False,,,,,,,DepMap,,,0.0,0.0
112150,5383,DNTT,,2022-11-16,2022-05-05,False,,,,,,,DepMap,,,0.0,0.0
112148,5383,DNTT,,2022-11-16,2022-05-05,False,,,,,,,DepMap,,,0.0,0.0
112149,5383,DNTT,,2022-11-16,2022-05-05,False,,,,,,,DepMap,,,0.0,0.0
149672,5383,DNTT,,2025-05-23,2023-06-02,False,,,,,,,DepMap,,,0.0,0.0
152776,2467,MALT1,,2021-10-01,2021-05-05,False,,,,,,,DepMap,,,0.0,0.0
150301,23032,TRDMT1,,2021-06-01,2021-05-05,False,,,,,,,DepMap,,,0.0,0.0
150781,1170,TFPI,,2024-08-02,2023-06-02,False,,,,,,,DepMap,,,0.0,0.0
95679,72579,pol,,2020-09-14,2020-05-07,False,,,,,,,DepMap,,,0.0,0.0
108867,211,GLP1R,,2021-04-13,2020-05-07,False,,,,,,,DepMap,,,0.0,0.0
132443,211,GLP1R,,2023-01-10,2022-05-05,False,,,,,,,DepMap,,,0.0,0.0
108865,211,GLP1R,,2021-04-13,2020-05-07,False,,,,,,,DepMap,,,0.0,0.0
108866,211,GLP1R,,2021-04-13,2020-05-07,False,,,,,,,DepMap,,,0.0,0.0
108863,211,GLP1R,,2021-04-13,2020-05-07,False,,,,,,,DepMap,,,0.0,0.0
132442,211,GLP1R,,2023-01-10,2022-05-05,False,,,,,,,DepMap,,,0.0,0.0
108864,211,GLP1R,,2021-04-13,2020-05-07,False,,,,,,,DepMap,,,0.0,0.0
519023,1822,SNAP25,,2023-11-22,2023-06-02,False,,,,,,,DepMap,,,0.0,0.0
442049,1822,SNAP25,,2023-11-22,2023-06-02,False,,,,,,,DepMap,,,0.0,0.0
111740,349,F9,,2022-05-18,2022-05-05,False,,,,,,,DepMap,,,0.0,0.0
114691,3201,UBE3A,,2020-10-01,2020-05-07,False,,,,,,,DepMap,,,0.0,0.0
105706,17670,GM2A,,2022-01-25,2021-05-05,False,,,,,,,DepMap,,,0.0,0.0
123837,17670,GM2A,,2021-02-17,2020-05-07,False,,,,,,,DepMap,,,0.0,0.0
123836,17670,GM2A,,2021-02-17,2020-05-07,False,,,,,,,DepMap,,,0.0,0.0
109763,17670,GM2A,,2021-11-08,2021-05-05,False,,,,,,,DepMap,,,0.0,0.0
110705,17670,GM2A,,2020-07-14,2020-05-07,False,,,,,,,DepMap,,,0.0,0.0
140464,17670,GM2A,,2020-07-27,2020-05-07,False,,,,,,,DepMap,,,0.0,0.0
140463,17670,GM2A,,2020-07-27,2020-05-07,False,,,,,,,DepMap,,,0.0,0.0
136678,17670,GM2A,,2023-11-27,2023-06-02,False,,,,,,,DepMap,,,0.0,0.0
102989,6372,DHFR,,2023-02-13,2022-05-05,False,,,,,,,DepMap,,,1.0,1.0
105915,3476,GSR,,2020-05-28,2020-05-07,False,,,,,,,DepMap,,,0.0,0.0
144045,7171,GLUD1,,2021-11-16,2021-05-05,False,,,,,,,DepMap,,,0.0,0.0
122107,1242,IL18,,2024-05-01,2023-06-02,False,,,,,,,DepMap,,,0.0,0.0
122106,1242,IL18,,2024-05-01,2023-06-02,False,,,,,,,DepMap,,,0.0,0.0
122108,1242,IL18,,2024-05-01,2023-06-02,False,,,,,,,DepMap,,,0.0,0.0
122109,1242,IL18,,2024-05-01,2023-06-02,False,,,,,,,DepMap,,,0.0,0.0
122110,1242,IL18,,2024-05-01,2023-06-02,False,,,,,,,DepMap,,,0.0,0.0
122111,1242,IL18,,2024-05-01,2023-06-02,False,,,,,,,DepMap,,,0.0,0.0
122112,1242,IL18,,2024-05-01,2023-06-02,False,,,,,,,DepMap,,,0.0,0.0
108850,1197,ALOX12,,2021-08-26,2021-05-05,False,,,,,,,DepMap,,,0.0,0.0
99547,68,PDE9A,,2022-05-26,2022-05-05,False,,,,,,,DepMap,,,0.0,0.0
99546,68,PDE9A,,2022-05-26,2022-05-05,False,,,,,,,DepMap,,,0.0,0.0
142229,2626,F5,,2021-11-04,2021-05-05,False,,,,,,,DepMap,,,0.0,0.0
151616,2626,F5,,2024-01-16,2023-06-02,False,,,,,,,DepMap,,,0.0,0.0
142230,2626,F5,,2021-11-04,2021-05-05,False,,,,,,,DepMap,,,0.0,0.0
87595,4188,EGLN1,,2020-07-22,2020-05-07,False,,,,,,,DepMap,,,0.0,0.0
91148,4188,EGLN1,,2020-05-26,2020-05-07,False,,,,,,,DepMap,,,0.0,0.0
130728,6406,NUPR1,,2021-10-06,2021-05-05,False,,,,,,,DepMap,,,0.0,0.0
130729,6406,NUPR1,,2021-10-06,2021-05-05,False,,,,,,,DepMap,,,0.0,0.0
122139,22620,NUDT2,,2024-07-18,2023-06-02,False,,,,,,,DepMap,,,0.0,0.0
89030,2273,SLC10A2,,2021-08-27,2021-05-05,False,,,,,,,DepMap,,,0.0,0.0
136190,17670,GM2A,,2022-06-21,2022-05-05,False,,,,,,,DepMap,,,0.0,0.0
132430,17670,GM2A,,2021-12-10,2021-05-05,False,,,,,,,DepMap,,,0.0,0.0
149026,17670,GM2A,,2022-02-28,2021-05-05,False,,,,,,,DepMap,,,0.0,0.0
144137,17670,GM2A,,2021-01-21,2020-05-07,False,,,,,,,DepMap,,,0.0,0.0
91048,17670,GM2A,,2021-03-16,2020-05-07,False,,,,,,,DepMap,,,0.0,0.0
144247,17670,GM2A,,2021-09-27,2021-05-05,False,,,,,,,DepMap,,,0.0,0.0
136191,17670,GM2A,,2022-06-21,2022-05-05,False,,,,,,,DepMap,,,0.0,0.0
135533,17670,GM2A,,2020-08-31,2020-05-07,False,,,,,,,DepMap,,,0.0,0.0
107740,17670,GM2A,,2021-02-03,2020-05-07,False,,,,,,,DepMap,,,0.0,0.0
90193,17670,GM2A,,2022-07-25,2022-05-05,False,,,,,,,DepMap,,,0.0,0.0
90192,17670,GM2A,,2022-07-25,2022-05-05,False,,,,,,,DepMap,,,0.0,0.0
136192,17670,GM2A,,2022-06-21,2022-05-05,False,,,,,,,DepMap,,,0.0,0.0
136193,17670,GM2A,,2022-06-21,2022-05-05,False,,,,,,,DepMap,,,0.0,0.0
149114,17670,GM2A,,2023-02-17,2022-05-05,False,,,,,,,DepMap,,,0.0,0.0
149115,17670,GM2A,,2023-02-17,2022-05-05,False,,,,,,,DepMap,,,0.0,0.0
136194,17670,GM2A,,2022-06-21,2022-05-05,False,,,,,,,DepMap,,,0.0,0.0
149116,17670,GM2A,,2023-02-17,2022-05-05,False,,,,,,,DepMap,,,0.0,0.0
101244,17670,GM2A,,2021-09-16,2021-05-05,False,,,,,,,DepMap,,,0.0,0.0
101241,17670,GM2A,,2021-09-16,2021-05-05,False,,,,,,,DepMap,,,0.0,0.0
101240,17670,GM2A,,2021-09-16,2021-05-05,False,,,,,,,DepMap,,,0.0,0.0
143132,17670,GM2A,,2021-01-07,2020-05-07,False,,,,,,,DepMap,,,0.0,0.0
140233,17670,GM2A,,2020-06-05,2020-05-07,False,,,,,,,DepMap,,,0.0,0.0
126859,17670,GM2A,,2021-01-26,2020-05-07,False,,,,,,,DepMap,,,0.0,0.0
126858,17670,GM2A,,2021-01-26,2020-05-07,False,,,,,,,DepMap,,,0.0,0.0
138483,17670,GM2A,,2021-12-07,2021-05-05,False,,,,,,,DepMap,,,0.0,0.0
138119,17670,GM2A,,2021-05-12,2021-05-05,False,,,,,,,DepMap,,,0.0,0.0
126857,17670,GM2A,,2021-01-26,2020-05-07,False,,,,,,,DepMap,,,0.0,0.0
132240,17670,GM2A,,2023-09-29,2023-06-02,False,,,,,,,DepMap,,,0.0,0.0
132241,17670,GM2A,,2023-09-29,2023-06-02,False,,,,,,,DepMap,,,0.0,0.0
138482,17670,GM2A,,2021-12-07,2021-05-05,False,,,,,,,DepMap,,,0.0,0.0
144248,17670,GM2A,,2021-09-27,2021-05-05,False,,,,,,,DepMap,,,0.0,0.0
139922,1170,TFPI,,2021-06-27,2021-05-05,False,,,,,,,DepMap,,,0.0,0.0
145331,1713,EPHB2,,2022-07-26,2022-05-05,False,,,,,,,DepMap,,,0.0,0.0
149396,1713,EPHB2,,2020-12-01,2020-05-07,False,,,,,,,DepMap,,,0.0,0.0
88091,6084,SLC6A3,,2025-03-26,2023-06-02,False,,,,,,,DepMap,,,0.0,0.0
88090,6084,SLC6A3,,2025-03-26,2023-06-02,False,,,,,,,DepMap,,,0.0,0.0
88092,6084,SLC6A3,,2025-03-26,2023-06-02,False,,,,,,,DepMap,,,0.0,0.0
88093,6084,SLC6A3,,2025-03-26,2023-06-02,False,,,,,,,DepMap,,,0.0,0.0
82181,6084,SLC6A3,,2022-09-12,2022-05-05,False,,,,,,,DepMap,,,0.0,0.0
86103,4419,DRD4,,2021-08-19,2021-05-05,False,,,,,,,DepMap,,,0.0,0.0
119380,16729,ALCAM,,2024-08-26,2023-06-02,False,,,,,,,DepMap,,,0.0,0.0
89660,199,CTRB1,,2023-03-30,2022-05-05,False,,,,,,,DepMap,,,0.0,0.0
92718,199,CTRB1,,2022-08-04,2022-05-05,False,,,,,,,DepMap,,,0.0,0.0
137531,6088,GRIN2D,,2021-12-02,2021-05-05,False,,,,,,,DepMap,,,0.0,0.0
141514,7069,DUSP26,,2022-01-14,2021-05-05,False,,,,,,,DepMap,,,0.0,0.0
137481,17983,CTNNA1,,2022-05-26,2022-05-05,False,,,,,,,DepMap,,,0.0,0.0
88648,4750,SERPING1,,2021-01-11,2020-05-07,False,,,,,,,DepMap,,,0.0,0.0
88649,4750,SERPING1,,2021-01-11,2020-05-07,False,,,,,,,DepMap,,,0.0,0.0
134003,17670,GM2A,,2021-03-17,2020-05-07,False,,,,,,,DepMap,,,0.0,0.0
122468,17670,GM2A,,2021-02-04,2020-05-07,False,,,,,,,DepMap,,,0.0,0.0
144841,17670,GM2A,,2023-06-13,2023-06-02,False,,,,,,,DepMap,,,0.0,0.0
122469,17670,GM2A,,2021-02-04,2020-05-07,False,,,,,,,DepMap,,,0.0,0.0
98350,17670,GM2A,,2021-06-25,2021-05-05,False,,,,,,,DepMap,,,0.0,0.0
122470,17670,GM2A,,2021-02-04,2020-05-07,False,,,,,,,DepMap,,,0.0,0.0
148185,17670,GM2A,,2022-03-14,2021-05-05,False,,,,,,,DepMap,,,0.0,0.0
148184,17670,GM2A,,2022-03-14,2021-05-05,False,,,,,,,DepMap,,,0.0,0.0
151948,17670,GM2A,,2021-01-15,2020-05-07,False,,,,,,,DepMap,,,0.0,0.0
79376,17670,GM2A,,2021-08-14,2021-05-05,False,,,,,,,DepMap,,,0.0,0.0
128181,17670,GM2A,,2021-12-18,2021-05-05,False,,,,,,,DepMap,,,0.0,0.0
99980,17670,GM2A,,2022-09-21,2022-05-05,False,,,,,,,DepMap,,,0.0,0.0
122467,17670,GM2A,,2021-02-04,2020-05-07,False,,,,,,,DepMap,,,0.0,0.0
87091,17670,GM2A,,2020-09-14,2020-05-07,False,,,,,,,DepMap,,,0.0,0.0
94659,17,PLG,,2021-06-22,2021-05-05,False,,,,,,,DepMap,,,0.0,0.0
124120,7146,PARD3,,2024-01-31,2023-06-02,False,,,,,,,DepMap,,,0.0,0.0
136210,7171,GLUD1,,2021-12-07,2021-05-05,False,,,,,,,DepMap,,,0.0,0.0
127989,1121,SELP,,2021-10-04,2021-05-05,False,,,,,,,DepMap,,,0.0,0.0
127988,1121,SELP,,2021-10-04,2021-05-05,False,,,,,,,DepMap,,,0.0,0.0
127987,1121,SELP,,2021-10-04,2021-05-05,False,,,,,,,DepMap,,,0.0,0.0
107482,1180,OLR1,,2021-06-30,2021-05-05,False,,,,,,,DepMap,,,0.0,0.0
107483,1180,OLR1,,2021-06-30,2021-05-05,False,,,,,,,DepMap,,,0.0,0.0
107480,1180,OLR1,,2021-06-30,2021-05-05,False,,,,,,,DepMap,,,0.0,0.0
107481,1180,OLR1,,2021-06-30,2021-05-05,False,,,,,,,DepMap,,,0.0,0.0
140572,1382,IL1A,,2021-05-03,2020-05-07,False,,,,,,,DepMap,,,0.0,0.0
131969,259,TUBB,,2021-01-13,2020-05-07,False,,,,,,,DepMap,,,1.0,1.0
85036,6494,SPHK2,,2020-07-02,2020-05-07,False,,,,,,,DepMap,,,0.0,0.0
129000,3148,PIERCE2,,2022-10-27,2022-05-05,False,,,,,,,DepMap,,,0.0,0.0
109082,28035,CSTP1,,2020-06-09,2020-05-07,False,,,,,,,DepMap,,,0.0,0.0
151754,17670,GM2A,,2023-10-01,2023-06-02,False,,,,,,,DepMap,,,0.0,0.0
136753,17670,GM2A,,2022-01-10,2021-05-05,False,,,,,,,DepMap,,,0.0,0.0
144983,17670,GM2A,,2021-05-24,2021-05-05,False,,,,,,,DepMap,,,0.0,0.0
144800,17670,GM2A,,2025-07-25,2023-06-02,False,,,,,,,DepMap,,,0.0,0.0
144799,17670,GM2A,,2025-07-25,2023-06-02,False,,,,,,,DepMap,,,0.0,0.0
144851,17670,GM2A,,2021-06-29,2021-05-05,False,,,,,,,DepMap,,,0.0,0.0
144982,17670,GM2A,,2021-05-24,2021-05-05,False,,,,,,,DepMap,,,0.0,0.0
145195,17670,GM2A,,2025-06-03,2023-06-02,False,,,,,,,DepMap,,,0.0,0.0
120871,17670,GM2A,,2021-06-07,2021-05-05,False,,,,,,,DepMap,,,0.0,0.0
136755,17670,GM2A,,2022-01-10,2021-05-05,False,,,,,,,DepMap,,,0.0,0.0
139243,17670,GM2A,,2024-10-03,2023-06-02,False,,,,,,,DepMap,,,0.0,0.0
139244,17670,GM2A,,2024-10-03,2023-06-02,False,,,,,,,DepMap,,,0.0,0.0
144839,17670,GM2A,,2023-06-13,2023-06-02,False,,,,,,,DepMap,,,0.0,0.0
136754,17670,GM2A,,2022-01-10,2021-05-05,False,,,,,,,DepMap,,,0.0,0.0
138657,17670,GM2A,,2023-09-18,2023-06-02,False,,,,,,,DepMap,,,0.0,0.0
146593,17670,GM2A,,2020-05-14,2020-05-07,False,,,,,,,DepMap,,,0.0,0.0
146592,17670,GM2A,,2020-05-14,2020-05-07,False,,,,,,,DepMap,,,0.0,0.0
145192,17670,GM2A,,2025-06-03,2023-06-02,False,,,,,,,DepMap,,,0.0,0.0
98244,17670,GM2A,,2023-03-15,2022-05-05,False,,,,,,,DepMap,,,0.0,0.0
145191,17670,GM2A,,2025-06-03,2023-06-02,False,,,,,,,DepMap,,,0.0,0.0
145193,17670,GM2A,,2025-06-03,2023-06-02,False,,,,,,,DepMap,,,0.0,0.0
142886,17670,GM2A,,2022-04-19,2021-05-05,False,,,,,,,DepMap,,,0.0,0.0
120872,17670,GM2A,,2021-06-07,2021-05-05,False,,,,,,,DepMap,,,0.0,0.0
120759,17670,GM2A,,2023-03-01,2022-05-05,False,,,,,,,DepMap,,,0.0,0.0
145194,17670,GM2A,,2025-06-03,2023-06-02,False,,,,,,,DepMap,,,0.0,0.0
148112,17670,GM2A,,2020-10-26,2020-05-07,False,,,,,,,DepMap,,,0.0,0.0
147955,17670,GM2A,,2023-05-30,2022-05-05,False,,,,,,,DepMap,,,0.0,0.0
129018,17670,GM2A,,2021-05-18,2021-05-05,False,,,,,,,DepMap,,,0.0,0.0
144798,17670,GM2A,,2025-07-25,2023-06-02,False,,,,,,,DepMap,,,0.0,0.0
137267,27865,ZNF829,,2023-11-29,2023-06-02,False,,,,,,,DepMap,,,0.0,0.0
141188,148,FDX1,,2021-11-24,2021-05-05,False,,,,,,,DepMap,,,0.0,0.0
124341,6084,SLC6A3,,2021-09-15,2021-05-05,False,,,,,,,DepMap,,,0.0,0.0
118745,6799,DLX6,,2022-12-29,2022-05-05,False,,,,,,,DepMap,,,0.0,0.0
118746,6799,DLX6,,2022-12-29,2022-05-05,False,,,,,,,DepMap,,,0.0,0.0
123078,17227,NFE4,,2021-04-21,2020-05-07,False,,,,,,,DepMap,,,0.0,0.0
146966,21013,MLST8,,2022-07-21,2022-05-05,False,,,,,,,DepMap,,,1.0,1.0
146963,21013,MLST8,,2022-07-21,2022-05-05,False,,,,,,,DepMap,,,1.0,1.0
146965,21013,MLST8,,2022-07-21,2022-05-05,False,,,,,,,DepMap,,,1.0,1.0
146964,21013,MLST8,,2022-07-21,2022-05-05,False,,,,,,,DepMap,,,1.0,1.0
77904,7069,DUSP26,,2021-01-26,2020-05-07,False,,,,,,,DepMap,,,0.0,0.0
137482,17983,CTNNA1,,2022-05-26,2022-05-05,False,,,,,,,DepMap,,,0.0,0.0
100799,26065,APBB1,,2020-09-15,2020-05-07,False,,,,,,,DepMap,,,0.0,0.0
104643,1713,EPHB2,,2021-07-12,2021-05-05,False,,,,,,,DepMap,,,0.0,0.0
104642,1713,EPHB2,,2021-03-10,2020-05-07,False,,,,,,,DepMap,,,0.0,0.0
104644,1713,EPHB2,,2021-07-12,2021-05-05,False,,,,,,,DepMap,,,0.0,0.0
150677,23516,DXO,,2020-11-01,2020-05-07,False,,,,,,,DepMap,,,0.0,0.0
113755,6142,AREL1,,2022-10-11,2022-05-05,False,,,,,,,DepMap,,,0.0,0.0
526464,3455,IGLC2,,2021-08-30,2021-05-05,False,,,,,,,DepMap,,,0.0,0.0
295542,3455,IGLC2,,2021-08-30,2021-05-05,False,,,,,,,DepMap,,,0.0,0.0
449490,3455,IGLC2,,2021-08-30,2021-05-05,False,,,,,,,DepMap,,,0.0,0.0
91896,27930,SCDP1,,2023-05-30,2022-05-05,False,,,,,,,DepMap,,,0.0,0.0
91895,27930,SCDP1,,2023-05-30,2022-05-05,False,,,,,,,DepMap,,,0.0,0.0
91894,27930,SCDP1,,2023-05-30,2022-05-05,False,,,,,,,DepMap,,,0.0,0.0
91893,27930,SCDP1,,2023-05-30,2022-05-05,False,,,,,,,DepMap,,,0.0,0.0
91897,27930,SCDP1,,2023-05-30,2022-05-05,False,,,,,,,DepMap,,,0.0,0.0
86017,2557,ETFB,,2021-03-29,2020-05-07,False,,,,,,,DepMap,,,0.0,0.0
135244,21094,PRKD3,,2021-05-07,2021-05-05,False,,,,,,,DepMap,,,0.0,0.0
78375,18069,HOXA3,,2021-02-24,2020-05-07,False,,,,,,,DepMap,,,0.0,0.0
152286,1687,MAPK1,,2021-07-01,2021-05-05,False,,,,,,,DepMap,,,0.0,0.0
123283,3925,ALPL,,2021-11-30,2021-05-05,False,,,,,,,DepMap,,,0.0,0.0
102468,21932,BCKDHA,,2022-06-29,2022-05-05,False,,,,,,,DepMap,,,0.0,0.0
102469,21932,BCKDHA,,2022-06-29,2022-05-05,False,,,,,,,DepMap,,,0.0,0.0
123378,365,GABRB3,,2021-07-26,2021-05-05,False,,,,,,,DepMap,,,0.0,0.0
93049,365,GABRB3,,2021-02-11,2020-05-07,False,,,,,,,DepMap,,,0.0,0.0
113948,5018,PIGT,,2023-04-07,2022-05-05,False,,,,,,,DepMap,,,0.0,0.0
87952,17559,CACNA1I,,2021-04-20,2020-05-07,False,,,,,,,DepMap,,,0.0,0.0
151288,1300,KDR,,2020-08-07,2020-05-07,False,,,,,,,DepMap,,,0.0,0.0
115718,1300,KDR,,2020-12-01,2020-05-07,False,,,,,,,DepMap,,,0.0,0.0
139341,104,FLT1,,2021-08-13,2021-05-05,False,,,,,,,DepMap,,,0.0,0.0
139343,104,FLT1,,2021-08-13,2021-05-05,False,,,,,,,DepMap,,,0.0,0.0
139342,104,FLT1,,2021-08-13,2021-05-05,False,,,,,,,DepMap,,,0.0,0.0
104610,5401,KDM1A,,2020-09-08,2020-05-07,False,,,,,,,DepMap,,,0.0,0.0
147395,68,PDE9A,,2020-10-16,2020-05-07,False,,,,,,,DepMap,,,0.0,0.0
85868,19457,EPHB3,,2024-08-28,2023-06-02,False,,,,,,,DepMap,,,0.0,0.0
85867,19457,EPHB3,,2024-08-28,2023-06-02,False,,,,,,,DepMap,,,0.0,0.0
114259,4104,DCTN3,,2022-08-30,2022-05-05,False,,,,,,,DepMap,,,1.0,1.0
114258,4104,DCTN3,,2022-08-30,2022-05-05,False,,,,,,,DepMap,,,1.0,1.0
114260,4104,DCTN3,,2022-08-30,2022-05-05,False,,,,,,,DepMap,,,1.0,1.0
83420,6084,SLC6A3,,2021-12-22,2021-05-05,False,,,,,,,DepMap,,,0.0,0.0
116517,4419,DRD4,,2021-07-27,2021-05-05,False,,,,,,,DepMap,,,0.0,0.0
116518,4419,DRD4,,2021-07-27,2021-05-05,False,,,,,,,DepMap,,,0.0,0.0
125046,1644,ANPEP,,2021-05-18,2021-05-05,False,,,,,,,DepMap,,,0.0,0.0
146353,27,APOB,,2021-03-18,2020-05-07,False,,,,,,,DepMap,,,0.0,0.0
135909,17222,DPAGT1,,2020-09-29,2020-05-07,False,,,,,,,DepMap,,,1.0,1.0
135905,17222,DPAGT1,,2020-09-29,2020-05-07,False,,,,,,,DepMap,,,1.0,1.0
135921,17222,DPAGT1,,2020-09-29,2020-05-07,False,,,,,,,DepMap,,,1.0,1.0
135920,17222,DPAGT1,,2020-09-29,2020-05-07,False,,,,,,,DepMap,,,1.0,1.0
135919,17222,DPAGT1,,2020-09-29,2020-05-07,False,,,,,,,DepMap,,,1.0,1.0
135918,17222,DPAGT1,,2020-09-29,2020-05-07,False,,,,,,,DepMap,,,1.0,1.0
135917,17222,DPAGT1,,2020-09-29,2020-05-07,False,,,,,,,DepMap,,,1.0,1.0
135916,17222,DPAGT1,,2020-09-29,2020-05-07,False,,,,,,,DepMap,,,1.0,1.0
135915,17222,DPAGT1,,2020-09-29,2020-05-07,False,,,,,,,DepMap,,,1.0,1.0
135914,17222,DPAGT1,,2020-09-29,2020-05-07,False,,,,,,,DepMap,,,1.0,1.0
135906,17222,DPAGT1,,2020-09-29,2020-05-07,False,,,,,,,DepMap,,,1.0,1.0
135913,17222,DPAGT1,,2020-09-29,2020-05-07,False,,,,,,,DepMap,,,1.0,1.0
135912,17222,DPAGT1,,2020-09-29,2020-05-07,False,,,,,,,DepMap,,,1.0,1.0
135907,17222,DPAGT1,,2020-09-29,2020-05-07,False,,,,,,,DepMap,,,1.0,1.0
135911,17222,DPAGT1,,2020-09-29,2020-05-07,False,,,,,,,DepMap,,,1.0,1.0
135910,17222,DPAGT1,,2020-09-29,2020-05-07,False,,,,,,,DepMap,,,1.0,1.0
135908,17222,DPAGT1,,2020-09-29,2020-05-07,False,,,,,,,DepMap,,,1.0,1.0
145998,2407,EIF4G2,,2021-03-17,2020-05-07,False,,,,,,,DepMap,,,1.0,1.0
145997,2407,EIF4G2,,2021-03-17,2020-05-07,False,,,,,,,DepMap,,,1.0,1.0
142215,17983,CTNNA1,,2021-01-07,2020-05-07,False,,,,,,,DepMap,,,0.0,0.0
142217,17983,CTNNA1,,2021-01-07,2020-05-07,False,,,,,,,DepMap,,,0.0,0.0
142216,17983,CTNNA1,,2021-01-07,2020-05-07,False,,,,,,,DepMap,,,0.0,0.0
142209,17983,CTNNA1,,2021-01-07,2020-05-07,False,,,,,,,DepMap,,,0.0,0.0
142214,17983,CTNNA1,,2021-01-07,2020-05-07,False,,,,,,,DepMap,,,0.0,0.0
142210,17983,CTNNA1,,2021-01-07,2020-05-07,False,,,,,,,DepMap,,,0.0,0.0
142211,17983,CTNNA1,,2021-01-07,2020-05-07,False,,,,,,,DepMap,,,0.0,0.0
142213,17983,CTNNA1,,2021-01-07,2020-05-07,False,,,,,,,DepMap,,,0.0,0.0
142212,17983,CTNNA1,,2021-01-07,2020-05-07,False,,,,,,,DepMap,,,0.0,0.0
93406,26065,APBB1,,2022-05-19,2022-05-05,False,,,,,,,DepMap,,,0.0,0.0
148453,1713,EPHB2,,2021-03-10,2020-05-07,False,,,,,,,DepMap,,,0.0,0.0
95531,23516,DXO,,2020-09-11,2020-05-07,False,,,,,,,DepMap,,,0.0,0.0
95532,23516,DXO,,2020-09-11,2020-05-07,False,,,,,,,DepMap,,,0.0,0.0
79631,6087,SCN11A,,2020-06-16,2020-05-07,False,,,,,,,DepMap,,,0.0,0.0
138182,2273,SLC10A2,,2021-01-04,2020-05-07,False,,,,,,,DepMap,,,0.0,0.0
115042,4822,GP5,,2021-06-18,2021-05-05,False,,,,,,,DepMap,,,0.0,0.0
112612,4822,GP5,,2020-07-02,2020-05-07,False,,,,,,,DepMap,,,0.0,0.0
93915,6098,CDKN2C,,2020-05-19,2020-05-07,False,,,,,,,DepMap,,,0.0,0.0
130780,5027,MTREX,,2022-03-25,2021-05-05,False,,,,,,,DepMap,,,1.0,1.0
130781,5027,MTREX,,2022-03-25,2021-05-05,False,,,,,,,DepMap,,,1.0,1.0
126554,2728,TADA1,,2022-07-25,2022-05-05,False,,,,,,,DepMap,,,0.0,0.0
126555,2728,TADA1,,2022-07-25,2022-05-05,False,,,,,,,DepMap,,,0.0,0.0
83844,2728,TADA1,,2021-02-18,2020-05-07,False,,,,,,,DepMap,,,0.0,0.0
83843,2728,TADA1,,2022-06-27,2022-05-05,False,,,,,,,DepMap,,,0.0,0.0
126557,2728,TADA1,,2022-07-25,2022-05-05,False,,,,,,,DepMap,,,0.0,0.0
126556,2728,TADA1,,2022-07-25,2022-05-05,False,,,,,,,DepMap,,,0.0,0.0
83845,2728,TADA1,,2021-02-18,2020-05-07,False,,,,,,,DepMap,,,0.0,0.0
126558,2728,TADA1,,2022-07-25,2022-05-05,False,,,,,,,DepMap,,,0.0,0.0
130791,2728,TADA1,,2022-01-12,2021-05-05,False,,,,,,,DepMap,,,0.0,0.0
372516,3455,IGLC2,,2021-08-30,2021-05-05,False,,,,,,,DepMap,,,0.0,0.0
141594,3455,IGLC2,,2021-08-30,2021-05-05,False,,,,,,,DepMap,,,0.0,0.0
149091,21165,EIF4EBP2,,2021-04-30,2020-05-07,False,,,,,,,DepMap,,,0.0,0.0
138240,21165,EIF4EBP2,,2021-01-06,2020-05-07,False,,,,,,,DepMap,,,0.0,0.0
149090,21165,EIF4EBP2,,2021-04-30,2020-05-07,False,,,,,,,DepMap,,,0.0,0.0
149092,21165,EIF4EBP2,,2021-04-30,2020-05-07,False,,,,,,,DepMap,,,0.0,0.0
138239,21165,EIF4EBP2,,2021-01-06,2020-05-07,False,,,,,,,DepMap,,,0.0,0.0
138238,21165,EIF4EBP2,,2021-01-06,2020-05-07,False,,,,,,,DepMap,,,0.0,0.0
118431,2793,NR3C2,,2021-01-26,2020-05-07,False,,,,,,,DepMap,,,0.0,0.0
118358,2515,KEAP1,,2021-11-18,2021-05-05,False,,,,,,,DepMap,,,0.0,0.0
101602,5737,COL12A1,,2022-09-15,2022-05-05,False,,,,,,,DepMap,,,0.0,0.0
126697,5737,COL12A1,,2022-05-23,2022-05-05,False,,,,,,,DepMap,,,0.0,0.0
135724,3625,MET,,2022-11-21,2022-05-05,False,,,,,,,DepMap,,,0.0,0.0
111696,1040,NR3C1,,2020-07-27,2020-05-07,False,,,,,,,DepMap,,,0.0,0.0
135569,1687,MAPK1,,2020-06-12,2020-05-07,False,,,,,,,DepMap,,,0.0,0.0
120172,365,GABRB3,,2020-12-08,2020-05-07,False,,,,,,,DepMap,,,0.0,0.0
94587,17559,CACNA1I,,2021-04-26,2020-05-07,False,,,,,,,DepMap,,,0.0,0.0
94586,17559,CACNA1I,,2021-04-26,2020-05-07,False,,,,,,,DepMap,,,0.0,0.0
89231,1694,AQP9,,2022-08-02,2022-05-05,False,,,,,,,DepMap,,,0.0,0.0
150524,1694,AQP9,,2022-06-22,2022-05-05,False,,,,,,,DepMap,,,0.0,0.0
105807,5401,KDM1A,,2021-12-15,2021-05-05,False,,,,,,,DepMap,,,0.0,0.0
125034,5401,KDM1A,,2023-09-07,2023-06-02,False,,,,,,,DepMap,,,0.0,0.0
105808,5401,KDM1A,,2021-12-15,2021-05-05,False,,,,,,,DepMap,,,0.0,0.0
101135,19457,EPHB3,,2022-11-14,2022-05-05,False,,,,,,,DepMap,,,0.0,0.0
101136,19457,EPHB3,,2022-11-14,2022-05-05,False,,,,,,,DepMap,,,0.0,0.0
101134,19457,EPHB3,,2022-11-14,2022-05-05,False,,,,,,,DepMap,,,0.0,0.0
123775,4757,CSN3,,2020-06-25,2020-05-07,False,,,,,,,DepMap,,,0.0,0.0
113633,19782,GCGR,,2023-06-23,2023-06-02,False,,,,,,,DepMap,,,0.0,0.0
113632,19782,GCGR,,2023-06-23,2023-06-02,False,,,,,,,DepMap,,,0.0,0.0
113631,19782,GCGR,,2023-06-23,2023-06-02,False,,,,,,,DepMap,,,0.0,0.0
104562,1244,ACKR3,,2022-10-30,2022-05-05,False,,,,,,,DepMap,,,0.0,0.0
152792,2457,PIK3CD,,2022-12-30,2022-05-05,False,,,,,,,DepMap,,,0.0,0.0
152793,2457,PIK3CD,,2022-12-30,2022-05-05,False,,,,,,,DepMap,,,0.0,0.0
115989,211,GLP1R,,2022-07-14,2022-05-05,False,,,,,,,DepMap,,,0.0,0.0
135012,3038,RHO,,2021-07-15,2021-05-05,False,,,,,,,DepMap,,,0.0,0.0
112821,3575,EFNB2,,2021-08-17,2021-05-05,False,,,,,,,DepMap,,,0.0,0.0
84235,1419,PDCD1,,2021-04-05,2020-05-07,False,,,,,,,DepMap,,,0.0,0.0
143730,1716,HMGB1,,2021-01-05,2020-05-07,False,,,,,,,DepMap,,,1.0,0.0
143731,1716,HMGB1,,2021-01-05,2020-05-07,False,,,,,,,DepMap,,,1.0,0.0
143728,1716,HMGB1,,2021-01-05,2020-05-07,False,,,,,,,DepMap,,,1.0,0.0
143729,1716,HMGB1,,2021-01-05,2020-05-07,False,,,,,,,DepMap,,,1.0,0.0
149488,17886,ROR1,,2023-03-01,2022-05-05,False,,,,,,,DepMap,,,0.0,0.0
149491,17886,ROR1,,2023-03-01,2022-05-05,False,,,,,,,DepMap,,,0.0,0.0
149492,17886,ROR1,,2023-03-01,2022-05-05,False,,,,,,,DepMap,,,0.0,0.0
149494,17886,ROR1,,2023-03-01,2022-05-05,False,,,,,,,DepMap,,,0.0,0.0
149493,17886,ROR1,,2023-03-01,2022-05-05,False,,,,,,,DepMap,,,0.0,0.0
149495,17886,ROR1,,2023-03-01,2022-05-05,False,,,,,,,DepMap,,,0.0,0.0
149489,17886,ROR1,,2023-03-01,2022-05-05,False,,,,,,,DepMap,,,0.0,0.0
149490,17886,ROR1,,2023-03-01,2022-05-05,False,,,,,,,DepMap,,,0.0,0.0
115710,17081,CRYL1,,2020-09-23,2020-05-07,False,,,,,,,DepMap,,,0.0,0.0
104458,27865,ZNF829,,2024-08-30,2023-06-02,False,,,,,,,DepMap,,,0.0,0.0
110536,17670,GM2A,,2020-12-08,2020-05-07,False,,,,,,,DepMap,,,0.0,0.0
148000,5735,CCNL2,,2023-07-31,2023-06-02,False,,,,,,,DepMap,,,0.0,0.0
140729,6156,GRIA2,,2020-07-24,2020-05-07,False,,,,,,,DepMap,,,0.0,0.0
140730,6156,GRIA2,,2020-07-24,2020-05-07,False,,,,,,,DepMap,,,0.0,0.0
140728,6156,GRIA2,,2020-07-24,2020-05-07,False,,,,,,,DepMap,,,0.0,0.0
140727,6156,GRIA2,,2020-07-24,2020-05-07,False,,,,,,,DepMap,,,0.0,0.0
140726,6156,GRIA2,,2020-07-24,2020-05-07,False,,,,,,,DepMap,,,0.0,0.0
140725,6156,GRIA2,,2020-07-24,2020-05-07,False,,,,,,,DepMap,,,0.0,0.0
129850,17224,CLDN10,,2021-11-16,2021-05-05,False,,,,,,,DepMap,,,0.0,0.0
96545,3571,NR1H4,,2020-06-18,2020-05-07,False,,,,,,,DepMap,,,0.0,0.0
85218,2728,TADA1,,2021-02-18,2020-05-07,False,,,,,,,DepMap,,,0.0,0.0
85220,2728,TADA1,,2021-12-15,2021-05-05,False,,,,,,,DepMap,,,0.0,0.0
85219,2728,TADA1,,2021-12-15,2021-05-05,False,,,,,,,DepMap,,,0.0,0.0
96099,1341,GGT5,,2020-10-20,2020-05-07,False,,,,,,,DepMap,,,0.0,0.0
218568,3455,IGLC2,,2021-08-30,2021-05-05,False,,,,,,,DepMap,,,0.0,0.0
144518,21165,EIF4EBP2,,2021-06-04,2021-05-05,False,,,,,,,DepMap,,,0.0,0.0
130910,21165,EIF4EBP2,,2021-05-14,2021-05-05,False,,,,,,,DepMap,,,0.0,0.0
144516,21165,EIF4EBP2,,2021-06-04,2021-05-05,False,,,,,,,DepMap,,,0.0,0.0
144519,21165,EIF4EBP2,,2021-06-04,2021-05-05,False,,,,,,,DepMap,,,0.0,0.0
144517,21165,EIF4EBP2,,2021-06-04,2021-05-05,False,,,,,,,DepMap,,,0.0,0.0
125947,374,CACNB2,,2021-01-06,2020-05-07,False,,,,,,,DepMap,,,0.0,0.0
125948,374,CACNB2,,2021-01-06,2020-05-07,False,,,,,,,DepMap,,,0.0,0.0
142660,27969,LINC02023,,2022-09-02,2022-05-05,False,,,,,,,DepMap,,,0.0,0.0
142661,27969,LINC02023,,2022-09-02,2022-05-05,False,,,,,,,DepMap,,,0.0,0.0
82838,365,GABRB3,,2022-07-26,2022-05-05,False,,,,,,,DepMap,,,0.0,0.0
120797,365,GABRB3,,2020-11-24,2020-05-07,False,,,,,,,DepMap,,,0.0,0.0
147918,2777,RAF1,,2021-09-20,2021-05-05,False,,,,,,,DepMap,,,0.0,0.0
136545,660,REN,,2022-03-21,2021-05-05,False,,,,,,,DepMap,,,0.0,0.0
120732,104,FLT1,,2022-09-27,2022-05-05,False,,,,,,,DepMap,,,0.0,0.0
147954,2291,STAT3,,2023-05-30,2022-05-05,False,,,,,,,DepMap,,,0.0,0.0
151761,68,PDE9A,,2022-04-01,2021-05-05,False,,,,,,,DepMap,,,0.0,0.0
126303,27814,CD300LD,,2021-01-05,2020-05-07,False,,,,,,,DepMap,,,0.0,0.0
151830,2399,PTEN,,2020-06-05,2020-05-07,False,,,,,,,DepMap,,,0.0,0.0
112959,2406,MAT1A,,2020-12-29,2020-05-07,False,,,,,,,DepMap,,,0.0,0.0
112963,2406,MAT1A,,2020-12-29,2020-05-07,False,,,,,,,DepMap,,,0.0,0.0
112962,2406,MAT1A,,2020-12-29,2020-05-07,False,,,,,,,DepMap,,,0.0,0.0
112961,2406,MAT1A,,2020-12-29,2020-05-07,False,,,,,,,DepMap,,,0.0,0.0
112960,2406,MAT1A,,2020-12-29,2020-05-07,False,,,,,,,DepMap,,,0.0,0.0
80899,19782,GCGR,,2024-07-29,2023-06-02,False,,,,,,,DepMap,,,0.0,0.0
80898,19782,GCGR,,2023-06-23,2023-06-02,False,,,,,,,DepMap,,,0.0,0.0
80897,19782,GCGR,,2024-07-29,2023-06-02,False,,,,,,,DepMap,,,0.0,0.0
150194,1957,F7,,2023-01-01,2022-05-05,False,,,,,,,DepMap,,,0.0,0.0
137059,2457,PIK3CD,,2021-05-24,2021-05-05,False,,,,,,,DepMap,,,0.0,0.0
137061,2457,PIK3CD,,2021-05-24,2021-05-05,False,,,,,,,DepMap,,,0.0,0.0
124138,2457,PIK3CD,,2020-09-30,2020-05-07,False,,,,,,,DepMap,,,0.0,0.0
137060,2457,PIK3CD,,2021-05-24,2021-05-05,False,,,,,,,DepMap,,,0.0,0.0
137058,2457,PIK3CD,,2021-05-24,2021-05-05,False,,,,,,,DepMap,,,0.0,0.0
139058,1228,IL17A,,2021-08-24,2021-05-05,False,,,,,,,DepMap,,,0.0,0.0
90323,1228,IL17A,,2022-01-06,2021-05-05,False,,,,,,,DepMap,,,0.0,0.0
108972,1228,IL17A,,2022-05-05,2022-05-05,False,,,,,,,DepMap,,,0.0,0.0
82767,247,C5,,2021-07-08,2021-05-05,False,,,,,,,DepMap,,,0.0,0.0
84940,18805,FCGRT,,2020-10-22,2020-05-07,False,,,,,,,DepMap,,,0.0,0.0
84942,18805,FCGRT,,2020-10-22,2020-05-07,False,,,,,,,DepMap,,,0.0,0.0
112956,259,TUBB,,2020-12-29,2020-05-07,False,,,,,,,DepMap,,,1.0,1.0
112955,259,TUBB,,2020-12-29,2020-05-07,False,,,,,,,DepMap,,,1.0,1.0
112954,259,TUBB,,2020-12-29,2020-05-07,False,,,,,,,DepMap,,,1.0,1.0
112958,259,TUBB,,2020-12-29,2020-05-07,False,,,,,,,DepMap,,,1.0,1.0
103675,4482,GRM1,,2020-09-06,2020-05-07,False,,,,,,,DepMap,,,0.0,0.0
98459,3274,RPSA,,2022-11-28,2022-05-05,False,,,,,,,DepMap,,,1.0,1.0
148049,7114,TRIM62,,2023-07-07,2023-06-02,False,,,,,,,DepMap,,,0.0,0.0
148048,7114,TRIM62,,2023-07-07,2023-06-02,False,,,,,,,DepMap,,,0.0,0.0
136531,17670,GM2A,,2021-03-10,2020-05-07,False,,,,,,,DepMap,,,0.0,0.0
141423,17670,GM2A,,2021-09-07,2021-05-05,False,,,,,,,DepMap,,,0.0,0.0
97085,2069,BTK,,2020-10-09,2020-05-07,False,,,,,,,DepMap,,,0.0,0.0
150864,3569,TAF8,,2021-02-01,2020-05-07,False,,,,,,,DepMap,,,1.0,1.0
150863,1419,PDCD1,,2021-02-01,2020-05-07,False,,,,,,,DepMap,,,0.0,0.0
151185,1419,PDCD1,,2021-10-01,2021-05-05,False,,,,,,,DepMap,,,0.0,0.0
85143,4660,DCP1B,,2023-10-12,2023-06-02,False,,,,,,,DepMap,,,0.0,0.0
85142,4660,DCP1B,,2023-10-12,2023-06-02,False,,,,,,,DepMap,,,0.0,0.0
100798,4660,DCP1B,,2020-07-29,2020-05-07,False,,,,,,,DepMap,,,0.0,0.0
149192,1082,SOST,,2022-04-28,2021-05-05,False,,,,,,,DepMap,,,0.0,0.0
91880,872,TOP1,,2021-03-30,2020-05-07,False,,,,,,,DepMap,,,1.0,1.0
131123,27925,METTL25B,,2020-05-22,2020-05-07,False,,,,,,,DepMap,,,0.0,0.0
131124,27925,METTL25B,,2020-05-22,2020-05-07,False,,,,,,,DepMap,,,0.0,0.0
131126,27925,METTL25B,,2020-05-22,2020-05-07,False,,,,,,,DepMap,,,0.0,0.0
131131,27925,METTL25B,,2020-05-22,2020-05-07,False,,,,,,,DepMap,,,0.0,0.0
131122,27925,METTL25B,,2020-05-22,2020-05-07,False,,,,,,,DepMap,,,0.0,0.0
131130,27925,METTL25B,,2020-05-22,2020-05-07,False,,,,,,,DepMap,,,0.0,0.0
131129,27925,METTL25B,,2020-05-22,2020-05-07,False,,,,,,,DepMap,,,0.0,0.0
131121,27925,METTL25B,,2020-05-22,2020-05-07,False,,,,,,,DepMap,,,0.0,0.0
131125,27925,METTL25B,,2020-05-22,2020-05-07,False,,,,,,,DepMap,,,0.0,0.0
131128,27925,METTL25B,,2020-05-22,2020-05-07,False,,,,,,,DepMap,,,0.0,0.0
131127,27925,METTL25B,,2020-05-22,2020-05-07,False,,,,,,,DepMap,,,0.0,0.0
141417,2434,CFAP97D1,,2021-09-07,2021-05-05,False,,,,,,,DepMap,,,0.0,0.0
135061,2434,CFAP97D1,,2022-07-08,2022-05-05,False,,,,,,,DepMap,,,0.0,0.0
141478,2434,CFAP97D1,,2021-07-01,2021-05-05,False,,,,,,,DepMap,,,0.0,0.0
125515,1419,PDCD1,,2022-07-07,2022-05-05,False,,,,,,,DepMap,,,0.0,0.0
91642,2406,MAT1A,,2020-07-17,2020-05-07,False,,,,,,,DepMap,,,0.0,0.0
113772,4520,IL17F,,2022-12-13,2022-05-05,False,,,,,,,DepMap,,,0.0,0.0
81887,3703,TIGIT,,2020-10-30,2020-05-07,False,,,,,,,DepMap,,,0.0,0.0
121677,3703,TIGIT,,2021-03-02,2020-05-07,False,,,,,,,DepMap,,,0.0,0.0
88231,3703,TIGIT,,2021-01-13,2020-05-07,False,,,,,,,DepMap,,,0.0,0.0
139393,1228,IL17A,,2022-09-13,2022-05-05,False,,,,,,,DepMap,,,0.0,0.0
149598,5349,NIF3L1,,2022-01-01,2021-05-05,False,,,,,,,DepMap,,,0.0,0.0
152328,6027,INHBA,,2021-10-13,2021-05-05,False,,,,,,,DepMap,,,0.0,0.0
152327,6027,INHBA,,2021-10-13,2021-05-05,False,,,,,,,DepMap,,,0.0,0.0
109588,1350,ERBB2,,2020-05-28,2020-05-07,False,,,,,,,DepMap,,,0.0,0.0
84037,2430,AZGP1,,2021-01-05,2020-05-07,False,,,,,,,DepMap,,,0.0,0.0
127496,2813,GZMA,,2022-02-14,2021-05-05,False,,,,,,,DepMap,,,0.0,0.0
91631,2813,GZMA,,2022-04-06,2021-05-05,False,,,,,,,DepMap,,,0.0,0.0
127497,2813,GZMA,,2022-02-14,2021-05-05,False,,,,,,,DepMap,,,0.0,0.0
104385,1625,PDGFRB,,2020-09-29,2020-05-07,False,,,,,,,DepMap,,,0.0,0.0
145714,72648,F,,2021-11-17,2021-05-05,False,,,,,,,DepMap,,,0.0,0.0
96924,18670,PLK3,,2020-06-15,2020-05-07,False,,,,,,,DepMap,,,0.0,0.0
98905,5349,NIF3L1,,2021-08-20,2021-05-05,False,,,,,,,DepMap,,,0.0,0.0
115896,5349,NIF3L1,,2021-10-14,2021-05-05,False,,,,,,,DepMap,,,0.0,0.0
130288,25708,LILRA4,,2022-04-27,2021-05-05,False,,,,,,,DepMap,,,0.0,0.0
104268,25708,LILRA4,,2023-12-04,2023-06-02,False,,,,,,,DepMap,,,0.0,0.0
149185,25708,LILRA4,,2022-12-29,2022-05-05,False,,,,,,,DepMap,,,0.0,0.0
91544,16773,HAS3,,2022-07-27,2022-05-05,False,,,,,,,DepMap,,,0.0,0.0
78150,1590,IL1RL1,,2021-10-05,2021-05-05,False,,,,,,,DepMap,,,0.0,0.0
104555,7096,MPL,,2021-03-29,2020-05-07,False,,,,,,,DepMap,,,0.0,0.0
134646,1244,ACKR3,,2021-12-30,2021-05-05,False,,,,,,,DepMap,,,0.0,0.0
102635,6098,CDKN2C,,2021-12-21,2021-05-05,False,,,,,,,DepMap,,,0.0,0.0
102892,17670,GM2A,,2023-07-06,2023-06-02,False,,,,,,,DepMap,,,0.0,0.0
102891,17670,GM2A,,2023-07-06,2023-06-02,False,,,,,,,DepMap,,,0.0,0.0
132960,17670,GM2A,,2022-05-13,2022-05-05,False,,,,,,,DepMap,,,0.0,0.0
145409,2431,BSN,,2022-03-21,2021-05-05,False,,,,,,,DepMap,,,0.0,0.0
82234,2431,BSN,,2020-10-16,2020-05-07,False,,,,,,,DepMap,,,0.0,0.0
145408,2431,BSN,,2022-03-21,2021-05-05,False,,,,,,,DepMap,,,0.0,0.0
83913,1822,SNAP25,,2022-02-25,2021-05-05,False,,,,,,,DepMap,,,0.0,0.0
149168,1419,PDCD1,,2023-06-15,2023-06-02,False,,,,,,,DepMap,,,0.0,0.0
152358,1419,PDCD1,,2022-11-15,2022-05-05,False,,,,,,,DepMap,,,0.0,0.0
97296,16794,COL9A3,,2023-10-06,2023-06-02,False,,,,,,,DepMap,,,0.0,0.0
104889,3282,EREG,,2020-08-25,2020-05-07,False,,,,,,,DepMap,,,0.0,0.0
135105,6574,OTULIN,,2020-06-08,2020-05-07,False,,,,,,,DepMap,,,0.0,0.0
139691,6574,OTULIN,,2022-03-17,2021-05-05,False,,,,,,,DepMap,,,0.0,0.0
149370,872,TOP1,,2020-09-14,2020-05-07,False,,,,,,,DepMap,,,1.0,1.0
141815,2626,F5,,2021-08-13,2021-05-05,False,,,,,,,DepMap,,,0.0,0.0
141817,2626,F5,,2021-08-13,2021-05-05,False,,,,,,,DepMap,,,0.0,0.0
141816,2626,F5,,2021-08-13,2021-05-05,False,,,,,,,DepMap,,,0.0,0.0
84447,5491,B3GAT2,,2021-11-03,2021-05-05,False,,,,,,,DepMap,,,0.0,0.0
106312,3575,EFNB2,,2020-09-24,2020-05-07,False,,,,,,,DepMap,,,0.0,0.0
100735,6571,H1-3,,2024-03-09,2023-06-02,False,,,,,,,DepMap,,,0.0,0.0
315361,68,PDE9A,,2021-02-25,2020-05-07,False,,,,,,,DepMap,,,0.0,0.0
315362,68,PDE9A,,2021-02-25,2020-05-07,False,,,,,,,DepMap,,,0.0,0.0
238387,68,PDE9A,,2021-02-25,2020-05-07,False,,,,,,,DepMap,,,0.0,0.0
392336,68,PDE9A,,2021-02-25,2020-05-07,False,,,,,,,DepMap,,,0.0,0.0
469310,68,PDE9A,,2021-02-25,2020-05-07,False,,,,,,,DepMap,,,0.0,0.0
238388,68,PDE9A,,2021-02-25,2020-05-07,False,,,,,,,DepMap,,,0.0,0.0
469309,68,PDE9A,,2021-02-25,2020-05-07,False,,,,,,,DepMap,,,0.0,0.0
161414,68,PDE9A,,2021-02-25,2020-05-07,False,,,,,,,DepMap,,,0.0,0.0
161413,68,PDE9A,,2021-02-25,2020-05-07,False,,,,,,,DepMap,,,0.0,0.0
392335,68,PDE9A,,2021-02-25,2020-05-07,False,,,,,,,DepMap,,,0.0,0.0
137815,5018,PIGT,,2022-05-05,2022-05-05,False,,,,,,,DepMap,,,0.0,0.0
137817,5018,PIGT,,2022-05-05,2022-05-05,False,,,,,,,DepMap,,,0.0,0.0
137816,5018,PIGT,,2022-05-05,2022-05-05,False,,,,,,,DepMap,,,0.0,0.0
84001,72630,S,,2020-08-02,2020-05-07,False,,,,,,,DepMap,,,0.0,0.0
84002,72630,S,,2020-08-02,2020-05-07,False,,,,,,,DepMap,,,0.0,0.0
125511,21336,SLC10A1,,2022-08-23,2022-05-05,False,,,,,,,DepMap,,,0.0,0.0
116016,3703,TIGIT,,2021-05-24,2021-05-05,False,,,,,,,DepMap,,,0.0,0.0
112333,3703,TIGIT,,2021-03-31,2020-05-07,False,,,,,,,DepMap,,,0.0,0.0
151194,3703,TIGIT,,2023-09-15,2023-06-02,False,,,,,,,DepMap,,,0.0,0.0
150686,2406,MAT1A,,2023-03-01,2022-05-05,False,,,,,,,DepMap,,,0.0,0.0
150685,2406,MAT1A,,2023-03-01,2022-05-05,False,,,,,,,DepMap,,,0.0,0.0
151190,2406,MAT1A,,2021-06-01,2021-05-05,False,,,,,,,DepMap,,,0.0,0.0
151192,2406,MAT1A,,2021-06-01,2021-05-05,False,,,,,,,DepMap,,,0.0,0.0
150684,2406,MAT1A,,2023-03-01,2022-05-05,False,,,,,,,DepMap,,,0.0,0.0
150687,2406,MAT1A,,2023-03-01,2022-05-05,False,,,,,,,DepMap,,,0.0,0.0
151191,2406,MAT1A,,2021-06-01,2021-05-05,False,,,,,,,DepMap,,,0.0,0.0
131504,1655,IL2RB,,2021-12-09,2021-05-05,False,,,,,,,DepMap,,,0.0,0.0
131502,1655,IL2RB,,2021-12-09,2021-05-05,False,,,,,,,DepMap,,,0.0,0.0
139735,1655,IL2RB,,2021-09-23,2021-05-05,False,,,,,,,DepMap,,,0.0,0.0
131503,1655,IL2RB,,2021-12-09,2021-05-05,False,,,,,,,DepMap,,,0.0,0.0
139736,1655,IL2RB,,2021-09-23,2021-05-05,False,,,,,,,DepMap,,,0.0,0.0
131505,1655,IL2RB,,2021-12-09,2021-05-05,False,,,,,,,DepMap,,,0.0,0.0
131506,1655,IL2RB,,2021-12-09,2021-05-05,False,,,,,,,DepMap,,,0.0,0.0
121627,1155,IL23A,,2021-11-29,2021-05-05,False,,,,,,,DepMap,,,0.0,0.0
141777,4100,IL1RAP,,2021-05-04,2020-05-07,False,,,,,,,DepMap,,,0.0,0.0
132894,27913,OR5M8,,2021-12-30,2021-05-05,False,,,,,,,DepMap,,,0.0,0.0
84004,72630,S,,2020-08-02,2020-05-07,False,,,,,,,DepMap,,,0.0,0.0
84005,72630,S,,2020-08-02,2020-05-07,False,,,,,,,DepMap,,,0.0,0.0
87908,72630,S,,2022-01-12,2021-05-05,False,,,,,,,DepMap,,,0.0,0.0
93129,6205,RGMA,,2021-08-27,2021-05-05,False,,,,,,,DepMap,,,0.0,0.0
108467,5349,NIF3L1,,2022-11-06,2022-05-05,False,,,,,,,DepMap,,,0.0,0.0
84460,3476,GSR,,2023-04-07,2022-05-05,False,,,,,,,DepMap,,,0.0,0.0
118060,72630,S,,2021-06-10,2021-05-05,False,,,,,,,DepMap,,,0.0,0.0
115878,4803,SARDH,,2020-07-29,2020-05-07,False,,,,,,,DepMap,,,0.0,0.0
116120,6210,MC1R,,2021-02-05,2020-05-07,False,,,,,,,DepMap,,,0.0,0.0
152224,2457,PIK3CD,,2022-03-11,2021-05-05,False,,,,,,,DepMap,,,0.0,0.0
148498,3038,RHO,,2020-08-25,2020-05-07,False,,,,,,,DepMap,,,0.0,0.0
113460,1419,PDCD1,,2022-09-01,2022-05-05,False,,,,,,,DepMap,,,0.0,0.0
89520,4482,GRM1,,2020-11-09,2020-05-07,False,,,,,,,DepMap,,,0.0,0.0
132764,72648,F,,2021-11-30,2021-05-05,False,,,,,,,DepMap,,,0.0,0.0
107757,22789,RNASEH1,,2021-06-25,2021-05-05,False,,,,,,,DepMap,,,0.0,0.0
130971,17670,GM2A,,2021-02-07,2020-05-07,False,,,,,,,DepMap,,,0.0,0.0
142112,17670,GM2A,,2020-10-16,2020-05-07,False,,,,,,,DepMap,,,0.0,0.0
126837,17670,GM2A,,2020-05-28,2020-05-07,False,,,,,,,DepMap,,,0.0,0.0
135521,17670,GM2A,,2022-01-17,2021-05-05,False,,,,,,,DepMap,,,0.0,0.0
135520,17670,GM2A,,2022-01-17,2021-05-05,False,,,,,,,DepMap,,,0.0,0.0
126838,17670,GM2A,,2020-05-28,2020-05-07,False,,,,,,,DepMap,,,0.0,0.0
126839,17670,GM2A,,2020-05-28,2020-05-07,False,,,,,,,DepMap,,,0.0,0.0
111855,1274,IL13,,2021-05-14,2021-05-05,False,,,,,,,DepMap,,,0.0,0.0
111856,1274,IL13,,2021-05-14,2021-05-05,False,,,,,,,DepMap,,,0.0,0.0
95361,1274,IL13,,2022-03-04,2021-05-05,False,,,,,,,DepMap,,,0.0,0.0
138359,17847,SIGLEC8,,2022-06-27,2022-05-05,False,,,,,,,DepMap,,,0.0,0.0
79391,5242,CYP8B1,,2020-10-09,2020-05-07,False,,,,,,,DepMap,,,0.0,0.0
79392,5242,CYP8B1,,2020-10-09,2020-05-07,False,,,,,,,DepMap,,,0.0,0.0
151594,1350,ERBB2,,2021-11-05,2021-05-05,False,,,,,,,DepMap,,,0.0,0.0
151595,1350,ERBB2,,2021-11-05,2021-05-05,False,,,,,,,DepMap,,,0.0,0.0
146368,5404,PLEC,,2020-09-30,2020-05-07,False,,,,,,,DepMap,,,0.0,0.0
144335,2434,CFAP97D1,,2020-09-09,2020-05-07,False,,,,,,,DepMap,,,0.0,0.0
144173,2434,CFAP97D1,,2023-06-27,2023-06-02,False,,,,,,,DepMap,,,0.0,0.0
120241,2406,MAT1A,,2021-11-23,2021-05-05,False,,,,,,,DepMap,,,0.0,0.0
80635,4520,IL17F,,2024-05-14,2023-06-02,False,,,,,,,DepMap,,,0.0,0.0
145816,161,TGFB1,,2020-10-12,2020-05-07,False,,,,,,,DepMap,,,0.0,0.0
89537,3703,TIGIT,,2020-08-24,2020-05-07,False,,,,,,,DepMap,,,0.0,0.0
142039,3703,TIGIT,,2021-08-06,2021-05-05,False,,,,,,,DepMap,,,0.0,0.0
142040,3703,TIGIT,,2021-08-06,2021-05-05,False,,,,,,,DepMap,,,0.0,0.0
142041,3703,TIGIT,,2021-08-06,2021-05-05,False,,,,,,,DepMap,,,0.0,0.0
153085,1432,LAG3,,2024-11-14,2023-06-02,False,,,,,,,DepMap,,,0.0,0.0
149005,282,TUBA1B,,2021-03-29,2020-05-07,False,,,,,,,DepMap,,,1.0,1.0
149006,282,TUBA1B,,2021-03-29,2020-05-07,False,,,,,,,DepMap,,,1.0,1.0
148525,1300,KDR,,2021-09-30,2021-05-05,False,,,,,,,DepMap,,,0.0,0.0
143159,3571,NR1H4,,2020-06-04,2020-05-07,False,,,,,,,DepMap,,,0.0,0.0
143160,3571,NR1H4,,2020-06-04,2020-05-07,False,,,,,,,DepMap,,,0.0,0.0
136648,1419,PDCD1,,2023-07-28,2023-06-02,False,,,,,,,DepMap,,,0.0,0.0
136654,1419,PDCD1,,2023-07-28,2023-06-02,False,,,,,,,DepMap,,,0.0,0.0
136653,1419,PDCD1,,2023-07-28,2023-06-02,False,,,,,,,DepMap,,,0.0,0.0
136642,1419,PDCD1,,2023-07-28,2023-06-02,False,,,,,,,DepMap,,,0.0,0.0
136652,1419,PDCD1,,2023-07-28,2023-06-02,False,,,,,,,DepMap,,,0.0,0.0
136643,1419,PDCD1,,2023-07-28,2023-06-02,False,,,,,,,DepMap,,,0.0,0.0
136651,1419,PDCD1,,2023-07-28,2023-06-02,False,,,,,,,DepMap,,,0.0,0.0
136650,1419,PDCD1,,2023-07-28,2023-06-02,False,,,,,,,DepMap,,,0.0,0.0
136649,1419,PDCD1,,2023-07-28,2023-06-02,False,,,,,,,DepMap,,,0.0,0.0
136655,1419,PDCD1,,2023-07-28,2023-06-02,False,,,,,,,DepMap,,,0.0,0.0
136647,1419,PDCD1,,2023-07-28,2023-06-02,False,,,,,,,DepMap,,,0.0,0.0
136646,1419,PDCD1,,2023-07-28,2023-06-02,False,,,,,,,DepMap,,,0.0,0.0
136645,1419,PDCD1,,2023-07-28,2023-06-02,False,,,,,,,DepMap,,,0.0,0.0
136644,1419,PDCD1,,2023-07-28,2023-06-02,False,,,,,,,DepMap,,,0.0,0.0
80501,1129,AOPEP,,2020-09-28,2020-05-07,False,,,,,,,DepMap,,,0.0,0.0
80500,1129,AOPEP,,2020-09-28,2020-05-07,False,,,,,,,DepMap,,,0.0,0.0
80502,1129,AOPEP,,2020-09-28,2020-05-07,False,,,,,,,DepMap,,,0.0,0.0
128780,3789,SLC6A2,,2022-12-28,2022-05-05,False,,,,,,,DepMap,,,0.0,0.0
101167,148,FDX1,,2020-07-16,2020-05-07,False,,,,,,,DepMap,,,0.0,0.0
148501,4179,MYL4,,2020-08-04,2020-05-07,False,,,,,,,DepMap,,,0.0,0.0
109793,5349,NIF3L1,,2021-09-21,2021-05-05,False,,,,,,,DepMap,,,0.0,0.0
97943,1961,MSTN,,2022-04-14,2021-05-05,False,,,,,,,DepMap,,,0.0,0.0
97944,1961,MSTN,,2022-04-14,2021-05-05,False,,,,,,,DepMap,,,0.0,0.0
97942,1961,MSTN,,2022-04-14,2021-05-05,False,,,,,,,DepMap,,,0.0,0.0
97945,1961,MSTN,,2022-04-14,2021-05-05,False,,,,,,,DepMap,,,0.0,0.0
123684,25708,LILRA4,,2021-05-28,2021-05-05,False,,,,,,,DepMap,,,0.0,0.0
138089,5844,OSMR,,2024-05-01,2023-06-02,False,,,,,,,DepMap,,,0.0,0.0
134232,5634,CHRM1,,2020-10-21,2020-05-07,False,,,,,,,DepMap,,,0.0,0.0
134231,5634,CHRM1,,2020-10-21,2020-05-07,False,,,,,,,DepMap,,,0.0,0.0
123879,903,INO80,,2021-02-01,2020-05-07,False,,,,,,,DepMap,,,1.0,1.0
123878,903,INO80,,2020-11-01,2020-05-07,False,,,,,,,DepMap,,,1.0,1.0
87300,17135,ABCA2,,2020-08-04,2020-05-07,False,,,,,,,DepMap,,,0.0,0.0
132470,2431,BSN,,2023-08-30,2023-06-02,False,,,,,,,DepMap,,,0.0,0.0
142351,5831,TAS2R62P,,2021-04-22,2020-05-07,False,,,,,,,DepMap,,,0.0,0.0
112611,4822,GP5,,2020-07-02,2020-05-07,False,,,,,,,DepMap,,,0.0,0.0
150444,1419,PDCD1,,2022-09-30,2022-05-05,False,,,,,,,DepMap,,,0.0,0.0
150551,16776,AHCYL1,,2023-03-01,2022-05-05,False,,,,,,,DepMap,,,0.0,0.0
150552,16776,AHCYL1,,2023-03-01,2022-05-05,False,,,,,,,DepMap,,,0.0,0.0
128968,16782,STAG2,,2024-05-24,2023-06-02,False,,,,,,,DepMap,,,0.0,0.0
140110,16794,COL9A3,,2023-11-01,2023-06-02,False,,,,,,,DepMap,,,0.0,0.0
135650,16794,COL9A3,,2024-06-06,2023-06-02,False,,,,,,,DepMap,,,0.0,0.0
110661,3282,EREG,,2020-07-15,2020-05-07,False,,,,,,,DepMap,,,0.0,0.0
116331,3282,EREG,,2020-07-01,2020-05-07,False,,,,,,,DepMap,,,0.0,0.0
146001,1432,LAG3,,2021-03-17,2020-05-07,False,,,,,,,DepMap,,,0.0,0.0
146003,1432,LAG3,,2021-03-17,2020-05-07,False,,,,,,,DepMap,,,0.0,0.0
146002,1432,LAG3,,2021-03-17,2020-05-07,False,,,,,,,DepMap,,,0.0,0.0
103150,2425,BMP2,,2021-01-20,2020-05-07,False,,,,,,,DepMap,,,0.0,0.0
103149,2425,BMP2,,2021-01-20,2020-05-07,False,,,,,,,DepMap,,,0.0,0.0
118374,270,NFAT5,,2023-07-21,2023-06-02,False,,,,,,,DepMap,,,0.0,0.0
152235,2626,F5,,2022-11-22,2022-05-05,False,,,,,,,DepMap,,,0.0,0.0
148490,5491,B3GAT2,,2022-05-12,2022-05-05,False,,,,,,,DepMap,,,0.0,0.0
145980,2777,RAF1,,2021-02-02,2020-05-07,False,,,,,,,DepMap,,,0.0,0.0
92049,27315,GUCY1B2,,2020-09-01,2020-05-07,False,,,,,,,DepMap,,,0.0,0.0
95644,3575,EFNB2,,2020-08-13,2020-05-07,False,,,,,,,DepMap,,,0.0,0.0
95346,23257,DPP6,,2023-12-28,2023-06-02,False,,,,,,,DepMap,,,0.0,0.0
84439,68,PDE9A,,2021-02-25,2020-05-07,False,,,,,,,DepMap,,,0.0,0.0
84440,68,PDE9A,,2021-02-25,2020-05-07,False,,,,,,,DepMap,,,0.0,0.0
126831,3703,TIGIT,,2020-05-28,2020-05-07,False,,,,,,,DepMap,,,0.0,0.0
126830,3703,TIGIT,,2020-05-28,2020-05-07,False,,,,,,,DepMap,,,0.0,0.0
126832,3703,TIGIT,,2020-05-28,2020-05-07,False,,,,,,,DepMap,,,0.0,0.0
126833,3703,TIGIT,,2020-05-28,2020-05-07,False,,,,,,,DepMap,,,0.0,0.0
120975,4,PCSK9,,2022-06-20,2022-05-05,False,,,,,,,DepMap,,,0.0,0.0
110766,3703,TIGIT,,2021-11-16,2021-05-05,False,,,,,,,DepMap,,,0.0,0.0
110764,3703,TIGIT,,2021-11-16,2021-05-05,False,,,,,,,DepMap,,,0.0,0.0
134063,3703,TIGIT,,2021-08-20,2021-05-05,False,,,,,,,DepMap,,,0.0,0.0
110765,3703,TIGIT,,2021-11-16,2021-05-05,False,,,,,,,DepMap,,,0.0,0.0
138480,1655,IL2RB,,2021-12-07,2021-05-05,False,,,,,,,DepMap,,,0.0,0.0
138481,1655,IL2RB,,2021-12-07,2021-05-05,False,,,,,,,DepMap,,,0.0,0.0
125245,72630,S,,2021-05-20,2021-05-05,False,,,,,,,DepMap,,,0.0,0.0
81375,72630,S,,2020-12-04,2020-05-07,False,,,,,,,DepMap,,,0.0,0.0
125247,72630,S,,2021-05-20,2021-05-05,False,,,,,,,DepMap,,,0.0,0.0
125246,72630,S,,2021-05-20,2021-05-05,False,,,,,,,DepMap,,,0.0,0.0
80611,72630,S,,2022-08-30,2022-05-05,False,,,,,,,DepMap,,,0.0,0.0
128636,72630,S,,2021-10-15,2021-05-05,False,,,,,,,DepMap,,,0.0,0.0
148615,4100,IL1RAP,,2021-01-25,2020-05-07,False,,,,,,,DepMap,,,0.0,0.0
120989,4100,IL1RAP,,2021-07-07,2021-05-05,False,,,,,,,DepMap,,,0.0,0.0
140153,7060,XCL1,,2020-12-22,2020-05-07,False,,,,,,,DepMap,,,0.0,0.0
140154,7060,XCL1,,2020-12-22,2020-05-07,False,,,,,,,DepMap,,,0.0,0.0
140405,27913,OR5M8,,2020-09-24,2020-05-07,False,,,,,,,DepMap,,,0.0,0.0
144413,2406,MAT1A,,2020-12-02,2020-05-07,False,,,,,,,DepMap,,,0.0,0.0
94606,72630,S,,2021-10-07,2021-05-05,False,,,,,,,DepMap,,,0.0,0.0
130930,72630,S,,2020-10-29,2020-05-07,False,,,,,,,DepMap,,,0.0,0.0
135519,373,TDRKH,,2022-01-17,2021-05-05,False,,,,,,,DepMap,,,0.0,0.0
126834,373,TDRKH,,2020-05-28,2020-05-07,False,,,,,,,DepMap,,,0.0,0.0
126835,373,TDRKH,,2020-05-28,2020-05-07,False,,,,,,,DepMap,,,0.0,0.0
126836,373,TDRKH,,2020-05-28,2020-05-07,False,,,,,,,DepMap,,,0.0,0.0
135518,373,TDRKH,,2022-01-17,2021-05-05,False,,,,,,,DepMap,,,0.0,0.0
78379,72630,S,,2020-11-18,2020-05-07,False,,,,,,,DepMap,,,0.0,0.0
118066,16791,AGFG2,,2022-02-24,2021-05-05,False,,,,,,,DepMap,,,0.0,0.0
115321,24557,EEF1G,,2022-08-25,2022-05-05,False,,,,,,,DepMap,,,1.0,1.0
119364,18042,COG8,,2021-07-28,2021-05-05,False,,,,,,,DepMap,,,1.0,1.0
150654,1350,ERBB2,,2024-12-20,2023-06-02,False,,,,,,,DepMap,,,0.0,0.0
98797,211,GLP1R,,2024-04-10,2023-06-02,False,,,,,,,DepMap,,,0.0,0.0
152839,19782,GCGR,,2023-12-29,2023-06-02,False,,,,,,,DepMap,,,0.0,0.0
93231,72630,S,,2023-06-08,2023-06-02,False,,,,,,,DepMap,,,0.0,0.0
93232,72630,S,,2023-09-04,2023-06-02,False,,,,,,,DepMap,,,0.0,0.0
141459,3966,ATF4,,2021-01-18,2020-05-07,False,,,,,,,DepMap,,,1.0,0.0
141458,3966,ATF4,,2021-01-18,2020-05-07,False,,,,,,,DepMap,,,1.0,0.0
98554,2285,C5AR1,,2020-06-17,2020-05-07,False,,,,,,,DepMap,,,0.0,0.0
108580,28,F10,,2022-11-30,2022-05-05,False,,,,,,,DepMap,,,0.0,0.0
139332,28,F10,,2021-09-01,2021-05-05,False,,,,,,,DepMap,,,0.0,0.0
147683,3440,RRM1,,2021-04-23,2020-05-07,False,,,,,,,DepMap,,,1.0,1.0
129297,3440,RRM1,,2021-02-23,2020-05-07,False,,,,,,,DepMap,,,1.0,1.0
127268,3440,RRM1,,2021-12-08,2021-05-05,False,,,,,,,DepMap,,,1.0,1.0
127267,3440,RRM1,,2021-12-08,2021-05-05,False,,,,,,,DepMap,,,1.0,1.0
143649,3440,RRM1,,2020-07-24,2020-05-07,False,,,,,,,DepMap,,,1.0,1.0
143648,3440,RRM1,,2020-07-24,2020-05-07,False,,,,,,,DepMap,,,1.0,1.0
143647,3440,RRM1,,2020-07-24,2020-05-07,False,,,,,,,DepMap,,,1.0,1.0
143646,3440,RRM1,,2020-07-24,2020-05-07,False,,,,,,,DepMap,,,1.0,1.0
143645,3440,RRM1,,2020-07-24,2020-05-07,False,,,,,,,DepMap,,,1.0,1.0
143644,3440,RRM1,,2020-07-24,2020-05-07,False,,,,,,,DepMap,,,1.0,1.0
143643,3440,RRM1,,2020-07-24,2020-05-07,False,,,,,,,DepMap,,,1.0,1.0
143642,3440,RRM1,,2020-07-24,2020-05-07,False,,,,,,,DepMap,,,1.0,1.0
143641,3440,RRM1,,2020-07-24,2020-05-07,False,,,,,,,DepMap,,,1.0,1.0
151200,3440,RRM1,,2023-09-15,2023-06-02,False,,,,,,,DepMap,,,1.0,1.0
143640,3440,RRM1,,2020-07-24,2020-05-07,False,,,,,,,DepMap,,,1.0,1.0
143638,3440,RRM1,,2020-07-24,2020-05-07,False,,,,,,,DepMap,,,1.0,1.0
143637,3440,RRM1,,2020-07-24,2020-05-07,False,,,,,,,DepMap,,,1.0,1.0
98803,3440,RRM1,,2023-08-28,2023-06-02,False,,,,,,,DepMap,,,1.0,1.0
152799,23511,PSENEN,,2024-09-01,2023-06-02,False,,,,,,,DepMap,,,0.0,0.0
117190,23511,PSENEN,,2024-08-27,2023-06-02,False,,,,,,,DepMap,,,0.0,0.0
133028,72346,gyrA,,2022-07-26,2022-05-05,False,,,,,,,DepMap,,,0.0,0.0
88065,72346,gyrA,,2021-02-25,2020-05-07,False,,,,,,,DepMap,,,0.0,0.0
143674,259,TUBB,,2020-07-24,2020-05-07,False,,,,,,,DepMap,,,1.0,1.0
143675,259,TUBB,,2020-07-24,2020-05-07,False,,,,,,,DepMap,,,1.0,1.0
108685,259,TUBB,,2022-03-24,2021-05-05,False,,,,,,,DepMap,,,1.0,1.0
143676,259,TUBB,,2020-07-24,2020-05-07,False,,,,,,,DepMap,,,1.0,1.0
151197,259,TUBB,,2023-09-15,2023-06-02,False,,,,,,,DepMap,,,1.0,1.0
139684,259,TUBB,,2020-06-30,2020-05-07,False,,,,,,,DepMap,,,1.0,1.0
143663,259,TUBB,,2020-07-24,2020-05-07,False,,,,,,,DepMap,,,1.0,1.0
143664,259,TUBB,,2020-07-24,2020-05-07,False,,,,,,,DepMap,,,1.0,1.0
143665,259,TUBB,,2020-07-24,2020-05-07,False,,,,,,,DepMap,,,1.0,1.0
143666,259,TUBB,,2020-07-24,2020-05-07,False,,,,,,,DepMap,,,1.0,1.0
143667,259,TUBB,,2020-07-24,2020-05-07,False,,,,,,,DepMap,,,1.0,1.0
143668,259,TUBB,,2020-07-24,2020-05-07,False,,,,,,,DepMap,,,1.0,1.0
127266,259,TUBB,,2021-12-08,2021-05-05,False,,,,,,,DepMap,,,1.0,1.0
127265,259,TUBB,,2021-12-08,2021-05-05,False,,,,,,,DepMap,,,1.0,1.0
143669,259,TUBB,,2020-07-24,2020-05-07,False,,,,,,,DepMap,,,1.0,1.0
98804,259,TUBB,,2023-08-28,2023-06-02,False,,,,,,,DepMap,,,1.0,1.0
143670,259,TUBB,,2020-07-24,2020-05-07,False,,,,,,,DepMap,,,1.0,1.0
143671,259,TUBB,,2020-07-24,2020-05-07,False,,,,,,,DepMap,,,1.0,1.0
143672,259,TUBB,,2020-07-24,2020-05-07,False,,,,,,,DepMap,,,1.0,1.0
143673,259,TUBB,,2020-07-24,2020-05-07,False,,,,,,,DepMap,,,1.0,1.0
123229,1402,TYMS,,2021-07-28,2021-05-05,False,,,,,,,DepMap,,,0.0,0.0
135065,1402,TYMS,,2022-07-08,2022-05-05,False,,,,,,,DepMap,,,0.0,0.0
94873,7213,TOP2A,,2021-10-07,2021-05-05,False,,,,,,,DepMap,,,1.0,1.0
141497,7213,TOP2A,,2022-03-31,2021-05-05,False,,,,,,,DepMap,,,1.0,1.0
143721,7213,TOP2A,,2021-06-22,2021-05-05,False,,,,,,,DepMap,,,1.0,1.0
92549,25845,GMPR,,2020-11-09,2020-05-07,False,,,,,,,DepMap,,,0.0,0.0
147938,1419,PDCD1,,2023-10-12,2023-06-02,False,,,,,,,DepMap,,,0.0,0.0
153309,2069,BTK,,2025-09-01,2023-06-02,False,,,,,,,DepMap,,,0.0,0.0
153310,2069,BTK,,2025-09-01,2023-06-02,False,,,,,,,DepMap,,,0.0,0.0
149731,1419,PDCD1,,2024-01-01,2023-06-02,False,,,,,,,DepMap,,,0.0,0.0
146608,5242,CYP8B1,,2022-11-03,2022-05-05,False,,,,,,,DepMap,,,0.0,0.0
150300,4299,CD70,,2021-05-06,2021-05-05,False,,,,,,,DepMap,,,0.0,0.0
150299,4299,CD70,,2021-05-06,2021-05-05,False,,,,,,,DepMap,,,0.0,0.0
113114,27925,METTL25B,,2020-09-02,2020-05-07,False,,,,,,,DepMap,,,0.0,0.0
146601,27925,METTL25B,,2024-05-13,2023-06-02,False,,,,,,,DepMap,,,0.0,0.0
86654,7091,IGHG1,,2021-10-14,2021-05-05,False,,,,,,,DepMap,,,0.0,0.0
138614,7091,IGHG1,,2022-12-22,2022-05-05,False,,,,,,,DepMap,,,0.0,0.0
138613,7091,IGHG1,,2022-12-22,2022-05-05,False,,,,,,,DepMap,,,0.0,0.0
138615,7091,IGHG1,,2022-12-22,2022-05-05,False,,,,,,,DepMap,,,0.0,0.0
139253,2434,CFAP97D1,,2021-12-14,2021-05-05,False,,,,,,,DepMap,,,0.0,0.0
146776,2434,CFAP97D1,,2021-11-09,2021-05-05,False,,,,,,,DepMap,,,0.0,0.0
146580,2434,CFAP97D1,,2021-06-28,2021-05-05,False,,,,,,,DepMap,,,0.0,0.0
136487,7054,AIFM3,,2020-10-19,2020-05-07,False,,,,,,,DepMap,,,0.0,0.0
92364,161,TGFB1,,2021-12-01,2021-05-05,False,,,,,,,DepMap,,,0.0,0.0
92365,161,TGFB1,,2021-12-01,2021-05-05,False,,,,,,,DepMap,,,0.0,0.0
149815,3703,TIGIT,,2024-11-30,2023-06-02,False,,,,,,,DepMap,,,0.0,0.0
114459,3703,TIGIT,,2020-06-30,2020-05-07,False,,,,,,,DepMap,,,0.0,0.0
142649,3703,TIGIT,,2021-12-01,2021-05-05,False,,,,,,,DepMap,,,0.0,0.0
146475,282,TUBA1B,,2022-06-01,2022-05-05,False,,,,,,,DepMap,,,1.0,1.0
149041,2878,JAK2,,2023-01-31,2022-05-05,False,,,,,,,DepMap,,,0.0,0.0
149042,2878,JAK2,,2023-01-31,2022-05-05,False,,,,,,,DepMap,,,0.0,0.0
149043,2878,JAK2,,2023-01-31,2022-05-05,False,,,,,,,DepMap,,,0.0,0.0
139130,72648,F,,2021-09-06,2021-05-05,False,,,,,,,DepMap,,,0.0,0.0
126440,3925,ALPL,,2021-01-06,2020-05-07,False,,,,,,,DepMap,,,0.0,0.0
80789,4648,JAK1,,2022-03-17,2021-05-05,False,,,,,,,DepMap,,,0.0,0.0
97951,1961,MSTN,,2022-04-14,2021-05-05,False,,,,,,,DepMap,,,0.0,0.0
105399,1961,MSTN,,2024-05-21,2023-06-02,False,,,,,,,DepMap,,,0.0,0.0
97948,1961,MSTN,,2022-04-14,2021-05-05,False,,,,,,,DepMap,,,0.0,0.0
97947,1961,MSTN,,2022-04-14,2021-05-05,False,,,,,,,DepMap,,,0.0,0.0
97946,1961,MSTN,,2022-04-14,2021-05-05,False,,,,,,,DepMap,,,0.0,0.0
97950,1961,MSTN,,2022-04-14,2021-05-05,False,,,,,,,DepMap,,,0.0,0.0
97949,1961,MSTN,,2022-04-14,2021-05-05,False,,,,,,,DepMap,,,0.0,0.0
146967,25708,LILRA4,,2022-06-01,2022-05-05,False,,,,,,,DepMap,,,0.0,0.0
140990,25708,LILRA4,,2023-04-26,2022-05-05,False,,,,,,,DepMap,,,0.0,0.0
139103,5844,OSMR,,2023-05-26,2022-05-05,False,,,,,,,DepMap,,,0.0,0.0
139104,5844,OSMR,,2023-05-26,2022-05-05,False,,,,,,,DepMap,,,0.0,0.0
118914,1590,IL1RL1,,2020-06-02,2020-05-07,False,,,,,,,DepMap,,,0.0,0.0
149809,903,INO80,,2020-11-01,2020-05-07,False,,,,,,,DepMap,,,1.0,1.0
147880,903,INO80,,2021-09-30,2021-05-05,False,,,,,,,DepMap,,,1.0,1.0
96374,4338,GPC3,,2020-10-29,2020-05-07,False,,,,,,,DepMap,,,0.0,0.0
106277,17670,GM2A,,2020-07-07,2020-05-07,False,,,,,,,DepMap,,,0.0,0.0
83180,17670,GM2A,,2020-07-15,2020-05-07,False,,,,,,,DepMap,,,0.0,0.0
83179,17670,GM2A,,2020-07-15,2020-05-07,False,,,,,,,DepMap,,,0.0,0.0
131750,17670,GM2A,,2023-02-10,2022-05-05,False,,,,,,,DepMap,,,0.0,0.0
128157,17670,GM2A,,2021-04-01,2020-05-07,False,,,,,,,DepMap,,,0.0,0.0
151842,2431,BSN,,2021-02-19,2020-05-07,False,,,,,,,DepMap,,,0.0,0.0
150276,5170,IL22RA1,,2022-04-08,2021-05-05,False,,,,,,,DepMap,,,0.0,0.0
142738,5170,IL22RA1,,2021-01-26,2020-05-07,False,,,,,,,DepMap,,,0.0,0.0
105140,16782,STAG2,,2023-06-07,2023-06-02,False,,,,,,,DepMap,,,0.0,0.0
82933,16782,STAG2,,2022-05-31,2022-05-05,False,,,,,,,DepMap,,,0.0,0.0
77264,16794,COL9A3,,2021-12-13,2021-05-05,False,,,,,,,DepMap,,,0.0,0.0
84627,16794,COL9A3,,2022-06-30,2022-05-05,False,,,,,,,DepMap,,,0.0,0.0
77263,16794,COL9A3,,2021-12-13,2021-05-05,False,,,,,,,DepMap,,,0.0,0.0
124247,2425,BMP2,,2021-08-31,2021-05-05,False,,,,,,,DepMap,,,0.0,0.0
88398,727,INSR,,2024-04-19,2023-06-02,False,,,,,,,DepMap,,,0.0,0.0
85189,1904,F8,,2023-03-27,2022-05-05,False,,,,,,,DepMap,,,0.0,0.0
98348,6574,OTULIN,,2021-06-25,2021-05-05,False,,,,,,,DepMap,,,0.0,0.0
98008,418,MAPT,,2021-06-09,2021-05-05,False,,,,,,,DepMap,,,0.0,0.0
124461,24,LPA,,2020-07-28,2020-05-07,False,,,,,,,DepMap,,,1.0,0.0
139251,903,INO80,,2021-11-01,2021-05-05,False,,,,,,,DepMap,,,1.0,1.0
131981,3754,APP,,2020-09-30,2020-05-07,False,,,,,,,DepMap,,,0.0,0.0
131962,6678,BBS2,,2021-11-08,2021-05-05,False,,,,,,,DepMap,,,0.0,0.0
146949,6678,BBS2,,2022-01-31,2021-05-05,False,,,,,,,DepMap,,,0.0,0.0
131961,6678,BBS2,,2021-11-08,2021-05-05,False,,,,,,,DepMap,,,0.0,0.0
127780,670,ESR1,,2020-09-04,2020-05-07,False,,,,,,,DepMap,,,0.0,0.0
139156,2777,RAF1,,2020-09-10,2020-05-07,False,,,,,,,DepMap,,,0.0,0.0
130112,1687,MAPK1,,2020-05-07,2020-05-07,False,,,,,,,DepMap,,,0.0,0.0
146730,6571,H1-3,,2022-11-15,2022-05-05,False,,,,,,,DepMap,,,0.0,0.0
111142,17042,TAAR1,,2022-11-09,2022-05-05,False,,,,,,,DepMap,,,0.0,0.0
87023,670,ESR1,,2020-11-02,2020-05-07,False,,,,,,,DepMap,,,0.0,0.0
126323,6204,TPH1,,2020-12-16,2020-05-07,False,,,,,,,DepMap,,,0.0,0.0
126322,6204,TPH1,,2020-12-16,2020-05-07,False,,,,,,,DepMap,,,0.0,0.0
126321,6204,TPH1,,2020-12-16,2020-05-07,False,,,,,,,DepMap,,,0.0,0.0
126324,6204,TPH1,,2020-12-16,2020-05-07,False,,,,,,,DepMap,,,0.0,0.0
111143,21336,SLC10A1,,2023-10-07,2023-06-02,False,,,,,,,DepMap,,,0.0,0.0
142459,418,MAPT,,2021-01-06,2020-05-07,False,,,,,,,DepMap,,,0.0,0.0
142458,418,MAPT,,2021-01-06,2020-05-07,False,,,,,,,DepMap,,,0.0,0.0
111575,4,PCSK9,,2021-04-22,2020-05-07,False,,,,,,,DepMap,,,0.0,0.0
111576,4,PCSK9,,2021-04-22,2020-05-07,False,,,,,,,DepMap,,,0.0,0.0
94187,4,PCSK9,,2021-04-22,2020-05-07,False,,,,,,,DepMap,,,0.0,0.0
122209,3703,TIGIT,,2021-07-15,2021-05-05,False,,,,,,,DepMap,,,0.0,0.0
152893,3703,TIGIT,,2023-07-28,2023-06-02,False,,,,,,,DepMap,,,0.0,0.0
90718,3703,TIGIT,,2021-02-15,2020-05-07,False,,,,,,,DepMap,,,0.0,0.0
144981,3703,TIGIT,,2021-05-24,2021-05-05,False,,,,,,,DepMap,,,0.0,0.0
113164,72630,S,,2021-08-25,2021-05-05,False,,,,,,,DepMap,,,0.0,0.0
113163,72630,S,,2021-08-25,2021-05-05,False,,,,,,,DepMap,,,0.0,0.0
118711,72630,S,,2024-12-05,2023-06-02,False,,,,,,,DepMap,,,0.0,0.0
150008,72630,S,,2022-04-25,2021-05-05,False,,,,,,,DepMap,,,0.0,0.0
150007,72630,S,,2022-04-25,2021-05-05,False,,,,,,,DepMap,,,0.0,0.0
114412,4100,IL1RAP,,2021-05-15,2021-05-05,False,,,,,,,DepMap,,,0.0,0.0
152029,6372,DHFR,,2020-09-01,2020-05-07,False,,,,,,,DepMap,,,1.0,1.0
119106,211,GLP1R,,2024-01-03,2023-06-02,False,,,,,,,DepMap,,,0.0,0.0
136486,1419,PDCD1,,2020-10-19,2020-05-07,False,,,,,,,DepMap,,,0.0,0.0
96268,72630,S,,2020-07-27,2020-05-07,False,,,,,,,DepMap,,,0.0,0.0
147121,1059,LEPR,,2022-02-28,2021-05-05,False,,,,,,,DepMap,,,0.0,0.0
147122,1059,LEPR,,2022-02-28,2021-05-05,False,,,,,,,DepMap,,,0.0,0.0
79330,1059,LEPR,,2024-04-24,2023-06-02,False,,,,,,,DepMap,,,0.0,0.0
129910,4373,HCRTR1,,2020-09-09,2020-05-07,False,,,,,,,DepMap,,,1.0,0.0
146739,72630,S,,2021-12-16,2021-05-05,False,,,,,,,DepMap,,,0.0,0.0
111604,27922,REEP4,,2021-03-11,2020-05-07,False,,,,,,,DepMap,,,0.0,0.0
109543,27922,REEP4,,2020-09-14,2020-05-07,False,,,,,,,DepMap,,,0.0,0.0
147920,2777,RAF1,,2021-09-20,2021-05-05,False,,,,,,,DepMap,,,0.0,0.0
90384,19457,EPHB3,,2020-06-24,2020-05-07,False,,,,,,,DepMap,,,0.0,0.0
94444,16791,AGFG2,,2020-07-17,2020-05-07,False,,,,,,,DepMap,,,0.0,0.0
94445,16791,AGFG2,,2020-07-17,2020-05-07,False,,,,,,,DepMap,,,0.0,0.0
94446,16791,AGFG2,,2020-07-17,2020-05-07,False,,,,,,,DepMap,,,0.0,0.0
146466,2406,MAT1A,,2021-09-02,2021-05-05,False,,,,,,,DepMap,,,0.0,0.0
146464,2406,MAT1A,,2021-09-02,2021-05-05,False,,,,,,,DepMap,,,0.0,0.0
146468,2406,MAT1A,,2021-09-02,2021-05-05,False,,,,,,,DepMap,,,0.0,0.0
146467,2406,MAT1A,,2021-09-02,2021-05-05,False,,,,,,,DepMap,,,0.0,0.0
146465,2406,MAT1A,,2021-09-02,2021-05-05,False,,,,,,,DepMap,,,0.0,0.0
124382,2406,MAT1A,,2021-07-15,2021-05-05,False,,,,,,,DepMap,,,0.0,0.0
145168,24557,EEF1G,,2021-11-05,2021-05-05,False,,,,,,,DepMap,,,1.0,1.0
99977,5031,ID1,,2023-07-31,2023-06-02,False,,,,,,,DepMap,,,0.0,0.0
109614,211,GLP1R,,2023-07-20,2023-06-02,False,,,,,,,DepMap,,,0.0,0.0
109616,211,GLP1R,,2023-07-20,2023-06-02,False,,,,,,,DepMap,,,0.0,0.0
80796,211,GLP1R,,2023-07-10,2023-06-02,False,,,,,,,DepMap,,,0.0,0.0
80793,211,GLP1R,,2023-07-10,2023-06-02,False,,,,,,,DepMap,,,0.0,0.0
80795,211,GLP1R,,2023-07-10,2023-06-02,False,,,,,,,DepMap,,,0.0,0.0
80794,211,GLP1R,,2023-07-10,2023-06-02,False,,,,,,,DepMap,,,0.0,0.0
109615,211,GLP1R,,2023-07-20,2023-06-02,False,,,,,,,DepMap,,,0.0,0.0
88419,19782,GCGR,,2024-01-16,2023-06-02,False,,,,,,,DepMap,,,0.0,0.0
88418,19782,GCGR,,2024-02-06,2023-06-02,False,,,,,,,DepMap,,,0.0,0.0
90371,5650,H4C2,,2024-03-29,2023-06-02,False,,,,,,,DepMap,,,0.0,0.0
134000,5253,B4GALNT1,,2021-03-17,2020-05-07,False,,,,,,,DepMap,,,0.0,0.0
151951,3440,RRM1,,2021-01-15,2020-05-07,False,,,,,,,DepMap,,,1.0,1.0
146595,3440,RRM1,,2020-05-14,2020-05-07,False,,,,,,,DepMap,,,1.0,1.0
146594,3440,RRM1,,2020-05-14,2020-05-07,False,,,,,,,DepMap,,,1.0,1.0
117081,3440,RRM1,,2021-02-22,2020-05-07,False,,,,,,,DepMap,,,1.0,1.0
83166,3440,RRM1,,2020-10-16,2020-05-07,False,,,,,,,DepMap,,,1.0,1.0
144520,3440,RRM1,,2021-06-04,2021-05-05,False,,,,,,,DepMap,,,1.0,1.0
144521,3440,RRM1,,2021-06-04,2021-05-05,False,,,,,,,DepMap,,,1.0,1.0
151952,3440,RRM1,,2021-01-15,2020-05-07,False,,,,,,,DepMap,,,1.0,1.0
149741,3440,RRM1,,2021-08-02,2021-05-05,False,,,,,,,DepMap,,,1.0,1.0
149742,3440,RRM1,,2021-08-02,2021-05-05,False,,,,,,,DepMap,,,1.0,1.0
103863,3440,RRM1,,2022-10-18,2022-05-05,False,,,,,,,DepMap,,,1.0,1.0
144522,3440,RRM1,,2021-06-04,2021-05-05,False,,,,,,,DepMap,,,1.0,1.0
144523,3440,RRM1,,2021-06-04,2021-05-05,False,,,,,,,DepMap,,,1.0,1.0
135063,872,TOP1,,2022-07-08,2022-05-05,False,,,,,,,DepMap,,,1.0,1.0
94879,259,TUBB,,2021-10-07,2021-05-05,False,,,,,,,DepMap,,,1.0,1.0
89785,2878,JAK2,,2021-07-19,2021-05-05,False,,,,,,,DepMap,,,0.0,0.0
118004,2878,JAK2,,2020-08-20,2020-05-07,False,,,,,,,DepMap,,,0.0,0.0
143683,2878,JAK2,,2022-06-16,2022-05-05,False,,,,,,,DepMap,,,0.0,0.0
86018,872,TOP1,,2021-03-29,2020-05-07,False,,,,,,,DepMap,,,1.0,1.0
91914,4876,BRAF,,2022-01-01,2021-05-05,False,,,,,,,DepMap,,,0.0,0.0
152360,4876,BRAF,,2022-11-15,2022-05-05,False,,,,,,,DepMap,,,0.0,0.0
91912,4876,BRAF,,2022-01-01,2021-05-05,False,,,,,,,DepMap,,,0.0,0.0
91913,4876,BRAF,,2022-01-01,2021-05-05,False,,,,,,,DepMap,,,0.0,0.0
123329,1227,DPP4,,2023-09-14,2023-06-02,False,,,,,,,DepMap,,,0.0,0.0
125568,5619,CALCR,,2024-05-20,2023-06-02,False,,,,,,,DepMap,,,0.0,0.0
80194,5619,CALCR,,2023-02-01,2022-05-05,False,,,,,,,DepMap,,,0.0,0.0
110618,5619,CALCR,,2023-04-03,2022-05-05,False,,,,,,,DepMap,,,0.0,0.0
125779,1885,PARP1,,2021-07-19,2021-05-05,False,,,,,,,DepMap,,,0.0,0.0
151317,17582,TYRO3,,2023-06-30,2023-06-02,False,,,,,,,DepMap,,,0.0,0.0
94910,5222,IL4R,,2020-07-21,2020-05-07,False,,,,,,,DepMap,,,0.0,0.0
97110,211,GLP1R,,2023-04-03,2022-05-05,False,,,,,,,DepMap,,,0.0,0.0
97109,211,GLP1R,,2023-04-03,2022-05-05,False,,,,,,,DepMap,,,0.0,0.0
92008,211,GLP1R,,2023-04-03,2022-05-05,False,,,,,,,DepMap,,,0.0,0.0
97111,211,GLP1R,,2023-04-03,2022-05-05,False,,,,,,,DepMap,,,0.0,0.0
127662,17251,TRPC4,,2021-12-07,2021-05-05,False,,,,,,,DepMap,,,0.0,0.0
96923,2859,DGAT2,,2020-06-15,2020-05-07,False,,,,,,,DepMap,,,0.0,0.0
96751,4648,JAK1,,2023-06-12,2023-06-02,False,,,,,,,DepMap,,,0.0,0.0
110441,4648,JAK1,,2022-12-07,2022-05-05,False,,,,,,,DepMap,,,0.0,0.0
119524,4648,JAK1,,2020-05-13,2020-05-07,False,,,,,,,DepMap,,,0.0,0.0
102354,4452,CTSC,,2022-04-28,2021-05-05,False,,,,,,,DepMap,,,0.0,0.0
133410,4452,CTSC,,2024-04-05,2023-06-02,False,,,,,,,DepMap,,,0.0,0.0
133166,5222,IL4R,,2021-11-03,2021-05-05,False,,,,,,,DepMap,,,0.0,0.0
82324,5376,OPRK1,,2021-03-24,2020-05-07,False,,,,,,,DepMap,,,0.0,0.0
143064,7213,TOP2A,,2021-07-01,2021-05-05,False,,,,,,,DepMap,,,1.0,1.0
151223,2258,TYK2,,2021-11-01,2021-05-05,False,,,,,,,DepMap,,,0.0,0.0
90017,2258,TYK2,,2022-01-25,2021-05-05,False,,,,,,,DepMap,,,0.0,0.0
112419,2258,TYK2,,2022-06-07,2022-05-05,False,,,,,,,DepMap,,,0.0,0.0
127308,2258,TYK2,,2022-10-09,2022-05-05,False,,,,,,,DepMap,,,0.0,0.0
127307,2258,TYK2,,2022-10-09,2022-05-05,False,,,,,,,DepMap,,,0.0,0.0
104284,1822,SNAP25,,2022-03-29,2021-05-05,False,,,,,,,DepMap,,,0.0,0.0
104480,1822,SNAP25,,2021-02-09,2020-05-07,False,,,,,,,DepMap,,,0.0,0.0
92711,4,PCSK9,,2022-05-18,2022-05-05,False,,,,,,,DepMap,,,0.0,0.0
143740,19881,PPP3CA,,2021-01-05,2020-05-07,False,,,,,,,DepMap,,,0.0,0.0
143742,19881,PPP3CA,,2021-01-05,2020-05-07,False,,,,,,,DepMap,,,0.0,0.0
143741,19881,PPP3CA,,2021-01-05,2020-05-07,False,,,,,,,DepMap,,,0.0,0.0
143743,19881,PPP3CA,,2021-01-05,2020-05-07,False,,,,,,,DepMap,,,0.0,0.0
102361,72630,S,,2020-07-15,2020-05-07,False,,,,,,,DepMap,,,0.0,0.0
92904,72630,S,,2020-08-28,2020-05-07,False,,,,,,,DepMap,,,0.0,0.0
150622,4534,RORC,,2022-05-02,2021-05-05,False,,,,,,,DepMap,,,0.0,0.0
134775,1657,SLC6A4,,2020-11-27,2020-05-07,False,,,,,,,DepMap,,,0.0,0.0
152781,3625,MET,,2023-11-30,2023-06-02,False,,,,,,,DepMap,,,0.0,0.0
144524,3440,RRM1,,2021-06-04,2021-05-05,False,,,,,,,DepMap,,,1.0,1.0
122525,3440,RRM1,,2021-02-25,2020-05-07,False,,,,,,,DepMap,,,1.0,1.0
148067,3440,RRM1,,2021-01-06,2020-05-07,False,,,,,,,DepMap,,,1.0,1.0
148068,3440,RRM1,,2021-01-06,2020-05-07,False,,,,,,,DepMap,,,1.0,1.0
136768,3440,RRM1,,2022-01-10,2021-05-05,False,,,,,,,DepMap,,,1.0,1.0
136769,3440,RRM1,,2022-01-10,2021-05-05,False,,,,,,,DepMap,,,1.0,1.0
118800,3440,RRM1,,2023-01-10,2022-05-05,False,,,,,,,DepMap,,,1.0,1.0
130913,3440,RRM1,,2021-05-14,2021-05-05,False,,,,,,,DepMap,,,1.0,1.0
118799,3440,RRM1,,2023-01-10,2022-05-05,False,,,,,,,DepMap,,,1.0,1.0
136770,3440,RRM1,,2022-01-10,2021-05-05,False,,,,,,,DepMap,,,1.0,1.0
113395,3440,RRM1,,2023-03-27,2022-05-05,False,,,,,,,DepMap,,,1.0,1.0
151995,23511,PSENEN,,2021-02-01,2020-05-07,False,,,,,,,DepMap,,,0.0,0.0
152900,259,TUBB,,2023-07-28,2023-06-02,False,,,,,,,DepMap,,,1.0,1.0
118797,259,TUBB,,2023-01-10,2022-05-05,False,,,,,,,DepMap,,,1.0,1.0
113396,259,TUBB,,2023-03-27,2022-05-05,False,,,,,,,DepMap,,,1.0,1.0
139254,259,TUBB,,2021-12-14,2021-05-05,False,,,,,,,DepMap,,,1.0,1.0
83165,259,TUBB,,2020-10-16,2020-05-07,False,,,,,,,DepMap,,,1.0,1.0
118798,259,TUBB,,2023-01-10,2022-05-05,False,,,,,,,DepMap,,,1.0,1.0
122536,1402,TYMS,,2021-05-25,2021-05-05,False,,,,,,,DepMap,,,0.0,0.0
130901,7213,TOP2A,,2020-11-12,2020-05-07,False,,,,,,,DepMap,,,1.0,1.0
94278,7213,TOP2A,,2021-02-24,2020-05-07,False,,,,,,,DepMap,,,1.0,1.0
149744,872,TOP1,,2021-08-02,2021-05-05,False,,,,,,,DepMap,,,1.0,1.0
149743,872,TOP1,,2021-08-02,2021-05-05,False,,,,,,,DepMap,,,1.0,1.0
136855,872,TOP1,,2021-11-30,2021-05-05,False,,,,,,,DepMap,,,1.0,1.0
117082,872,TOP1,,2021-02-22,2020-05-07,False,,,,,,,DepMap,,,1.0,1.0
85056,2258,TYK2,,2021-03-15,2020-05-07,False,,,,,,,DepMap,,,0.0,0.0
79296,727,INSR,,2020-11-04,2020-05-07,False,,,,,,,DepMap,,,0.0,0.0
94279,259,TUBB,,2021-02-24,2020-05-07,False,,,,,,,DepMap,,,1.0,1.0
124585,2878,JAK2,,2020-09-24,2020-05-07,False,,,,,,,DepMap,,,0.0,0.0
137063,2878,JAK2,,2021-05-24,2021-05-05,False,,,,,,,DepMap,,,0.0,0.0
137064,2878,JAK2,,2021-05-24,2021-05-05,False,,,,,,,DepMap,,,0.0,0.0
137065,2878,JAK2,,2021-05-24,2021-05-05,False,,,,,,,DepMap,,,0.0,0.0
139236,2878,JAK2,,2020-05-24,2020-05-07,False,,,,,,,DepMap,,,0.0,0.0
137062,2878,JAK2,,2021-05-24,2021-05-05,False,,,,,,,DepMap,,,0.0,0.0
136767,872,TOP1,,2022-01-10,2021-05-05,False,,,,,,,DepMap,,,1.0,1.0
107396,872,TOP1,,2023-02-01,2022-05-05,False,,,,,,,DepMap,,,1.0,1.0
136765,872,TOP1,,2022-01-10,2021-05-05,False,,,,,,,DepMap,,,1.0,1.0
149738,872,TOP1,,2021-08-02,2021-05-05,False,,,,,,,DepMap,,,1.0,1.0
136766,872,TOP1,,2022-01-10,2021-05-05,False,,,,,,,DepMap,,,1.0,1.0
117079,872,TOP1,,2021-02-22,2020-05-07,False,,,,,,,DepMap,,,1.0,1.0
149737,872,TOP1,,2021-08-02,2021-05-05,False,,,,,,,DepMap,,,1.0,1.0
87114,3789,SLC6A2,,2020-05-27,2020-05-07,False,,,,,,,DepMap,,,0.0,0.0
481428,4648,JAK1,,2021-10-19,2021-05-05,False,,,,,,,DepMap,,,0.0,0.0
327480,4648,JAK1,,2021-10-19,2021-05-05,False,,,,,,,DepMap,,,0.0,0.0
113326,5619,CALCR,,2024-01-16,2023-06-02,False,,,,,,,DepMap,,,0.0,0.0
111313,5619,CALCR,,2023-02-01,2022-05-05,False,,,,,,,DepMap,,,0.0,0.0
100033,5619,CALCR,,2024-05-06,2023-06-02,False,,,,,,,DepMap,,,0.0,0.0
105753,1885,PARP1,,2020-10-16,2020-05-07,False,,,,,,,DepMap,,,0.0,0.0
148202,1885,PARP1,,2020-08-19,2020-05-07,False,,,,,,,DepMap,,,0.0,0.0
122589,308,SCN5A,,2022-04-07,2021-05-05,False,,,,,,,DepMap,,,0.0,0.0
88709,211,GLP1R,,2021-09-29,2021-05-05,False,,,,,,,DepMap,,,0.0,0.0
149740,259,TUBB,,2021-08-02,2021-05-05,False,,,,,,,DepMap,,,1.0,1.0
117080,259,TUBB,,2021-02-22,2020-05-07,False,,,,,,,DepMap,,,1.0,1.0
149739,259,TUBB,,2021-08-02,2021-05-05,False,,,,,,,DepMap,,,1.0,1.0
151949,259,TUBB,,2021-01-15,2020-05-07,False,,,,,,,DepMap,,,1.0,1.0
151950,259,TUBB,,2021-01-15,2020-05-07,False,,,,,,,DepMap,,,1.0,1.0
136495,17582,TYRO3,,2021-07-27,2021-05-05,False,,,,,,,DepMap,,,0.0,0.0
109518,5222,IL4R,,2021-04-06,2020-05-07,False,,,,,,,DepMap,,,0.0,0.0
101049,5222,IL4R,,2022-08-09,2022-05-05,False,,,,,,,DepMap,,,0.0,0.0
109517,5222,IL4R,,2021-04-06,2020-05-07,False,,,,,,,DepMap,,,0.0,0.0
112975,5222,IL4R,,2022-04-22,2021-05-05,False,,,,,,,DepMap,,,0.0,0.0
77186,211,GLP1R,,2023-04-03,2022-05-05,False,,,,,,,DepMap,,,0.0,0.0
77185,211,GLP1R,,2023-04-03,2022-05-05,False,,,,,,,DepMap,,,0.0,0.0
98456,33,PDE4B,,2022-11-16,2022-05-05,False,,,,,,,DepMap,,,0.0,0.0
78922,4648,JAK1,,2023-03-10,2022-05-05,False,,,,,,,DepMap,,,0.0,0.0
132788,4648,JAK1,,2022-11-23,2022-05-05,False,,,,,,,DepMap,,,0.0,0.0
150242,4648,JAK1,,2023-01-31,2022-05-05,False,,,,,,,DepMap,,,0.0,0.0
86450,1796,TACR3,,2021-08-27,2021-05-05,False,,,,,,,DepMap,,,0.0,0.0
118980,72579,pol,,2021-11-03,2021-05-05,False,,,,,,,DepMap,,,0.0,0.0
146726,5222,IL4R,,2022-02-11,2021-05-05,False,,,,,,,DepMap,,,0.0,0.0
137021,5222,IL4R,,2021-09-30,2021-05-05,False,,,,,,,DepMap,,,0.0,0.0
144494,2258,TYK2,,2021-03-31,2020-05-07,False,,,,,,,DepMap,,,0.0,0.0
144495,2258,TYK2,,2021-03-31,2020-05-07,False,,,,,,,DepMap,,,0.0,0.0
126304,2258,TYK2,,2021-01-05,2020-05-07,False,,,,,,,DepMap,,,0.0,0.0
129836,1822,SNAP25,,2020-08-12,2020-05-07,False,,,,,,,DepMap,,,0.0,0.0
129856,1822,SNAP25,,2024-06-24,2023-06-02,False,,,,,,,DepMap,,,0.0,0.0
114473,1822,SNAP25,,2022-04-12,2021-05-05,False,,,,,,,DepMap,,,0.0,0.0
132042,1822,SNAP25,,2021-10-15,2021-05-05,False,,,,,,,DepMap,,,0.0,0.0
126354,1822,SNAP25,,2021-08-30,2021-05-05,False,,,,,,,DepMap,,,0.0,0.0
103109,1822,SNAP25,,2020-12-10,2020-05-07,False,,,,,,,DepMap,,,0.0,0.0
109364,1822,SNAP25,,2022-02-15,2021-05-05,False,,,,,,,DepMap,,,0.0,0.0
79298,1822,SNAP25,,2023-10-17,2023-06-02,False,,,,,,,DepMap,,,0.0,0.0
117007,4543,LPAR1,,2020-07-29,2020-05-07,False,,,,,,,DepMap,,,0.0,0.0
101788,72630,S,,2021-08-06,2021-05-05,False,,,,,,,DepMap,,,0.0,0.0
140680,3625,MET,,2024-11-22,2023-06-02,False,,,,,,,DepMap,,,0.0,0.0
142570,3625,MET,,2020-07-28,2020-05-07,False,,,,,,,DepMap,,,0.0,0.0
140681,3625,MET,,2024-11-22,2023-06-02,False,,,,,,,DepMap,,,0.0,0.0
140682,3625,MET,,2024-11-22,2023-06-02,False,,,,,,,DepMap,,,0.0,0.0
88708,3612,GRIN1,,2020-12-07,2020-05-07,False,,,,,,,DepMap,,,0.0,0.0
88706,3612,GRIN1,,2020-12-07,2020-05-07,False,,,,,,,DepMap,,,0.0,0.0
97976,3612,GRIN1,,2022-01-26,2021-05-05,False,,,,,,,DepMap,,,0.0,0.0
88707,3612,GRIN1,,2020-07-31,2020-05-07,False,,,,,,,DepMap,,,0.0,0.0
146583,7213,TOP2A,,2021-06-28,2021-05-05,False,,,,,,,DepMap,,,1.0,1.0
129590,211,GLP1R,,2024-02-29,2023-06-02,False,,,,,,,DepMap,,,0.0,0.0
85993,211,GLP1R,,2022-11-14,2022-05-05,False,,,,,,,DepMap,,,0.0,0.0
102467,211,GLP1R,,2020-09-12,2020-05-07,False,,,,,,,DepMap,,,0.0,0.0
95000,4648,JAK1,,2020-12-01,2020-05-07,False,,,,,,,DepMap,,,0.0,0.0
113762,4648,JAK1,,2020-09-08,2020-05-07,False,,,,,,,DepMap,,,0.0,0.0
139630,1420,CFD,,2022-04-27,2021-05-05,False,,,,,,,DepMap,,,0.0,0.0
143256,1420,CFD,,2022-01-14,2021-05-05,False,,,,,,,DepMap,,,0.0,0.0
143258,1420,CFD,,2022-01-14,2021-05-05,False,,,,,,,DepMap,,,0.0,0.0
143257,1420,CFD,,2022-01-14,2021-05-05,False,,,,,,,DepMap,,,0.0,0.0
143255,1420,CFD,,2022-01-14,2021-05-05,False,,,,,,,DepMap,,,0.0,0.0
139629,1420,CFD,,2022-04-27,2021-05-05,False,,,,,,,DepMap,,,0.0,0.0
125563,1141,FGF21,,2024-05-20,2023-06-02,False,,,,,,,DepMap,,,0.0,0.0
87717,72579,pol,,2023-11-08,2023-06-02,False,,,,,,,DepMap,,,0.0,0.0
79847,4876,BRAF,,2020-08-19,2020-05-07,False,,,,,,,DepMap,,,0.0,0.0
84278,367,GABRA1,,2023-06-27,2023-06-02,False,,,,,,,DepMap,,,0.0,0.0
134815,367,GABRA1,,2022-10-12,2022-05-05,False,,,,,,,DepMap,,,0.0,0.0
125039,6210,MC1R,,2023-12-11,2023-06-02,False,,,,,,,DepMap,,,0.0,0.0
125040,6210,MC1R,,2023-12-11,2023-06-02,False,,,,,,,DepMap,,,0.0,0.0
83534,24537,H2BC5,,2022-03-07,2021-05-05,False,,,,,,,DepMap,,,0.0,1.0
83533,24537,H2BC5,,2022-03-07,2021-05-05,False,,,,,,,DepMap,,,0.0,1.0
130931,72630,S,,2020-10-29,2020-05-07,False,,,,,,,DepMap,,,0.0,0.0
101604,148,FDX1,,2021-10-27,2021-05-05,False,,,,,,,DepMap,,,0.0,0.0
103469,7270,ATP1A4,,2020-12-07,2020-05-07,False,,,,,,,DepMap,,,0.0,0.0
87563,7270,ATP1A4,,2020-12-09,2020-05-07,False,,,,,,,DepMap,,,0.0,0.0
87562,7270,ATP1A4,,2020-12-09,2020-05-07,False,,,,,,,DepMap,,,0.0,0.0
132697,19782,GCGR,,2021-04-27,2020-05-07,False,,,,,,,DepMap,,,0.0,0.0
143911,5650,H4C2,,2022-08-16,2022-05-05,False,,,,,,,DepMap,,,0.0,0.0
150574,3440,RRM1,,2024-06-27,2023-06-02,False,,,,,,,DepMap,,,1.0,1.0
144008,3440,RRM1,,2022-12-14,2022-05-05,False,,,,,,,DepMap,,,1.0,1.0
135637,3440,RRM1,,2023-05-13,2022-05-05,False,,,,,,,DepMap,,,1.0,1.0
149007,3440,RRM1,,2021-03-29,2020-05-07,False,,,,,,,DepMap,,,1.0,1.0
135634,3440,RRM1,,2023-05-13,2022-05-05,False,,,,,,,DepMap,,,1.0,1.0
149008,3440,RRM1,,2021-03-29,2020-05-07,False,,,,,,,DepMap,,,1.0,1.0
135635,3440,RRM1,,2023-05-13,2022-05-05,False,,,,,,,DepMap,,,1.0,1.0
135632,3440,RRM1,,2023-05-13,2022-05-05,False,,,,,,,DepMap,,,1.0,1.0
150575,3440,RRM1,,2024-06-27,2023-06-02,False,,,,,,,DepMap,,,1.0,1.0
150576,3440,RRM1,,2024-06-27,2023-06-02,False,,,,,,,DepMap,,,1.0,1.0
101294,3440,RRM1,,2021-09-16,2021-05-05,False,,,,,,,DepMap,,,1.0,1.0
135633,3440,RRM1,,2023-05-13,2022-05-05,False,,,,,,,DepMap,,,1.0,1.0
101293,3440,RRM1,,2021-09-16,2021-05-05,False,,,,,,,DepMap,,,1.0,1.0
101292,3440,RRM1,,2021-09-16,2021-05-05,False,,,,,,,DepMap,,,1.0,1.0
101291,3440,RRM1,,2021-09-16,2021-05-05,False,,,,,,,DepMap,,,1.0,1.0
101290,3440,RRM1,,2021-09-16,2021-05-05,False,,,,,,,DepMap,,,1.0,1.0
101289,3440,RRM1,,2021-09-16,2021-05-05,False,,,,,,,DepMap,,,1.0,1.0
101288,3440,RRM1,,2021-09-16,2021-05-05,False,,,,,,,DepMap,,,1.0,1.0
101287,3440,RRM1,,2021-09-16,2021-05-05,False,,,,,,,DepMap,,,1.0,1.0
101286,3440,RRM1,,2021-09-16,2021-05-05,False,,,,,,,DepMap,,,1.0,1.0
135636,3440,RRM1,,2023-05-13,2022-05-05,False,,,,,,,DepMap,,,1.0,1.0
101285,3440,RRM1,,2021-09-16,2021-05-05,False,,,,,,,DepMap,,,1.0,1.0
132444,23511,PSENEN,,2023-01-10,2022-05-05,False,,,,,,,DepMap,,,0.0,0.0
132445,23511,PSENEN,,2023-01-10,2022-05-05,False,,,,,,,DepMap,,,0.0,0.0
96001,259,TUBB,,2020-09-11,2020-05-07,False,,,,,,,DepMap,,,1.0,1.0
110778,259,TUBB,,2021-11-16,2021-05-05,False,,,,,,,DepMap,,,1.0,1.0
110777,259,TUBB,,2021-11-16,2021-05-05,False,,,,,,,DepMap,,,1.0,1.0
110776,259,TUBB,,2021-11-16,2021-05-05,False,,,,,,,DepMap,,,1.0,1.0
96002,259,TUBB,,2020-09-11,2020-05-07,False,,,,,,,DepMap,,,1.0,1.0
144007,259,TUBB,,2022-12-14,2022-05-05,False,,,,,,,DepMap,,,1.0,1.0
123847,259,TUBB,,2021-02-17,2020-05-07,False,,,,,,,DepMap,,,1.0,1.0
123848,259,TUBB,,2021-02-17,2020-05-07,False,,,,,,,DepMap,,,1.0,1.0
142092,259,TUBB,,2020-07-14,2020-05-07,False,,,,,,,DepMap,,,1.0,1.0
142091,259,TUBB,,2020-07-14,2020-05-07,False,,,,,,,DepMap,,,1.0,1.0
146202,259,TUBB,,2020-06-08,2020-05-07,False,,,,,,,DepMap,,,1.0,1.0
147158,1402,TYMS,,2021-09-01,2021-05-05,False,,,,,,,DepMap,,,0.0,0.0
147159,1402,TYMS,,2021-09-01,2021-05-05,False,,,,,,,DepMap,,,0.0,0.0
147160,1402,TYMS,,2021-09-01,2021-05-05,False,,,,,,,DepMap,,,0.0,0.0
147157,1402,TYMS,,2021-09-01,2021-05-05,False,,,,,,,DepMap,,,0.0,0.0
115548,7213,TOP2A,,2022-03-03,2021-05-05,False,,,,,,,DepMap,,,1.0,1.0
115547,7213,TOP2A,,2022-03-03,2021-05-05,False,,,,,,,DepMap,,,1.0,1.0
150382,7213,TOP2A,,2024-03-29,2023-06-02,False,,,,,,,DepMap,,,1.0,1.0
142032,872,TOP1,,2021-12-22,2021-05-05,False,,,,,,,DepMap,,,1.0,1.0
142285,872,TOP1,,2022-10-03,2022-05-05,False,,,,,,,DepMap,,,1.0,1.0
123833,872,TOP1,,2022-07-22,2022-05-05,False,,,,,,,DepMap,,,1.0,1.0
119922,727,INSR,,2020-10-30,2020-05-07,False,,,,,,,DepMap,,,0.0,0.0
150383,259,TUBB,,2024-03-29,2023-06-02,False,,,,,,,DepMap,,,1.0,1.0
97500,872,TOP1,,2021-06-11,2021-05-05,False,,,,,,,DepMap,,,1.0,1.0
123835,872,TOP1,,2022-07-22,2022-05-05,False,,,,,,,DepMap,,,1.0,1.0
130972,4876,BRAF,,2021-02-07,2020-05-07,False,,,,,,,DepMap,,,0.0,0.0
144034,4876,BRAF,,2021-09-26,2021-05-05,False,,,,,,,DepMap,,,0.0,0.0
173532,4648,JAK1,,2021-10-19,2021-05-05,False,,,,,,,DepMap,,,0.0,0.0
96558,4648,JAK1,,2021-10-19,2021-05-05,False,,,,,,,DepMap,,,0.0,0.0
404454,4648,JAK1,,2021-10-19,2021-05-05,False,,,,,,,DepMap,,,0.0,0.0
250506,4648,JAK1,,2021-10-19,2021-05-05,False,,,,,,,DepMap,,,0.0,0.0
114952,5619,CALCR,,2024-04-01,2023-06-02,False,,,,,,,DepMap,,,0.0,0.0
81451,5619,CALCR,,2023-02-01,2022-05-05,False,,,,,,,DepMap,,,0.0,0.0
82450,211,GLP1R,,2021-09-29,2021-05-05,False,,,,,,,DepMap,,,0.0,0.0
77849,211,GLP1R,,2021-09-15,2021-05-05,False,,,,,,,DepMap,,,0.0,0.0
142283,17582,TYRO3,,2022-10-03,2022-05-05,False,,,,,,,DepMap,,,0.0,0.0
97525,5222,IL4R,,2021-11-30,2021-05-05,False,,,,,,,DepMap,,,0.0,0.0
132246,5222,IL4R,,2022-01-12,2021-05-05,False,,,,,,,DepMap,,,0.0,0.0
99239,5222,IL4R,,2023-08-10,2023-06-02,False,,,,,,,DepMap,,,0.0,0.0
128952,17251,TRPC4,,2020-11-13,2020-05-07,False,,,,,,,DepMap,,,0.0,0.0
105841,4648,JAK1,,2022-09-01,2022-05-05,False,,,,,,,DepMap,,,0.0,0.0
134112,4648,JAK1,,2023-04-11,2022-05-05,False,,,,,,,DepMap,,,0.0,0.0
134536,4648,JAK1,,2022-11-18,2022-05-05,False,,,,,,,DepMap,,,0.0,0.0
101132,4648,JAK1,,2023-01-31,2022-05-05,False,,,,,,,DepMap,,,0.0,0.0
115118,72579,pol,,2023-06-16,2023-06-02,False,,,,,,,DepMap,,,0.0,0.0
103167,5376,OPRK1,,2022-06-17,2022-05-05,False,,,,,,,DepMap,,,0.0,0.0
103166,5376,OPRK1,,2021-09-16,2021-05-05,False,,,,,,,DepMap,,,0.0,0.0
95680,27923,TPRKB,,2022-06-30,2022-05-05,False,,,,,,,DepMap,,,0.0,0.0
119941,27923,TPRKB,,2022-01-10,2021-05-05,False,,,,,,,DepMap,,,1.0,0.0
148655,1822,SNAP25,,2021-11-05,2021-05-05,False,,,,,,,DepMap,,,0.0,0.0
125106,1822,SNAP25,,2023-12-12,2023-06-02,False,,,,,,,DepMap,,,0.0,0.0
127101,727,INSR,,2020-07-06,2020-05-07,False,,,,,,,DepMap,,,0.0,0.0
106879,4,PCSK9,,2024-10-30,2023-06-02,False,,,,,,,DepMap,,,0.0,0.0
132471,19881,PPP3CA,,2023-08-30,2023-06-02,False,,,,,,,DepMap,,,0.0,0.0
79701,72630,S,,2021-09-27,2021-05-05,False,,,,,,,DepMap,,,0.0,0.0
112728,72630,S,,2020-09-07,2020-05-07,False,,,,,,,DepMap,,,0.0,0.0
89305,5590,SCN10A,,2021-07-19,2021-05-05,False,,,,,,,DepMap,,,0.0,0.0
87306,5590,SCN10A,,2023-12-13,2023-06-02,False,,,,,,,DepMap,,,0.0,0.0
83598,3625,MET,,2020-10-01,2020-05-07,False,,,,,,,DepMap,,,0.0,0.0
89444,211,GLP1R,,2021-06-08,2021-05-05,False,,,,,,,DepMap,,,0.0,0.0
126582,3612,GRIN1,,2020-07-31,2020-05-07,False,,,,,,,DepMap,,,0.0,0.0
105570,3612,GRIN1,,2022-11-29,2022-05-05,False,,,,,,,DepMap,,,0.0,0.0
129226,14,CACNA1C,,2022-08-05,2022-05-05,False,,,,,,,DepMap,,,0.0,0.0
129227,14,CACNA1C,,2022-08-05,2022-05-05,False,,,,,,,DepMap,,,0.0,0.0
90010,3301,HTR2A,,2022-08-18,2022-05-05,False,,,,,,,DepMap,,,0.0,0.0
90008,3301,HTR2A,,2022-08-18,2022-05-05,False,,,,,,,DepMap,,,0.0,0.0
90007,3301,HTR2A,,2022-08-18,2022-05-05,False,,,,,,,DepMap,,,0.0,0.0
90009,3301,HTR2A,,2022-08-18,2022-05-05,False,,,,,,,DepMap,,,0.0,0.0
89662,211,GLP1R,,2021-09-13,2021-05-05,False,,,,,,,DepMap,,,0.0,0.0
89663,211,GLP1R,,2021-09-13,2021-05-05,False,,,,,,,DepMap,,,0.0,0.0
102532,1071,MPO,,2022-10-26,2022-05-05,False,,,,,,,DepMap,,,0.0,0.0
104567,6298,JAK3,,2022-02-16,2021-05-05,False,,,,,,,DepMap,,,0.0,0.0
117143,5222,IL4R,,2021-01-15,2020-05-07,False,,,,,,,DepMap,,,0.0,0.0
147239,261,OPRM1,,2020-12-18,2020-05-07,False,,,,,,,DepMap,,,0.0,0.0
137514,17256,HCRTR2,,2020-05-27,2020-05-07,False,,,,,,,DepMap,,,0.0,0.0
137513,17256,HCRTR2,,2020-05-27,2020-05-07,False,,,,,,,DepMap,,,0.0,0.0
147029,211,GLP1R,,2022-10-27,2022-05-05,False,,,,,,,DepMap,,,0.0,0.0
147028,211,GLP1R,,2022-10-27,2022-05-05,False,,,,,,,DepMap,,,0.0,0.0
121681,1400,CYP11B2,,2022-01-11,2021-05-05,False,,,,,,,DepMap,,,0.0,0.0
131374,4,PCSK9,,2020-05-13,2020-05-07,False,,,,,,,DepMap,,,0.0,0.0
339531,1691,COL1A1,,2023-11-28,2023-06-02,False,,,,,,,DepMap,,,0.0,0.0
185583,1691,COL1A1,,2023-11-28,2023-06-02,False,,,,,,,DepMap,,,0.0,0.0
102402,1691,COL1A1,,2021-11-29,2021-05-05,False,,,,,,,DepMap,,,0.0,0.0
410298,1691,COL1A1,,2021-11-29,2021-05-05,False,,,,,,,DepMap,,,0.0,0.0
256350,1691,COL1A1,,2021-11-29,2021-05-05,False,,,,,,,DepMap,,,0.0,0.0
487272,1691,COL1A1,,2021-11-29,2021-05-05,False,,,,,,,DepMap,,,0.0,0.0
493479,1691,COL1A1,,2023-11-28,2023-06-02,False,,,,,,,DepMap,,,0.0,0.0
152346,1974,IL15,,2025-12-15,2023-06-02,False,,,,,,,DepMap,,,0.0,0.0
84129,4648,JAK1,,2022-04-19,2021-05-05,False,,,,,,,DepMap,,,0.0,0.0
131443,367,GABRA1,,2025-03-25,2023-06-02,False,,,,,,,DepMap,,,0.0,0.0
104741,5634,CHRM1,,2020-12-16,2020-05-07,False,,,,,,,DepMap,,,0.0,0.0
392564,5826,TMEM97,,2022-05-19,2022-05-05,False,,,,,,,DepMap,,,0.0,0.0
84668,5826,TMEM97,,2022-05-19,2022-05-05,False,,,,,,,DepMap,,,0.0,0.0
238616,5826,TMEM97,,2022-05-19,2022-05-05,False,,,,,,,DepMap,,,0.0,0.0
123317,1362,IL33,,2020-12-14,2020-05-07,False,,,,,,,DepMap,,,0.0,0.0
141793,2801,TLR9,,2021-02-24,2020-05-07,False,,,,,,,DepMap,,,0.0,0.0
141794,2801,TLR9,,2021-02-24,2020-05-07,False,,,,,,,DepMap,,,0.0,0.0
141792,2801,TLR9,,2021-02-24,2020-05-07,False,,,,,,,DepMap,,,0.0,0.0
104363,3612,GRIN1,,2022-09-06,2022-05-05,False,,,,,,,DepMap,,,0.0,0.0
88272,4,PCSK9,,2024-07-08,2023-06-02,False,,,,,,,DepMap,,,0.0,0.0
141666,72579,pol,,2021-02-24,2020-05-07,False,,,,,,,DepMap,,,0.0,0.0
145585,72579,pol,,2021-03-15,2020-05-07,False,,,,,,,DepMap,,,0.0,0.0
141665,72579,pol,,2021-02-24,2020-05-07,False,,,,,,,DepMap,,,0.0,0.0
141667,72579,pol,,2021-02-24,2020-05-07,False,,,,,,,DepMap,,,0.0,0.0
152415,261,OPRM1,,2023-03-01,2022-05-05,False,,,,,,,DepMap,,,0.0,0.0
82112,72579,pol,,2020-09-14,2020-05-07,False,,,,,,,DepMap,,,0.0,0.0
82332,3684,LILRB2,,2021-07-15,2021-05-05,False,,,,,,,DepMap,,,0.0,0.0
110180,353,F11,,2021-09-17,2021-05-05,False,,,,,,,DepMap,,,0.0,0.0
110179,353,F11,,2021-09-17,2021-05-05,False,,,,,,,DepMap,,,0.0,0.0
141259,161,TGFB1,,2021-11-15,2021-05-05,False,,,,,,,DepMap,,,0.0,0.0
104636,223,NPC1L1,,2023-04-26,2022-05-05,False,,,,,,,DepMap,,,0.0,0.0
92025,223,NPC1L1,,2022-08-17,2022-05-05,False,,,,,,,DepMap,,,0.0,0.0
127543,1400,CYP11B2,,2022-04-29,2021-05-05,False,,,,,,,DepMap,,,0.0,0.0
127544,1400,CYP11B2,,2022-04-29,2021-05-05,False,,,,,,,DepMap,,,0.0,0.0
129255,3893,RIPK1,,2022-02-18,2021-05-05,False,,,,,,,DepMap,,,0.0,0.0
88066,1822,SNAP25,,2020-09-23,2020-05-07,False,,,,,,,DepMap,,,0.0,0.0
125687,1822,SNAP25,,2021-02-24,2020-05-07,False,,,,,,,DepMap,,,0.0,0.0
88213,6393,SLC6A9,,2021-08-09,2021-05-05,False,,,,,,,DepMap,,,0.0,0.0
141587,3612,GRIN1,,2021-03-30,2020-05-07,False,,,,,,,DepMap,,,0.0,0.0
141588,3612,GRIN1,,2021-03-30,2020-05-07,False,,,,,,,DepMap,,,0.0,0.0
112219,18805,FCGRT,,2020-12-01,2020-05-07,False,,,,,,,DepMap,,,0.0,0.0
112220,18805,FCGRT,,2020-12-01,2020-05-07,False,,,,,,,DepMap,,,0.0,0.0
112820,2646,S1PR1,,2021-08-17,2021-05-05,False,,,,,,,DepMap,,,0.0,0.0
124026,72630,S,,2022-04-01,2021-05-05,False,,,,,,,DepMap,,,0.0,0.0
108156,72630,S,,2021-03-15,2020-05-07,False,,,,,,,DepMap,,,0.0,0.0
132998,222,VEGFA,,2020-09-25,2020-05-07,False,,,,,,,DepMap,,,0.0,0.0
139424,3395,TRPC6,,2020-11-03,2020-05-07,False,,,,,,,DepMap,,,0.0,0.0
78423,3395,TRPC6,,2022-05-03,2021-05-05,False,,,,,,,DepMap,,,0.0,0.0
112214,3823,GLP2R,,2021-01-26,2020-05-07,False,,,,,,,DepMap,,,0.0,0.0
141301,1145,ANGPTL3,,2021-08-27,2021-05-05,False,,,,,,,DepMap,,,0.0,0.0
139464,3532,MAPKAPK2,,2021-08-25,2021-05-05,False,,,,,,,DepMap,,,0.0,0.0
80333,654,SLC5A2,,2020-11-11,2020-05-07,False,,,,,,,DepMap,,,0.0,0.0
96868,1657,SLC6A4,,2020-11-09,2020-05-07,False,,,,,,,DepMap,,,0.0,0.0
164257,2258,TYK2,,2023-02-27,2022-05-05,False,,,,,,,DepMap,,,0.0,0.0
110534,4535,CTLA4,,2020-12-08,2020-05-07,False,,,,,,,DepMap,,,0.0,0.0
145753,2793,NR3C2,,2021-11-05,2021-05-05,False,,,,,,,DepMap,,,0.0,0.0
121569,82276,NDUFA4L2,,2021-07-06,2021-05-05,False,,,,,,,DepMap,,,0.0,0.0
144461,18153,ITGB6,,2020-10-22,2020-05-07,False,,,,,,,DepMap,,,0.0,0.0
144462,18153,ITGB6,,2020-10-22,2020-05-07,False,,,,,,,DepMap,,,0.0,0.0
117749,3453,THRB,,2022-10-30,2022-05-05,False,,,,,,,DepMap,,,0.0,0.0
125541,222,VEGFA,,2020-07-31,2020-05-07,False,,,,,,,DepMap,,,0.0,0.0
125540,222,VEGFA,,2020-07-31,2020-05-07,False,,,,,,,DepMap,,,0.0,0.0
125542,222,VEGFA,,2020-07-31,2020-05-07,False,,,,,,,DepMap,,,0.0,0.0
105569,3612,GRIN1,,2022-11-29,2022-05-05,False,,,,,,,DepMap,,,0.0,0.0
153053,4648,JAK1,,2022-09-01,2022-05-05,False,,,,,,,DepMap,,,0.0,0.0
153054,4648,JAK1,,2022-09-01,2022-05-05,False,,,,,,,DepMap,,,0.0,0.0
81526,72579,pol,,2023-08-14,2023-06-02,False,,,,,,,DepMap,,,0.0,0.0
87490,367,GABRA1,,2021-05-07,2021-05-05,False,,,,,,,DepMap,,,0.0,0.0
142093,1300,KDR,,2020-07-14,2020-05-07,False,,,,,,,DepMap,,,0.0,0.0
150412,6298,JAK3,,2020-07-06,2020-05-07,False,,,,,,,DepMap,,,0.0,0.0
105716,5222,IL4R,,2020-12-02,2020-05-07,False,,,,,,,DepMap,,,0.0,0.0
105719,5222,IL4R,,2020-12-02,2020-05-07,False,,,,,,,DepMap,,,0.0,0.0
105718,5222,IL4R,,2020-12-02,2020-05-07,False,,,,,,,DepMap,,,0.0,0.0
105717,5222,IL4R,,2020-12-02,2020-05-07,False,,,,,,,DepMap,,,0.0,0.0
105715,5222,IL4R,,2020-12-02,2020-05-07,False,,,,,,,DepMap,,,0.0,0.0
101186,261,OPRM1,,2024-09-13,2023-06-02,False,,,,,,,DepMap,,,0.0,0.0
81582,6372,DHFR,,2023-02-27,2022-05-05,False,,,,,,,DepMap,,,1.0,1.0
128743,211,GLP1R,,2024-10-08,2023-06-02,False,,,,,,,DepMap,,,0.0,0.0
100387,211,GLP1R,,2024-10-08,2023-06-02,False,,,,,,,DepMap,,,0.0,0.0
148785,5594,GNRHR,,2020-10-14,2020-05-07,False,,,,,,,DepMap,,,0.0,0.0
140409,5594,GNRHR,,2022-03-08,2021-05-05,False,,,,,,,DepMap,,,0.0,0.0
91289,4,PCSK9,,2021-11-03,2021-05-05,False,,,,,,,DepMap,,,0.0,0.0
101144,1402,TYMS,,2021-11-10,2021-05-05,False,,,,,,,DepMap,,,0.0,0.0
430590,1691,COL1A1,,2020-07-29,2020-05-07,False,,,,,,,DepMap,,,0.0,0.0
430591,1691,COL1A1,,2020-07-29,2020-05-07,False,,,,,,,DepMap,,,0.0,0.0
276643,1691,COL1A1,,2020-07-29,2020-05-07,False,,,,,,,DepMap,,,0.0,0.0
276642,1691,COL1A1,,2020-07-29,2020-05-07,False,,,,,,,DepMap,,,0.0,0.0
122695,1691,COL1A1,,2020-07-29,2020-05-07,False,,,,,,,DepMap,,,0.0,0.0
122694,1691,COL1A1,,2020-07-29,2020-05-07,False,,,,,,,DepMap,,,0.0,0.0
199668,1691,COL1A1,,2020-07-29,2020-05-07,False,,,,,,,DepMap,,,0.0,0.0
199669,1691,COL1A1,,2020-07-29,2020-05-07,False,,,,,,,DepMap,,,0.0,0.0
353616,1691,COL1A1,,2020-07-29,2020-05-07,False,,,,,,,DepMap,,,0.0,0.0
353617,1691,COL1A1,,2020-07-29,2020-05-07,False,,,,,,,DepMap,,,0.0,0.0
179376,1691,COL1A1,,2021-11-29,2021-05-05,False,,,,,,,DepMap,,,0.0,0.0
90966,211,GLP1R,,2023-10-13,2023-06-02,False,,,,,,,DepMap,,,0.0,0.0
81311,4648,JAK1,,2020-08-25,2020-05-07,False,,,,,,,DepMap,,,0.0,0.0
107726,4648,JAK1,,2021-11-04,2021-05-05,False,,,,,,,DepMap,,,0.0,0.0
90968,5,HMGCR,,2020-10-15,2020-05-07,False,,,,,,,DepMap,,,1.0,1.0
111883,261,OPRM1,,2020-06-30,2020-05-07,False,,,,,,,DepMap,,,0.0,0.0
113703,6086,SCN9A,,2022-02-15,2021-05-05,False,,,,,,,DepMap,,,0.0,0.0
113704,6086,SCN9A,,2022-02-15,2021-05-05,False,,,,,,,DepMap,,,0.0,0.0
135829,670,ESR1,,2022-02-17,2021-05-05,False,,,,,,,DepMap,,,0.0,0.0
103623,1362,IL33,,2020-12-14,2020-05-07,False,,,,,,,DepMap,,,0.0,0.0
144136,2801,TLR9,,2021-01-21,2020-05-07,False,,,,,,,DepMap,,,0.0,0.0
118192,2820,AGTR2,,2020-11-13,2020-05-07,False,,,,,,,DepMap,,,0.0,0.0
80550,2820,AGTR2,,2020-07-21,2020-05-07,False,,,,,,,DepMap,,,0.0,0.0
93733,723,TRPA1,,2021-10-12,2021-05-05,False,,,,,,,DepMap,,,0.0,0.0
127015,723,TRPA1,,2022-01-26,2021-05-05,False,,,,,,,DepMap,,,0.0,0.0
93734,723,TRPA1,,2021-10-12,2021-05-05,False,,,,,,,DepMap,,,0.0,0.0
97793,723,TRPA1,,2021-10-25,2021-05-05,False,,,,,,,DepMap,,,0.0,0.0
90200,3684,LILRB2,,2022-07-25,2022-05-05,False,,,,,,,DepMap,,,0.0,0.0
90201,3684,LILRB2,,2022-07-25,2022-05-05,False,,,,,,,DepMap,,,0.0,0.0
130872,1400,CYP11B2,,2020-10-12,2020-05-07,False,,,,,,,DepMap,,,0.0,0.0
85112,1400,CYP11B2,,2023-11-22,2023-06-02,False,,,,,,,DepMap,,,0.0,0.0
107992,1400,CYP11B2,,2023-11-22,2023-06-02,False,,,,,,,DepMap,,,0.0,0.0
141897,3893,RIPK1,,2022-12-19,2022-05-05,False,,,,,,,DepMap,,,0.0,0.0
85309,4648,JAK1,,2023-07-31,2023-06-02,False,,,,,,,DepMap,,,0.0,0.0
85314,4648,JAK1,,2023-07-31,2023-06-02,False,,,,,,,DepMap,,,0.0,0.0
85310,4648,JAK1,,2023-07-31,2023-06-02,False,,,,,,,DepMap,,,0.0,0.0
85311,4648,JAK1,,2023-07-31,2023-06-02,False,,,,,,,DepMap,,,0.0,0.0
85312,4648,JAK1,,2023-07-31,2023-06-02,False,,,,,,,DepMap,,,0.0,0.0
85313,4648,JAK1,,2023-07-31,2023-06-02,False,,,,,,,DepMap,,,0.0,0.0
130460,1822,SNAP25,,2023-03-22,2022-05-05,False,,,,,,,DepMap,,,0.0,0.0
89233,3612,GRIN1,,2021-01-08,2020-05-07,False,,,,,,,DepMap,,,0.0,0.0
89238,2040,IL10,,2022-02-24,2021-05-05,False,,,,,,,DepMap,,,0.0,0.0
89240,2040,IL10,,2022-02-24,2021-05-05,False,,,,,,,DepMap,,,0.0,0.0
89239,2040,IL10,,2022-02-24,2021-05-05,False,,,,,,,DepMap,,,0.0,0.0
103070,159,ATP4A,,2021-07-16,2021-05-05,False,,,,,,,DepMap,,,0.0,0.0
124629,159,ATP4A,,2022-01-17,2021-05-05,False,,,,,,,DepMap,,,0.0,0.0
150571,1419,PDCD1,,2024-06-27,2023-06-02,False,,,,,,,DepMap,,,0.0,0.0
150573,1419,PDCD1,,2024-06-27,2023-06-02,False,,,,,,,DepMap,,,0.0,0.0
150572,1419,PDCD1,,2024-06-27,2023-06-02,False,,,,,,,DepMap,,,0.0,0.0
114979,1228,IL17A,,2023-03-31,2022-05-05,False,,,,,,,DepMap,,,0.0,0.0
99383,1228,IL17A,,2021-06-02,2021-05-05,False,,,,,,,DepMap,,,0.0,0.0
114978,1228,IL17A,,2020-05-28,2020-05-07,False,,,,,,,DepMap,,,0.0,0.0
99639,18805,FCGRT,,2022-06-09,2022-05-05,False,,,,,,,DepMap,,,0.0,0.0
106103,18805,FCGRT,,2021-02-05,2020-05-07,False,,,,,,,DepMap,,,0.0,0.0
140459,1886,IL2,,2020-07-27,2020-05-07,False,,,,,,,DepMap,,,0.0,0.0
140460,1886,IL2,,2020-07-27,2020-05-07,False,,,,,,,DepMap,,,0.0,0.0
140461,1886,IL2,,2020-07-27,2020-05-07,False,,,,,,,DepMap,,,0.0,0.0
138011,3823,GLP2R,,2022-05-25,2022-05-05,False,,,,,,,DepMap,,,0.0,0.0
79477,6637,F12,,2021-01-27,2020-05-07,False,,,,,,,DepMap,,,0.0,0.0
79741,5376,OPRK1,,2023-11-30,2023-06-02,False,,,,,,,DepMap,,,0.0,0.0
144033,1300,KDR,,2021-09-26,2021-05-05,False,,,,,,,DepMap,,,0.0,0.0
111828,7124,C1QA,,2021-01-15,2020-05-07,False,,,,,,,DepMap,,,0.0,0.0
81600,7124,C1QA,,2020-12-17,2020-05-07,False,,,,,,,DepMap,,,0.0,0.0
113547,1040,NR3C1,,2023-12-28,2023-06-02,False,,,,,,,DepMap,,,0.0,0.0
143883,1040,NR3C1,,2020-08-10,2020-05-07,False,,,,,,,DepMap,,,0.0,0.0
87170,1921,IL23R,,2023-10-09,2023-06-02,False,,,,,,,DepMap,,,0.0,0.0
362828,2258,TYK2,,2023-06-28,2023-06-02,False,,,,,,,DepMap,,,0.0,0.0
318205,2258,TYK2,,2023-02-27,2022-05-05,False,,,,,,,DepMap,,,0.0,0.0
241231,2258,TYK2,,2023-02-27,2022-05-05,False,,,,,,,DepMap,,,0.0,0.0
87283,2258,TYK2,,2023-02-27,2022-05-05,False,,,,,,,DepMap,,,0.0,0.0
472153,2258,TYK2,,2023-02-27,2022-05-05,False,,,,,,,DepMap,,,0.0,0.0
130970,4535,CTLA4,,2021-02-07,2020-05-07,False,,,,,,,DepMap,,,0.0,0.0
153122,82276,NDUFA4L2,,2021-08-01,2021-05-05,False,,,,,,,DepMap,,,0.0,0.0
144317,1706,IL2RA,,2023-12-27,2023-06-02,False,,,,,,,DepMap,,,0.0,0.0
140031,1706,IL2RA,,2023-11-27,2023-06-02,False,,,,,,,DepMap,,,0.0,0.0
115092,3654,ADRA2A,,2022-11-21,2022-05-05,False,,,,,,,DepMap,,,0.0,0.0
115090,3654,ADRA2A,,2022-11-21,2022-05-05,False,,,,,,,DepMap,,,0.0,0.0
151646,3654,ADRA2A,,2021-02-23,2020-05-07,False,,,,,,,DepMap,,,0.0,0.0
115091,3654,ADRA2A,,2022-11-21,2022-05-05,False,,,,,,,DepMap,,,0.0,0.0
115094,3654,ADRA2A,,2022-11-21,2022-05-05,False,,,,,,,DepMap,,,0.0,0.0
115095,3654,ADRA2A,,2022-11-21,2022-05-05,False,,,,,,,DepMap,,,0.0,0.0
115093,3654,ADRA2A,,2022-11-21,2022-05-05,False,,,,,,,DepMap,,,0.0,0.0
129059,211,GLP1R,,2025-02-24,2023-06-02,False,,,,,,,DepMap,,,0.0,0.0
114967,211,GLP1R,,2022-07-14,2022-05-05,False,,,,,,,DepMap,,,0.0,0.0
114966,211,GLP1R,,2022-07-14,2022-05-05,False,,,,,,,DepMap,,,0.0,0.0
128425,1155,IL23A,,2023-02-10,2022-05-05,False,,,,,,,DepMap,,,0.0,0.0
81703,6045,KCNQ2,,2024-05-28,2023-06-02,False,,,,,,,DepMap,,,0.0,0.0
389599,6045,KCNQ2,,2024-05-28,2023-06-02,False,,,,,,,DepMap,,,0.0,0.0
235651,6045,KCNQ2,,2024-05-28,2023-06-02,False,,,,,,,DepMap,,,0.0,0.0
111966,1471,TNFSF13B,,2023-03-28,2022-05-05,False,,,,,,,DepMap,,,0.0,0.0
84451,644,TNF,,2022-07-12,2022-05-05,False,,,,,,,DepMap,,,0.0,0.0
113939,836,NLRP3,,2020-05-27,2020-05-07,False,,,,,,,DepMap,,,0.0,0.0
133168,670,ESR1,,2023-02-15,2022-05-05,False,,,,,,,DepMap,,,0.0,0.0
149276,1717,NPR1,,2025-04-16,2023-06-02,False,,,,,,,DepMap,,,0.0,0.0
96893,1717,NPR1,,2022-06-30,2022-05-05,False,,,,,,,DepMap,,,0.0,0.0
150302,2393,ABL1,,2021-06-01,2021-05-05,False,,,,,,,DepMap,,,0.0,0.0
141786,654,SLC5A2,,2020-10-01,2020-05-07,False,,,,,,,DepMap,,,0.0,0.0
135158,7213,TOP2A,,2021-03-01,2020-05-07,False,,,,,,,DepMap,,,1.0,1.0
88972,727,INSR,,2021-02-04,2020-05-07,False,,,,,,,DepMap,,,0.0,0.0
89773,727,INSR,,2023-03-31,2022-05-05,False,,,,,,,DepMap,,,0.0,0.0
112818,2751,PTH1R,,2024-08-08,2023-06-02,False,,,,,,,DepMap,,,0.0,0.0
107084,14,CACNA1C,,2021-11-05,2021-05-05,False,,,,,,,DepMap,,,0.0,0.0
114410,72637,NS5B,,2021-02-03,2020-05-07,False,,,,,,,DepMap,,,0.0,0.0
142679,72637,NS5B,,2020-05-26,2020-05-07,False,,,,,,,DepMap,,,0.0,0.0
96277,72648,F,,2020-09-30,2020-05-07,False,,,,,,,DepMap,,,0.0,0.0
116753,72648,F,,2022-10-14,2022-05-05,False,,,,,,,DepMap,,,0.0,0.0
126115,5222,IL4R,,2020-12-10,2020-05-07,False,,,,,,,DepMap,,,0.0,0.0
104860,5222,IL4R,,2020-12-01,2020-05-07,False,,,,,,,DepMap,,,0.0,0.0
114707,261,OPRM1,,2023-12-26,2023-06-02,False,,,,,,,DepMap,,,0.0,0.0
98062,261,OPRM1,,2021-03-03,2020-05-07,False,,,,,,,DepMap,,,0.0,0.0
142683,1402,TYMS,,2022-04-28,2021-05-05,False,,,,,,,DepMap,,,0.0,0.0
507565,1691,COL1A1,,2020-07-29,2020-05-07,False,,,,,,,DepMap,,,0.0,0.0
507564,1691,COL1A1,,2020-07-29,2020-05-07,False,,,,,,,DepMap,,,0.0,0.0
333324,1691,COL1A1,,2021-11-29,2021-05-05,False,,,,,,,DepMap,,,0.0,0.0
416505,1691,COL1A1,,2023-11-28,2023-06-02,False,,,,,,,DepMap,,,0.0,0.0
262557,1691,COL1A1,,2023-11-28,2023-06-02,False,,,,,,,DepMap,,,0.0,0.0
108609,1691,COL1A1,,2023-11-28,2023-06-02,False,,,,,,,DepMap,,,0.0,0.0
148100,3619,CD38,,2021-09-09,2021-05-05,False,,,,,,,DepMap,,,0.0,0.0
149866,1419,PDCD1,,2020-09-14,2020-05-07,False,,,,,,,DepMap,,,0.0,0.0
92100,4648,JAK1,,2021-05-06,2021-05-05,False,,,,,,,DepMap,,,0.0,0.0
116574,2258,TYK2,,2023-11-06,2023-06-02,False,,,,,,,DepMap,,,0.0,0.0
469538,5826,TMEM97,,2022-05-19,2022-05-05,False,,,,,,,DepMap,,,0.0,0.0
161642,5826,TMEM97,,2022-05-19,2022-05-05,False,,,,,,,DepMap,,,0.0,0.0
315590,5826,TMEM97,,2022-05-19,2022-05-05,False,,,,,,,DepMap,,,0.0,0.0
149867,222,VEGFA,,2020-09-14,2020-05-07,False,,,,,,,DepMap,,,0.0,0.0
113239,1419,PDCD1,,2022-08-03,2022-05-05,False,,,,,,,DepMap,,,0.0,0.0
100158,1419,PDCD1,,2021-04-09,2020-05-07,False,,,,,,,DepMap,,,0.0,0.0
100157,1419,PDCD1,,2021-04-09,2020-05-07,False,,,,,,,DepMap,,,0.0,0.0
100155,1419,PDCD1,,2021-04-09,2020-05-07,False,,,,,,,DepMap,,,0.0,0.0
100156,1419,PDCD1,,2021-04-09,2020-05-07,False,,,,,,,DepMap,,,0.0,0.0
100159,1419,PDCD1,,2021-04-09,2020-05-07,False,,,,,,,DepMap,,,0.0,0.0
94012,2143,ADCYAP1,,2020-11-16,2020-05-07,False,,,,,,,DepMap,,,0.0,0.0
78990,3612,GRIN1,,2020-08-13,2020-05-07,False,,,,,,,DepMap,,,0.0,0.0
81097,261,OPRM1,,2023-12-29,2023-06-02,False,,,,,,,DepMap,,,0.0,0.0
81095,261,OPRM1,,2023-12-29,2023-06-02,False,,,,,,,DepMap,,,0.0,0.0
92642,261,OPRM1,,2021-09-29,2021-05-05,False,,,,,,,DepMap,,,0.0,0.0
92641,261,OPRM1,,2021-09-29,2021-05-05,False,,,,,,,DepMap,,,0.0,0.0
81096,261,OPRM1,,2023-12-29,2023-06-02,False,,,,,,,DepMap,,,0.0,0.0
118806,72579,pol,,2020-09-17,2020-05-07,False,,,,,,,DepMap,,,0.0,0.0
111606,72579,pol,,2021-03-11,2020-05-07,False,,,,,,,DepMap,,,0.0,0.0
146586,2616,DNMT1,,2021-06-28,2021-05-05,False,,,,,,,DepMap,,,1.0,1.0
83164,161,TGFB1,,2020-10-16,2020-05-07,False,,,,,,,DepMap,,,0.0,0.0
110895,223,NPC1L1,,2021-02-23,2020-05-07,False,,,,,,,DepMap,,,0.0,0.0
110897,223,NPC1L1,,2021-02-23,2020-05-07,False,,,,,,,DepMap,,,0.0,0.0
110896,223,NPC1L1,,2021-02-23,2020-05-07,False,,,,,,,DepMap,,,0.0,0.0
114854,1400,CYP11B2,,2021-12-07,2021-05-05,False,,,,,,,DepMap,,,0.0,0.0
86997,4648,JAK1,,2022-12-19,2022-05-05,False,,,,,,,DepMap,,,0.0,0.0
105351,3453,THRB,,2023-02-28,2022-05-05,False,,,,,,,DepMap,,,0.0,0.0
128225,3453,THRB,,2022-04-29,2021-05-05,False,,,,,,,DepMap,,,0.0,0.0
131887,18805,FCGRT,,2020-12-16,2020-05-07,False,,,,,,,DepMap,,,0.0,0.0
148233,222,VEGFA,,2021-09-07,2021-05-05,False,,,,,,,DepMap,,,0.0,0.0
98162,1526,RXFP1,,2024-06-04,2023-06-02,False,,,,,,,DepMap,,,0.0,0.0
129902,654,SLC5A2,,2023-11-03,2023-06-02,False,,,,,,,DepMap,,,0.0,0.0
103978,5330,OGA,,2021-09-16,2021-05-05,False,,,,,,,DepMap,,,0.0,0.0
109020,6637,F12,,2023-05-30,2022-05-05,False,,,,,,,DepMap,,,0.0,0.0
150204,2751,PTH1R,,2022-08-31,2022-05-05,False,,,,,,,DepMap,,,0.0,0.0
80809,4853,IGF1R,,2023-10-20,2023-06-02,False,,,,,,,DepMap,,,0.0,0.0
88540,7124,C1QA,,2021-11-10,2021-05-05,False,,,,,,,DepMap,,,0.0,0.0
101984,7124,C1QA,,2020-08-17,2020-05-07,False,,,,,,,DepMap,,,0.0,0.0
84821,1040,NR3C1,,2022-11-21,2022-05-05,False,,,,,,,DepMap,,,0.0,0.0
82641,2143,ADCYAP1,,2021-11-11,2021-05-05,False,,,,,,,DepMap,,,0.0,0.0
84662,1921,IL23R,,2022-02-03,2021-05-05,False,,,,,,,DepMap,,,0.0,0.0
395179,2258,TYK2,,2023-02-27,2022-05-05,False,,,,,,,DepMap,,,0.0,0.0
131906,2258,TYK2,,2023-06-28,2023-06-02,False,,,,,,,DepMap,,,0.0,0.0
285854,2258,TYK2,,2023-06-28,2023-06-02,False,,,,,,,DepMap,,,0.0,0.0
516776,2258,TYK2,,2023-06-28,2023-06-02,False,,,,,,,DepMap,,,0.0,0.0
439802,2258,TYK2,,2023-06-28,2023-06-02,False,,,,,,,DepMap,,,0.0,0.0
208880,2258,TYK2,,2023-06-28,2023-06-02,False,,,,,,,DepMap,,,0.0,0.0
98082,18153,ITGB6,,2020-07-27,2020-05-07,False,,,,,,,DepMap,,,0.0,0.0
152003,3453,THRB,,2023-11-17,2023-06-02,False,,,,,,,DepMap,,,0.0,0.0
152004,3453,THRB,,2023-11-17,2023-06-02,False,,,,,,,DepMap,,,0.0,0.0
109432,3453,THRB,,2020-08-12,2020-05-07,False,,,,,,,DepMap,,,0.0,0.0
109512,3654,ADRA2A,,2022-02-08,2021-05-05,False,,,,,,,DepMap,,,0.0,0.0
109511,3654,ADRA2A,,2021-02-23,2020-05-07,False,,,,,,,DepMap,,,0.0,0.0
140916,1657,SLC6A4,,2021-08-10,2021-05-05,False,,,,,,,DepMap,,,0.0,0.0
118910,784,TLR4,,2020-05-28,2020-05-07,False,,,,,,,DepMap,,,0.0,0.0
80815,712,ALOX5AP,,2020-10-01,2020-05-07,False,,,,,,,DepMap,,,0.0,0.0
86490,2258,TYK2,,2022-09-27,2022-05-05,False,,,,,,,DepMap,,,0.0,0.0
88770,7096,MPL,,2020-10-09,2020-05-07,False,,,,,,,DepMap,,,0.0,0.0
122566,7096,MPL,,2020-11-04,2020-05-07,False,,,,,,,DepMap,,,0.0,0.0
388450,6045,KCNQ2,,2024-05-28,2023-06-02,False,,,,,,,DepMap,,,0.0,0.0
234502,6045,KCNQ2,,2024-05-28,2023-06-02,False,,,,,,,DepMap,,,0.0,0.0
80554,6045,KCNQ2,,2024-05-28,2023-06-02,False,,,,,,,DepMap,,,0.0,0.0
138763,1471,TNFSF13B,,2022-06-20,2022-05-05,False,,,,,,,DepMap,,,0.0,0.0
80863,644,TNF,,2023-05-15,2022-05-05,False,,,,,,,DepMap,,,0.0,0.0
101898,836,NLRP3,,2023-10-16,2023-06-02,False,,,,,,,DepMap,,,0.0,0.0
109410,836,NLRP3,,2021-09-20,2021-05-05,False,,,,,,,DepMap,,,0.0,0.0
101899,836,NLRP3,,2024-02-15,2023-06-02,False,,,,,,,DepMap,,,0.0,0.0
110945,1155,IL23A,,2025-07-01,2023-06-02,False,,,,,,,DepMap,,,0.0,0.0
94029,211,GLP1R,,2024-02-15,2023-06-02,False,,,,,,,DepMap,,,0.0,0.0
107527,24,LPA,,2022-11-24,2022-05-05,False,,,,,,,DepMap,,,0.0,0.0
116932,654,SLC5A2,,2021-05-28,2021-05-05,False,,,,,,,DepMap,,,0.0,0.0
118860,18936,GABBR1,,2020-06-29,2020-05-07,False,,,,,,,DepMap,,,0.0,0.0
96253,3754,APP,,2021-05-08,2021-05-05,False,,,,,,,DepMap,,,0.0,0.0
89744,261,OPRM1,,2023-10-05,2023-06-02,False,,,,,,,DepMap,,,0.0,0.0
89921,2457,PIK3CD,,2023-02-13,2022-05-05,False,,,,,,,DepMap,,,0.0,0.0
89970,4,PCSK9,,2021-04-14,2020-05-07,False,,,,,,,DepMap,,,0.0,0.0
117655,4373,HCRTR1,,2022-09-06,2022-05-05,False,,,,,,,DepMap,,,1.0,0.0
112321,72630,S,,2024-04-29,2023-06-02,False,,,,,,,DepMap,,,0.0,0.0
120036,5161,PTGIR,,2021-06-01,2021-05-05,False,,,,,,,DepMap,,,0.0,0.0
273984,5161,PTGIR,,2021-06-01,2021-05-05,False,,,,,,,DepMap,,,0.0,0.0
147422,7213,TOP2A,,2021-06-11,2021-05-05,False,,,,,,,DepMap,,,1.0,1.0
152861,7213,TOP2A,,2022-08-01,2022-05-05,False,,,,,,,DepMap,,,1.0,1.0
131367,1362,IL33,,2020-09-17,2020-05-07,False,,,,,,,DepMap,,,0.0,0.0
93306,6284,TACR1,,2020-10-20,2020-05-07,False,,,,,,,DepMap,,,0.0,0.0
152303,2234,PRKAA1,,2023-09-01,2023-06-02,False,,,,,,,DepMap,,,0.0,0.0
113777,211,GLP1R,,2022-03-31,2021-05-05,False,,,,,,,DepMap,,,0.0,0.0
110332,4184,ADRA1A,,2020-11-18,2020-05-07,False,,,,,,,DepMap,,,0.0,0.0
129218,4184,ADRA1A,,2021-02-15,2020-05-07,False,,,,,,,DepMap,,,0.0,0.0
110333,4184,ADRA1A,,2020-11-18,2020-05-07,False,,,,,,,DepMap,,,0.0,0.0
98799,4184,ADRA1A,,2020-12-30,2020-05-07,False,,,,,,,DepMap,,,0.0,0.0
145268,7213,TOP2A,,2021-07-22,2021-05-05,False,,,,,,,DepMap,,,1.0,1.0
107647,5222,IL4R,,2021-05-11,2021-05-05,False,,,,,,,DepMap,,,0.0,0.0
139583,5222,IL4R,,2021-06-16,2021-05-05,False,,,,,,,DepMap,,,0.0,0.0
152759,5222,IL4R,,2022-12-01,2022-05-05,False,,,,,,,DepMap,,,0.0,0.0
127640,727,INSR,,2022-08-12,2022-05-05,False,,,,,,,DepMap,,,0.0,0.0
117860,4648,JAK1,,2020-06-18,2020-05-07,False,,,,,,,DepMap,,,0.0,0.0
117859,4648,JAK1,,2020-06-18,2020-05-07,False,,,,,,,DepMap,,,0.0,0.0
149244,1420,CFD,,2020-12-18,2020-05-07,False,,,,,,,DepMap,,,0.0,0.0
112405,72463,HDAC1,,2021-12-02,2021-05-05,False,,,,,,,DepMap,,,0.0,0.0
102645,213,VWF,,2020-06-18,2020-05-07,False,,,,,,,DepMap,,,0.0,0.0
78362,635,CALCRL,,2021-03-05,2020-05-07,False,,,,,,,DepMap,,,0.0,0.0
101109,2268,HSD11B1,,2022-02-22,2021-05-05,False,,,,,,,DepMap,,,0.0,0.0
141515,1432,LAG3,,2022-01-14,2021-05-05,False,,,,,,,DepMap,,,0.0,0.0
141516,1931,HAVCR2,,2022-01-14,2021-05-05,False,,,,,,,DepMap,,,0.0,0.0
79818,4648,JAK1,,2023-11-16,2023-06-02,False,,,,,,,DepMap,,,0.0,0.0
80292,211,GLP1R,,2020-08-07,2020-05-07,False,,,,,,,DepMap,,,0.0,0.0
80294,211,GLP1R,,2023-01-18,2022-05-05,False,,,,,,,DepMap,,,0.0,0.0
80293,211,GLP1R,,2023-01-18,2022-05-05,False,,,,,,,DepMap,,,0.0,0.0
198159,1692,SIK2,,2020-10-12,2020-05-07,False,,,,,,,DepMap,,,0.0,0.0
121185,1692,SIK2,,2020-10-12,2020-05-07,False,,,,,,,DepMap,,,0.0,0.0
300180,1692,SIK2,,2021-01-28,2020-05-07,False,,,,,,,DepMap,,,0.0,0.0
146232,1692,SIK2,,2021-01-28,2020-05-07,False,,,,,,,DepMap,,,0.0,0.0
454128,1692,SIK2,,2021-01-28,2020-05-07,False,,,,,,,DepMap,,,0.0,0.0
223206,1692,SIK2,,2021-01-28,2020-05-07,False,,,,,,,DepMap,,,0.0,0.0
92937,362,GABRA5,,2022-05-13,2022-05-05,False,,,,,,,DepMap,,,0.0,0.0
152761,481,OSM,,2021-04-05,2020-05-07,False,,,,,,,DepMap,,,0.0,0.0
78475,14,CACNA1C,,2025-04-28,2023-06-02,False,,,,,,,DepMap,,,0.0,0.0
117192,3532,MAPKAPK2,,2021-12-29,2021-05-05,False,,,,,,,DepMap,,,0.0,0.0
82113,72579,pol,,2021-02-01,2020-05-07,False,,,,,,,DepMap,,,0.0,0.0
82174,18805,FCGRT,,2023-02-21,2022-05-05,False,,,,,,,DepMap,,,0.0,0.0
96869,1657,SLC6A4,,2020-11-09,2020-05-07,False,,,,,,,DepMap,,,0.0,0.0
82182,1657,SLC6A4,,2022-09-12,2022-05-05,False,,,,,,,DepMap,,,0.0,0.0
82193,3305,TGFBR1,,2023-08-01,2023-06-02,False,,,,,,,DepMap,,,0.0,0.0
109601,1419,PDCD1,,2021-04-07,2020-05-07,False,,,,,,,DepMap,,,0.0,0.0
109602,1419,PDCD1,,2021-04-07,2020-05-07,False,,,,,,,DepMap,,,0.0,0.0
108681,1419,PDCD1,,2022-03-24,2021-05-05,False,,,,,,,DepMap,,,0.0,0.0
143083,3634,PROC,,2024-07-11,2023-06-02,False,,,,,,,DepMap,,,0.0,0.0
102710,1040,NR3C1,,2021-05-26,2021-05-05,False,,,,,,,DepMap,,,0.0,0.0
85147,367,GABRA1,,2021-11-15,2021-05-05,False,,,,,,,DepMap,,,0.0,0.0
88288,4648,JAK1,,2022-07-16,2022-05-05,False,,,,,,,DepMap,,,0.0,0.0
88289,4648,JAK1,,2020-06-11,2020-05-07,False,,,,,,,DepMap,,,0.0,0.0
150339,1382,IL1A,,2023-12-01,2023-06-02,False,,,,,,,DepMap,,,0.0,0.0
150340,1382,IL1A,,2023-12-01,2023-06-02,False,,,,,,,DepMap,,,0.0,0.0
117656,4373,HCRTR1,,2022-09-06,2022-05-05,False,,,,,,,DepMap,,,1.0,0.0
127485,7299,PTGFR,,2022-08-09,2022-05-05,False,,,,,,,DepMap,,,0.0,0.0
121727,3301,HTR2A,,2023-09-14,2023-06-02,False,,,,,,,DepMap,,,0.0,0.0
149418,5590,SCN10A,,2025-01-27,2023-06-02,False,,,,,,,DepMap,,,0.0,0.0
149417,5590,SCN10A,,2025-01-27,2023-06-02,False,,,,,,,DepMap,,,0.0,0.0
149416,5590,SCN10A,,2025-01-27,2023-06-02,False,,,,,,,DepMap,,,0.0,0.0
100483,5590,SCN10A,,2023-03-13,2022-05-05,False,,,,,,,DepMap,,,0.0,0.0
149419,5590,SCN10A,,2025-01-27,2023-06-02,False,,,,,,,DepMap,,,0.0,0.0
141261,1402,TYMS,,2021-11-15,2021-05-05,False,,,,,,,DepMap,,,0.0,0.0
78083,5594,GNRHR,,2020-10-15,2020-05-07,False,,,,,,,DepMap,,,0.0,0.0
78348,2646,S1PR1,,2021-09-29,2021-05-05,False,,,,,,,DepMap,,,0.0,0.0
135190,2099,CX3CR1,,2020-10-11,2020-05-07,False,,,,,,,DepMap,,,0.0,0.0
79865,3571,NR1H4,,2021-10-09,2021-05-05,False,,,,,,,DepMap,,,0.0,0.0
102551,18,PTGS2,,2022-03-31,2021-05-05,False,,,,,,,DepMap,,,0.0,0.0
102550,18,PTGS2,,2022-03-31,2021-05-05,False,,,,,,,DepMap,,,0.0,0.0
102549,18,PTGS2,,2022-03-31,2021-05-05,False,,,,,,,DepMap,,,0.0,0.0
94888,727,INSR,,2020-10-09,2020-05-07,False,,,,,,,DepMap,,,0.0,0.0
389656,1390,PTGER2,,2023-08-31,2023-06-02,False,,,,,,,DepMap,,,0.0,0.0
235708,1390,PTGER2,,2023-08-31,2023-06-02,False,,,,,,,DepMap,,,0.0,0.0
81760,1390,PTGER2,,2023-08-31,2023-06-02,False,,,,,,,DepMap,,,0.0,0.0
82115,5260,IFNAR1,,2020-09-14,2020-05-07,False,,,,,,,DepMap,,,0.0,0.0
99217,211,GLP1R,,2024-11-20,2023-06-02,False,,,,,,,DepMap,,,0.0,0.0
82165,211,GLP1R,,2024-06-21,2023-06-02,False,,,,,,,DepMap,,,0.0,0.0
119586,211,GLP1R,,2024-05-17,2023-06-02,False,,,,,,,DepMap,,,0.0,0.0
143704,3,GUCY1A1,,2022-06-28,2022-05-05,False,,,,,,,DepMap,,,0.0,0.0
143703,3,GUCY1A1,,2022-06-28,2022-05-05,False,,,,,,,DepMap,,,0.0,0.0
84350,261,OPRM1,,2022-06-08,2022-05-05,False,,,,,,,DepMap,,,0.0,0.0
86142,654,SLC5A2,,2022-11-14,2022-05-05,False,,,,,,,DepMap,,,0.0,0.0
86075,21082,SLC17A9,,2020-12-10,2020-05-07,False,,,,,,,DepMap,,,0.0,0.0
102676,2365,IL7R,,2020-10-02,2020-05-07,False,,,,,,,DepMap,,,0.0,0.0
87895,1040,NR3C1,,2022-12-30,2022-05-05,False,,,,,,,DepMap,,,0.0,0.0
87894,1040,NR3C1,,2022-12-30,2022-05-05,False,,,,,,,DepMap,,,0.0,0.0
129620,2285,C5AR1,,2022-10-21,2022-05-05,False,,,,,,,DepMap,,,0.0,0.0
98185,72630,S,,2022-05-17,2022-05-05,False,,,,,,,DepMap,,,0.0,0.0
197010,5161,PTGIR,,2021-06-01,2021-05-05,False,,,,,,,DepMap,,,0.0,0.0
105295,7213,TOP2A,,2022-11-28,2022-05-05,False,,,,,,,DepMap,,,1.0,1.0
136923,1255,TNFSF4,,2023-06-21,2023-06-02,False,,,,,,,DepMap,,,0.0,0.0
94520,19453,IL11RA,,2024-03-05,2023-06-02,False,,,,,,,DepMap,,,0.0,0.0
94521,19453,IL11RA,,2024-03-05,2023-06-02,False,,,,,,,DepMap,,,0.0,0.0
94519,19453,IL11RA,,2024-03-05,2023-06-02,False,,,,,,,DepMap,,,0.0,0.0
94518,19453,IL11RA,,2024-03-05,2023-06-02,False,,,,,,,DepMap,,,0.0,0.0
94517,19453,IL11RA,,2024-03-05,2023-06-02,False,,,,,,,DepMap,,,0.0,0.0
94516,19453,IL11RA,,2024-03-05,2023-06-02,False,,,,,,,DepMap,,,0.0,0.0
94515,19453,IL11RA,,2024-03-05,2023-06-02,False,,,,,,,DepMap,,,0.0,0.0
94514,19453,IL11RA,,2024-03-05,2023-06-02,False,,,,,,,DepMap,,,0.0,0.0
120743,5,HMGCR,,2020-08-01,2020-05-07,False,,,,,,,DepMap,,,1.0,1.0
120742,5,HMGCR,,2020-08-01,2020-05-07,False,,,,,,,DepMap,,,1.0,1.0
98107,6086,SCN9A,,2022-06-13,2022-05-05,False,,,,,,,DepMap,,,0.0,0.0
141060,6086,SCN9A,,2024-08-20,2023-06-02,False,,,,,,,DepMap,,,0.0,0.0
136761,7213,TOP2A,,2022-01-10,2021-05-05,False,,,,,,,DepMap,,,1.0,1.0
136759,7213,TOP2A,,2022-01-10,2021-05-05,False,,,,,,,DepMap,,,1.0,1.0
107395,7213,TOP2A,,2023-02-01,2022-05-05,False,,,,,,,DepMap,,,1.0,1.0
136760,7213,TOP2A,,2022-01-10,2021-05-05,False,,,,,,,DepMap,,,1.0,1.0
131638,872,TOP1,,2021-03-01,2020-05-07,False,,,,,,,DepMap,,,1.0,1.0
101036,5222,IL4R,,2020-07-17,2020-05-07,False,,,,,,,DepMap,,,0.0,0.0
116973,727,INSR,,2022-08-11,2022-05-05,False,,,,,,,DepMap,,,0.0,0.0
105427,727,INSR,,2022-03-08,2021-05-05,False,,,,,,,DepMap,,,0.0,0.0
105428,727,INSR,,2023-01-14,2022-05-05,False,,,,,,,DepMap,,,0.0,0.0
118943,727,INSR,,2022-06-03,2022-05-05,False,,,,,,,DepMap,,,0.0,0.0
136721,1420,CFD,,2022-02-18,2021-05-05,False,,,,,,,DepMap,,,0.0,0.0
136720,1420,CFD,,2022-02-18,2021-05-05,False,,,,,,,DepMap,,,0.0,0.0
136722,1420,CFD,,2022-02-18,2021-05-05,False,,,,,,,DepMap,,,0.0,0.0
138696,1420,CFD,,2021-12-06,2021-05-05,False,,,,,,,DepMap,,,0.0,0.0
114706,261,OPRM1,,2023-12-26,2023-06-02,False,,,,,,,DepMap,,,0.0,0.0
77302,3298,GSK3B,,2020-09-17,2020-05-07,False,,,,,,,DepMap,,,0.0,0.0
77301,3298,GSK3B,,2020-09-17,2020-05-07,False,,,,,,,DepMap,,,0.0,0.0
77303,3298,GSK3B,,2020-09-17,2020-05-07,False,,,,,,,DepMap,,,0.0,0.0
77325,213,VWF,,2021-09-22,2021-05-05,False,,,,,,,DepMap,,,0.0,0.0
77326,635,CALCRL,,2020-06-18,2020-05-07,False,,,,,,,DepMap,,,0.0,0.0
77327,635,CALCRL,,2020-06-18,2020-05-07,False,,,,,,,DepMap,,,0.0,0.0
77906,1432,LAG3,,2021-01-26,2020-05-07,False,,,,,,,DepMap,,,0.0,0.0
77907,1931,HAVCR2,,2021-01-26,2020-05-07,False,,,,,,,DepMap,,,0.0,0.0
129810,137,PPARA,,2021-08-18,2021-05-05,False,,,,,,,DepMap,,,0.0,0.0
140568,3581,MYH7,,2023-01-18,2022-05-05,False,,,,,,,DepMap,,,0.0,0.0
116976,727,INSR,,2022-08-11,2022-05-05,False,,,,,,,DepMap,,,0.0,0.0
116975,727,INSR,,2022-08-11,2022-05-05,False,,,,,,,DepMap,,,0.0,0.0
506055,1692,SIK2,,2020-10-12,2020-05-07,False,,,,,,,DepMap,,,0.0,0.0
80869,1692,SIK2,,2020-10-05,2020-05-07,False,,,,,,,DepMap,,,0.0,0.0
465739,1692,SIK2,,2020-10-05,2020-05-07,False,,,,,,,DepMap,,,0.0,0.0
377154,1692,SIK2,,2021-01-28,2020-05-07,False,,,,,,,DepMap,,,0.0,0.0
352107,1692,SIK2,,2020-10-12,2020-05-07,False,,,,,,,DepMap,,,0.0,0.0
388765,1692,SIK2,,2020-10-05,2020-05-07,False,,,,,,,DepMap,,,0.0,0.0
234817,1692,SIK2,,2020-10-05,2020-05-07,False,,,,,,,DepMap,,,0.0,0.0
157843,1692,SIK2,,2020-10-05,2020-05-07,False,,,,,,,DepMap,,,0.0,0.0
311791,1692,SIK2,,2020-10-05,2020-05-07,False,,,,,,,DepMap,,,0.0,0.0
86733,33,PDE4B,,2021-01-27,2020-05-07,False,,,,,,,DepMap,,,0.0,0.0
146822,3532,MAPKAPK2,,2022-07-12,2022-05-05,False,,,,,,,DepMap,,,0.0,0.0
118807,72579,pol,,2020-09-17,2020-05-07,False,,,,,,,DepMap,,,0.0,0.0
111607,72579,pol,,2021-03-11,2020-05-07,False,,,,,,,DepMap,,,0.0,0.0
92438,5203,CDK4,,2024-07-11,2023-06-02,False,,,,,,,DepMap,,,1.0,1.0
148087,18805,FCGRT,,2023-02-20,2022-05-05,False,,,,,,,DepMap,,,0.0,0.0
83198,4420,AURKA,,2021-03-14,2020-05-07,False,,,,,,,DepMap,,,1.0,1.0
86923,2546,VIM,,2020-12-11,2020-05-07,False,,,,,,,DepMap,,,0.0,0.0
111152,1487,IL12B,,2021-01-11,2020-05-07,False,,,,,,,DepMap,,,0.0,0.0
136438,3634,PROC,,2023-07-28,2023-06-02,False,,,,,,,DepMap,,,0.0,0.0
84951,3789,SLC6A2,,2020-07-15,2020-05-07,False,,,,,,,DepMap,,,0.0,0.0
88755,3789,SLC6A2,,2021-07-31,2021-05-05,False,,,,,,,DepMap,,,0.0,0.0
119055,3384,P2RX7,,2022-11-22,2022-05-05,False,,,,,,,DepMap,,,0.0,0.0
148076,6005,MEN1,,2023-12-28,2023-06-02,False,,,,,,,DepMap,,,0.0,0.0
86697,1300,KDR,,2024-01-15,2023-06-02,False,,,,,,,DepMap,,,0.0,0.0
122649,211,GLP1R,,2021-08-02,2021-05-05,False,,,,,,,DepMap,,,0.0,0.0
88717,1937,HGF,,2020-11-20,2020-05-07,False,,,,,,,DepMap,,,0.0,0.0
100294,1937,HGF,,2021-03-09,2020-05-07,False,,,,,,,DepMap,,,0.0,0.0
128304,6081,GRIN2B,,2020-08-21,2020-05-07,False,,,,,,,DepMap,,,0.0,0.0
118852,1040,NR3C1,,2020-11-04,2020-05-07,False,,,,,,,DepMap,,,0.0,0.0
124182,5196,CHRM2,,2023-06-25,2023-06-02,False,,,,,,,DepMap,,,0.0,0.0
90324,1040,NR3C1,,2022-01-06,2021-05-05,False,,,,,,,DepMap,,,0.0,0.0
92672,1223,KLKB1,,2022-02-22,2021-05-05,False,,,,,,,DepMap,,,0.0,0.0
149919,3291,MS4A1,,2020-10-01,2020-05-07,False,,,,,,,DepMap,,,0.0,0.0
114595,4692,HRH1,,2023-01-23,2022-05-05,False,,,,,,,DepMap,,,0.0,0.0
102296,3301,HTR2A,,2023-05-30,2022-05-05,False,,,,,,,DepMap,,,0.0,0.0
98508,353,F11,,2023-05-24,2022-05-05,False,,,,,,,DepMap,,,0.0,0.0
77430,366,GABRA2,,2020-05-19,2020-05-07,False,,,,,,,DepMap,,,0.0,0.0
105057,2258,TYK2,,2024-07-25,2023-06-02,False,,,,,,,DepMap,,,0.0,0.0
84511,1040,NR3C1,,2021-11-23,2021-05-05,False,,,,,,,DepMap,,,0.0,0.0
94678,20944,MSLN,,2024-01-19,2023-06-02,False,,,,,,,DepMap,,,0.0,0.0
94679,20944,MSLN,,2024-01-19,2023-06-02,False,,,,,,,DepMap,,,0.0,0.0
94680,20944,MSLN,,2024-01-19,2023-06-02,False,,,,,,,DepMap,,,0.0,0.0
81093,18,PTGS2,,2023-12-29,2023-06-02,False,,,,,,,DepMap,,,0.0,0.0
81094,18,PTGS2,,2023-12-29,2023-06-02,False,,,,,,,DepMap,,,0.0,0.0
81092,18,PTGS2,,2023-12-29,2023-06-02,False,,,,,,,DepMap,,,0.0,0.0
312682,1390,PTGER2,,2023-08-31,2023-06-02,False,,,,,,,DepMap,,,0.0,0.0
466630,1390,PTGER2,,2023-08-31,2023-06-02,False,,,,,,,DepMap,,,0.0,0.0
83010,5617,MDM2,,2022-03-31,2021-05-05,False,,,,,,,DepMap,,,0.0,0.0
144943,5617,MDM2,,2022-12-13,2022-05-05,False,,,,,,,DepMap,,,1.0,0.0
144945,5617,MDM2,,2022-12-13,2022-05-05,False,,,,,,,DepMap,,,1.0,0.0
144944,5617,MDM2,,2022-12-13,2022-05-05,False,,,,,,,DepMap,,,1.0,0.0
144946,5617,MDM2,,2022-12-13,2022-05-05,False,,,,,,,DepMap,,,1.0,0.0
144947,5617,MDM2,,2022-12-13,2022-05-05,False,,,,,,,DepMap,,,1.0,0.0
126335,2936,KIT,,2022-05-19,2022-05-05,False,,,,,,,DepMap,,,0.0,0.0
103706,2936,KIT,,2023-06-01,2022-05-05,False,,,,,,,DepMap,,,0.0,0.0
83153,2936,KIT,,2022-06-28,2022-05-05,False,,,,,,,DepMap,,,0.0,0.0
109363,1822,SNAP25,,2022-02-15,2021-05-05,False,,,,,,,DepMap,,,0.0,0.0
118862,261,OPRM1,,2020-06-29,2020-05-07,False,,,,,,,DepMap,,,0.0,0.0
116849,2285,C5AR1,,2020-09-23,2020-05-07,False,,,,,,,DepMap,,,0.0,0.0
116848,2285,C5AR1,,2020-09-23,2020-05-07,False,,,,,,,DepMap,,,0.0,0.0
116847,2285,C5AR1,,2020-09-23,2020-05-07,False,,,,,,,DepMap,,,0.0,0.0
116846,2285,C5AR1,,2020-09-23,2020-05-07,False,,,,,,,DepMap,,,0.0,0.0
116851,2285,C5AR1,,2020-09-23,2020-05-07,False,,,,,,,DepMap,,,0.0,0.0
116850,2285,C5AR1,,2020-09-23,2020-05-07,False,,,,,,,DepMap,,,0.0,0.0
88611,7000,MIR132,,2022-07-07,2022-05-05,False,,,,,,,DepMap,,,0.0,0.0
88610,7000,MIR132,,2022-07-07,2022-05-05,False,,,,,,,DepMap,,,0.0,0.0
129845,2998,SESN2,,2024-02-15,2023-06-02,False,,,,,,,DepMap,,,0.0,0.0
141191,7213,TOP2A,,2021-11-24,2021-05-05,False,,,,,,,DepMap,,,1.0,1.0
90461,2554,S100B,,2020-12-03,2020-05-07,False,,,,,,,DepMap,,,0.0,0.0
130909,5634,CHRM1,,2024-10-28,2023-06-02,False,,,,,,,DepMap,,,0.0,0.0
138622,1040,NR3C1,,2022-12-22,2022-05-05,False,,,,,,,DepMap,,,0.0,0.0
138624,1040,NR3C1,,2022-12-22,2022-05-05,False,,,,,,,DepMap,,,0.0,0.0
138623,1040,NR3C1,,2022-12-22,2022-05-05,False,,,,,,,DepMap,,,0.0,0.0
527789,327,CFTR,,2020-11-10,2020-05-07,False,,,,,,,DepMap,,,0.0,0.0
112873,72630,S,,2022-02-28,2021-05-05,False,,,,,,,DepMap,,,0.0,0.0
104936,5260,IFNAR1,,2021-07-11,2021-05-05,False,,,,,,,DepMap,,,0.0,0.0
150263,3529,FASN,,2025-03-01,2023-06-02,False,,,,,,,DepMap,,,0.0,0.0
150262,3529,FASN,,2025-03-01,2023-06-02,False,,,,,,,DepMap,,,0.0,0.0
146229,2258,TYK2,,2023-06-14,2023-06-02,False,,,,,,,DepMap,,,0.0,0.0
146231,2258,TYK2,,2023-06-14,2023-06-02,False,,,,,,,DepMap,,,0.0,0.0
146230,2258,TYK2,,2023-06-14,2023-06-02,False,,,,,,,DepMap,,,0.0,0.0
142194,831,SOD2,,2020-09-09,2020-05-07,False,,,,,,,DepMap,,,1.0,0.0
142195,831,SOD2,,2020-09-09,2020-05-07,False,,,,,,,DepMap,,,1.0,0.0
87214,2069,BTK,,2023-07-25,2023-06-02,False,,,,,,,DepMap,,,0.0,0.0
95678,1419,PDCD1,,2022-06-30,2022-05-05,False,,,,,,,DepMap,,,0.0,0.0
157528,6045,KCNQ2,,2024-05-28,2023-06-02,False,,,,,,,DepMap,,,0.0,0.0
312625,6045,KCNQ2,,2024-05-28,2023-06-02,False,,,,,,,DepMap,,,0.0,0.0
158677,6045,KCNQ2,,2024-05-28,2023-06-02,False,,,,,,,DepMap,,,0.0,0.0
311476,6045,KCNQ2,,2024-05-28,2023-06-02,False,,,,,,,DepMap,,,0.0,0.0
466573,6045,KCNQ2,,2024-05-28,2023-06-02,False,,,,,,,DepMap,,,0.0,0.0
465424,6045,KCNQ2,,2024-05-28,2023-06-02,False,,,,,,,DepMap,,,0.0,0.0
80684,1228,IL17A,,2021-09-22,2021-05-05,False,,,,,,,DepMap,,,0.0,0.0
81307,836,NLRP3,,2021-09-20,2021-05-05,False,,,,,,,DepMap,,,0.0,0.0
112575,72630,S,,2020-11-21,2020-05-07,False,,,,,,,DepMap,,,0.0,0.0
152159,3323,CXCR2,,2022-09-13,2022-05-05,False,,,,,,,DepMap,,,0.0,0.0
135551,3323,CXCR2,,2022-07-18,2022-05-05,False,,,,,,,DepMap,,,0.0,0.0
142349,15,SORT1,,2021-09-02,2021-05-05,False,,,,,,,DepMap,,,0.0,0.0
83597,211,GLP1R,,2021-11-30,2021-05-05,False,,,,,,,DepMap,,,0.0,0.0
134437,2069,BTK,,2022-10-12,2022-05-05,False,,,,,,,DepMap,,,0.0,0.0
91157,19782,GCGR,,2024-10-01,2023-06-02,False,,,,,,,DepMap,,,0.0,0.0
109701,1419,PDCD1,,2021-10-06,2021-05-05,False,,,,,,,DepMap,,,0.0,0.0
109702,1419,PDCD1,,2021-10-06,2021-05-05,False,,,,,,,DepMap,,,0.0,0.0
127022,2457,PIK3CD,,2021-04-15,2020-05-07,False,,,,,,,DepMap,,,0.0,0.0
127023,2457,PIK3CD,,2021-04-15,2020-05-07,False,,,,,,,DepMap,,,0.0,0.0
97333,4,PCSK9,,2021-04-23,2020-05-07,False,,,,,,,DepMap,,,0.0,0.0
140169,1272,PPARD,,2021-05-24,2021-05-05,False,,,,,,,DepMap,,,0.0,0.0
119187,21040,SLC6A5,,2021-07-19,2021-05-05,False,,,,,,,DepMap,,,0.0,0.0
119188,21040,SLC6A5,,2021-07-19,2021-05-05,False,,,,,,,DepMap,,,0.0,0.0
91415,3789,SLC6A2,,2023-08-28,2023-06-02,False,,,,,,,DepMap,,,0.0,0.0
105549,3789,SLC6A2,,2021-11-29,2021-05-05,False,,,,,,,DepMap,,,0.0,0.0
134569,3789,SLC6A2,,2020-10-27,2020-05-07,False,,,,,,,DepMap,,,0.0,0.0
350958,5161,PTGIR,,2021-06-01,2021-05-05,False,,,,,,,DepMap,,,0.0,0.0
504906,5161,PTGIR,,2021-06-01,2021-05-05,False,,,,,,,DepMap,,,0.0,0.0
427932,5161,PTGIR,,2021-06-01,2021-05-05,False,,,,,,,DepMap,,,0.0,0.0
105626,5594,GNRHR,,2024-12-04,2023-06-02,False,,,,,,,DepMap,,,0.0,0.0
120114,222,VEGFA,,2023-02-06,2022-05-05,False,,,,,,,DepMap,,,0.0,0.0
119945,222,VEGFA,,2020-11-19,2020-05-07,False,,,,,,,DepMap,,,0.0,0.0
147148,872,TOP1,,2021-09-01,2021-05-05,False,,,,,,,DepMap,,,1.0,1.0
147147,872,TOP1,,2021-09-01,2021-05-05,False,,,,,,,DepMap,,,1.0,1.0
147146,872,TOP1,,2021-09-01,2021-05-05,False,,,,,,,DepMap,,,1.0,1.0
147145,872,TOP1,,2021-09-01,2021-05-05,False,,,,,,,DepMap,,,1.0,1.0
109762,18737,PORCN,,2021-11-08,2021-05-05,False,,,,,,,DepMap,,,0.0,0.0
132428,18737,PORCN,,2021-12-10,2021-05-05,False,,,,,,,DepMap,,,0.0,0.0
120240,72463,HDAC1,,2021-11-23,2021-05-05,False,,,,,,,DepMap,,,0.0,0.0
77821,2268,HSD11B1,,2022-09-01,2022-05-05,False,,,,,,,DepMap,,,0.0,0.0
77818,2268,HSD11B1,,2022-09-01,2022-05-05,False,,,,,,,DepMap,,,0.0,0.0
77819,2268,HSD11B1,,2022-09-01,2022-05-05,False,,,,,,,DepMap,,,0.0,0.0
77817,2268,HSD11B1,,2022-09-01,2022-05-05,False,,,,,,,DepMap,,,0.0,0.0
77816,2268,HSD11B1,,2022-09-01,2022-05-05,False,,,,,,,DepMap,,,0.0,0.0
77820,2268,HSD11B1,,2022-09-01,2022-05-05,False,,,,,,,DepMap,,,0.0,0.0
78718,1514,TSLP,,2021-09-24,2021-05-05,False,,,,,,,DepMap,,,0.0,0.0
97692,4,PCSK9,,2020-10-28,2020-05-07,False,,,,,,,DepMap,,,0.0,0.0
79624,4,PCSK9,,2021-07-07,2021-05-05,False,,,,,,,DepMap,,,0.0,0.0
87637,1425,ENPP1,,2021-11-21,2021-05-05,False,,,,,,,DepMap,,,0.0,0.0
87638,1425,ENPP1,,2021-11-21,2021-05-05,False,,,,,,,DepMap,,,0.0,0.0
151626,1425,ENPP1,,2025-01-31,2023-06-02,False,,,,,,,DepMap,,,0.0,0.0
531102,1692,SIK2,,2021-01-28,2020-05-07,False,,,,,,,DepMap,,,0.0,0.0
429081,1692,SIK2,,2020-10-12,2020-05-07,False,,,,,,,DepMap,,,0.0,0.0
275133,1692,SIK2,,2020-10-12,2020-05-07,False,,,,,,,DepMap,,,0.0,0.0
113442,33,PDE4B,,2024-11-21,2023-06-02,False,,,,,,,DepMap,,,0.0,0.0
140136,3532,MAPKAPK2,,2020-10-23,2020-05-07,False,,,,,,,DepMap,,,0.0,0.0
105749,18805,FCGRT,,2021-12-16,2021-05-05,False,,,,,,,DepMap,,,0.0,0.0
105748,18805,FCGRT,,2021-12-16,2021-05-05,False,,,,,,,DepMap,,,0.0,0.0
105747,18805,FCGRT,,2021-02-05,2020-05-07,False,,,,,,,DepMap,,,0.0,0.0
82451,1419,PDCD1,,2023-01-19,2022-05-05,False,,,,,,,DepMap,,,0.0,0.0
89043,4420,AURKA,,2021-12-07,2021-05-05,False,,,,,,,DepMap,,,1.0,1.0
89044,4420,AURKA,,2021-12-07,2021-05-05,False,,,,,,,DepMap,,,1.0,1.0
89045,4420,AURKA,,2021-12-07,2021-05-05,False,,,,,,,DepMap,,,1.0,1.0
89042,4420,AURKA,,2021-12-07,2021-05-05,False,,,,,,,DepMap,,,1.0,1.0
135730,4139,CCR3,,2021-08-17,2021-05-05,False,,,,,,,DepMap,,,0.0,0.0
153174,1157,PRKAA2,,2021-05-18,2021-05-05,False,,,,,,,DepMap,,,0.0,0.0
132275,670,ESR1,,2024-01-29,2023-06-02,False,,,,,,,DepMap,,,0.0,0.0
85344,4146,PGR,,2023-12-22,2023-06-02,False,,,,,,,DepMap,,,0.0,0.0
130390,3384,P2RX7,,2022-12-08,2022-05-05,False,,,,,,,DepMap,,,0.0,0.0
87187,3384,P2RX7,,2022-11-14,2022-05-05,False,,,,,,,DepMap,,,0.0,0.0
99337,1300,KDR,,2022-09-28,2022-05-05,False,,,,,,,DepMap,,,0.0,0.0
117428,1300,KDR,,2021-01-20,2020-05-07,False,,,,,,,DepMap,,,0.0,0.0
116265,111,ADRB2,,2023-08-28,2023-06-02,False,,,,,,,DepMap,,,0.0,0.0
116266,111,ADRB2,,2023-08-28,2023-06-02,False,,,,,,,DepMap,,,0.0,0.0
87599,1514,TSLP,,2021-12-16,2021-05-05,False,,,,,,,DepMap,,,0.0,0.0
105617,1937,HGF,,2021-05-17,2021-05-05,False,,,,,,,DepMap,,,0.0,0.0
89032,1657,SLC6A4,,2023-03-01,2022-05-05,False,,,,,,,DepMap,,,0.0,0.0
89066,1040,NR3C1,,2021-02-12,2020-05-07,False,,,,,,,DepMap,,,0.0,0.0
132547,1040,NR3C1,,2023-05-11,2022-05-05,False,,,,,,,DepMap,,,0.0,0.0
132548,1040,NR3C1,,2023-05-11,2022-05-05,False,,,,,,,DepMap,,,0.0,0.0
91464,3625,MET,,2020-09-28,2020-05-07,False,,,,,,,DepMap,,,0.0,0.0
146376,3625,MET,,2022-01-20,2021-05-05,False,,,,,,,DepMap,,,0.0,0.0
91463,3625,MET,,2020-09-28,2020-05-07,False,,,,,,,DepMap,,,0.0,0.0
146377,3625,MET,,2022-01-20,2021-05-05,False,,,,,,,DepMap,,,0.0,0.0
92071,2291,STAT3,,2023-05-15,2022-05-05,False,,,,,,,DepMap,,,0.0,0.0
129046,24,LPA,,2022-10-20,2022-05-05,False,,,,,,,DepMap,,,0.0,0.0
95851,6535,MUC2,,2022-08-03,2022-05-05,False,,,,,,,DepMap,,,0.0,0.0
113742,6535,MUC2,,2024-05-20,2023-06-02,False,,,,,,,DepMap,,,0.0,0.0
135808,3397,FGFR3,,2020-12-02,2020-05-07,False,,,,,,,DepMap,,,0.0,0.0
138055,7248,TNFRSF8,,2023-10-10,2023-06-02,False,,,,,,,DepMap,,,0.0,0.0
132736,1040,NR3C1,,2022-04-01,2021-05-05,False,,,,,,,DepMap,,,0.0,0.0
132573,5623,MAP4K1,,2023-10-23,2023-06-02,False,,,,,,,DepMap,,,0.0,0.0
79472,3331,TNFSF11,,2022-08-23,2022-05-05,False,,,,,,,DepMap,,,0.0,0.0
79615,1229,MMP13,,2022-03-14,2021-05-05,False,,,,,,,DepMap,,,0.0,0.0
79675,111,ADRB2,,2023-04-03,2022-05-05,False,,,,,,,DepMap,,,0.0,0.0
80596,3301,HTR2A,,2023-05-24,2022-05-05,False,,,,,,,DepMap,,,0.0,0.0
146256,3301,HTR2A,,2023-04-06,2022-05-05,False,,,,,,,DepMap,,,0.0,0.0
144415,3301,HTR2A,,2023-03-02,2022-05-05,False,,,,,,,DepMap,,,0.0,0.0
144414,3301,HTR2A,,2023-03-02,2022-05-05,False,,,,,,,DepMap,,,0.0,0.0
128610,1432,LAG3,,2023-11-08,2023-06-02,False,,,,,,,DepMap,,,0.0,0.0
128611,1432,LAG3,,2023-11-08,2023-06-02,False,,,,,,,DepMap,,,0.0,0.0
128612,1432,LAG3,,2023-11-08,2023-06-02,False,,,,,,,DepMap,,,0.0,0.0
158734,1390,PTGER2,,2023-08-31,2023-06-02,False,,,,,,,DepMap,,,0.0,0.0
143852,3,GUCY1A1,,2024-01-03,2023-06-02,False,,,,,,,DepMap,,,0.0,0.0
82457,3,GUCY1A1,,2021-04-27,2020-05-07,False,,,,,,,DepMap,,,0.0,0.0
150568,5617,MDM2,,2024-06-27,2023-06-02,False,,,,,,,DepMap,,,0.0,0.0
150569,5617,MDM2,,2024-06-27,2023-06-02,False,,,,,,,DepMap,,,0.0,0.0
150570,5617,MDM2,,2024-06-27,2023-06-02,False,,,,,,,DepMap,,,0.0,0.0
85563,4703,AMBP,,2024-08-26,2023-06-02,False,,,,,,,DepMap,,,0.0,0.0
143880,4703,AMBP,,2022-03-31,2021-05-05,False,,,,,,,DepMap,,,0.0,0.0
99570,89,ABO,,2022-04-28,2021-05-05,False,,,,,,,DepMap,,,0.0,0.0
99569,89,ABO,,2022-04-28,2021-05-05,False,,,,,,,DepMap,,,0.0,0.0
101721,1161,GDF15,,2022-11-21,2022-05-05,False,,,,,,,DepMap,,,0.0,0.0
101722,1161,GDF15,,2022-11-21,2022-05-05,False,,,,,,,DepMap,,,0.0,0.0
101723,1161,GDF15,,2022-11-21,2022-05-05,False,,,,,,,DepMap,,,0.0,0.0
101724,1161,GDF15,,2022-11-21,2022-05-05,False,,,,,,,DepMap,,,0.0,0.0
101720,1161,GDF15,,2022-11-21,2022-05-05,False,,,,,,,DepMap,,,0.0,0.0
101719,1161,GDF15,,2022-11-21,2022-05-05,False,,,,,,,DepMap,,,0.0,0.0
134742,1040,NR3C1,,2020-11-23,2020-05-07,False,,,,,,,DepMap,,,0.0,0.0
87254,72630,S,,2021-02-23,2020-05-07,False,,,,,,,DepMap,,,0.0,0.0
89769,2684,FGFR1,,2020-09-01,2020-05-07,False,,,,,,,DepMap,,,0.0,0.0
131240,2554,S100B,,2020-11-20,2020-05-07,False,,,,,,,DepMap,,,0.0,0.0
101094,4,PCSK9,,2021-01-29,2020-05-07,False,,,,,,,DepMap,,,0.0,0.0
96920,1040,NR3C1,,2020-08-22,2020-05-07,False,,,,,,,DepMap,,,0.0,0.0
91690,6956,MOGAT2,,2022-01-04,2021-05-05,False,,,,,,,DepMap,,,0.0,0.0
450815,327,CFTR,,2020-11-10,2020-05-07,False,,,,,,,DepMap,,,0.0,0.0
373841,327,CFTR,,2020-11-10,2020-05-07,False,,,,,,,DepMap,,,0.0,0.0
142919,327,CFTR,,2020-11-10,2020-05-07,False,,,,,,,DepMap,,,0.0,0.0
296867,327,CFTR,,2020-11-10,2020-05-07,False,,,,,,,DepMap,,,0.0,0.0
119792,2129,DRD2,,2020-11-20,2020-05-07,False,,,,,,,DepMap,,,0.0,0.0
93088,72630,S,,2022-05-25,2022-05-05,False,,,,,,,DepMap,,,0.0,0.0
93164,3301,HTR2A,,2024-09-27,2023-06-02,False,,,,,,,DepMap,,,0.0,0.0
151204,1625,PDGFRB,,2021-10-14,2021-05-05,False,,,,,,,DepMap,,,0.0,0.0
151203,1625,PDGFRB,,2021-10-14,2021-05-05,False,,,,,,,DepMap,,,0.0,0.0
151202,1625,PDGFRB,,2021-10-14,2021-05-05,False,,,,,,,DepMap,,,0.0,0.0
151205,1625,PDGFRB,,2021-10-14,2021-05-05,False,,,,,,,DepMap,,,0.0,0.0
151206,1625,PDGFRB,,2021-10-14,2021-05-05,False,,,,,,,DepMap,,,0.0,0.0
139383,25,ACE,,2021-09-30,2021-05-05,False,,,,,,,DepMap,,,0.0,0.0
139382,25,ACE,,2021-09-30,2021-05-05,False,,,,,,,DepMap,,,0.0,0.0
94779,6272,SV2A,,2023-06-05,2023-06-02,False,,,,,,,DepMap,,,0.0,0.0
94928,5260,IFNAR1,,2021-01-28,2020-05-07,False,,,,,,,DepMap,,,0.0,0.0
110221,5260,IFNAR1,,2020-07-05,2020-05-07,False,,,,,,,DepMap,,,0.0,0.0
121556,1040,NR3C1,,2020-09-11,2020-05-07,False,,,,,,,DepMap,,,0.0,0.0
123328,20843,GPR119,,2023-09-14,2023-06-02,False,,,,,,,DepMap,,,0.0,0.0
96870,1657,SLC6A4,,2020-11-09,2020-05-07,False,,,,,,,DepMap,,,0.0,0.0
96871,1657,SLC6A4,,2020-11-09,2020-05-07,False,,,,,,,DepMap,,,0.0,0.0
106236,3591,PVR,,2020-10-21,2020-05-07,False,,,,,,,DepMap,,,0.0,0.0
106235,3591,PVR,,2020-10-21,2020-05-07,False,,,,,,,DepMap,,,0.0,0.0
106238,3591,PVR,,2020-10-21,2020-05-07,False,,,,,,,DepMap,,,0.0,0.0
106237,3591,PVR,,2020-10-21,2020-05-07,False,,,,,,,DepMap,,,0.0,0.0
147351,1526,RXFP1,,2023-02-03,2022-05-05,False,,,,,,,DepMap,,,0.0,0.0
147352,1526,RXFP1,,2023-02-03,2022-05-05,False,,,,,,,DepMap,,,0.0,0.0
137650,6779,CCR4,,2021-09-03,2021-05-05,False,,,,,,,DepMap,,,0.0,0.0
129229,5,HMGCR,,2022-08-05,2022-05-05,False,,,,,,,DepMap,,,1.0,1.0
129228,5,HMGCR,,2022-08-05,2022-05-05,False,,,,,,,DepMap,,,1.0,1.0
151176,3000,PSMB8,,2020-07-01,2020-05-07,False,,,,,,,DepMap,,,0.0,0.0
151177,3000,PSMB8,,2020-07-01,2020-05-07,False,,,,,,,DepMap,,,0.0,0.0
149167,1432,LAG3,,2023-06-15,2023-06-02,False,,,,,,,DepMap,,,0.0,0.0
141804,3323,CXCR2,,2021-06-16,2021-05-05,False,,,,,,,DepMap,,,0.0,0.0
137666,3323,CXCR2,,2022-06-24,2022-05-05,False,,,,,,,DepMap,,,0.0,0.0
141800,3323,CXCR2,,2021-06-16,2021-05-05,False,,,,,,,DepMap,,,0.0,0.0
141801,3323,CXCR2,,2021-06-16,2021-05-05,False,,,,,,,DepMap,,,0.0,0.0
141802,3323,CXCR2,,2021-06-16,2021-05-05,False,,,,,,,DepMap,,,0.0,0.0
141803,3323,CXCR2,,2021-06-16,2021-05-05,False,,,,,,,DepMap,,,0.0,0.0
104817,17256,HCRTR2,,2022-03-10,2021-05-05,False,,,,,,,DepMap,,,0.0,0.0
106554,4465,CSF1R,,2021-05-25,2021-05-05,False,,,,,,,DepMap,,,0.0,0.0
106553,4465,CSF1R,,2021-05-25,2021-05-05,False,,,,,,,DepMap,,,0.0,0.0
108571,4465,CSF1R,,2021-09-16,2021-05-05,False,,,,,,,DepMap,,,0.0,0.0
108572,4465,CSF1R,,2021-09-16,2021-05-05,False,,,,,,,DepMap,,,0.0,0.0
149354,4465,CSF1R,,2021-09-16,2021-05-05,False,,,,,,,DepMap,,,0.0,0.0
152472,3625,MET,,2022-11-27,2022-05-05,False,,,,,,,DepMap,,,0.0,0.0
129520,5582,LRRK2,,2022-04-19,2021-05-05,False,,,,,,,DepMap,,,0.0,0.0
123521,727,INSR,,2020-11-23,2020-05-07,False,,,,,,,DepMap,,,0.0,0.0
150901,18,PTGS2,,2023-02-01,2022-05-05,False,,,,,,,DepMap,,,0.0,0.0
143348,718,CNR1,,2021-08-16,2021-05-05,False,,,,,,,DepMap,,,0.0,0.0
139302,718,CNR1,,2020-10-01,2020-05-07,False,,,,,,,DepMap,,,0.0,0.0
113838,17630,THRA,,2023-05-15,2022-05-05,False,,,,,,,DepMap,,,0.0,0.0
117764,3830,IL3RA,,2023-03-20,2022-05-05,False,,,,,,,DepMap,,,0.0,0.0
115644,3830,IL3RA,,2022-06-14,2022-05-05,False,,,,,,,DepMap,,,0.0,0.0
117762,3830,IL3RA,,2023-03-20,2022-05-05,False,,,,,,,DepMap,,,0.0,0.0
117763,3830,IL3RA,,2023-03-20,2022-05-05,False,,,,,,,DepMap,,,0.0,0.0
133129,5201,KCNMA1,,2023-05-22,2022-05-05,False,,,,,,,DepMap,,,0.0,0.0
149392,346,ERBB4,,2025-12-15,2023-06-02,False,,,,,,,DepMap,,,0.0,0.0
149390,346,ERBB4,,2025-12-15,2023-06-02,False,,,,,,,DepMap,,,0.0,0.0
149391,346,ERBB4,,2025-12-15,2023-06-02,False,,,,,,,DepMap,,,0.0,0.0
117922,6258,MRGPRX2,,2025-03-20,2023-06-02,False,,,,,,,DepMap,,,0.0,0.0
147677,4188,EGLN1,,2020-10-19,2020-05-07,False,,,,,,,DepMap,,,0.0,0.0
139490,6081,GRIN2B,,2021-11-15,2021-05-05,False,,,,,,,DepMap,,,0.0,0.0
121417,6513,GRM2,,2021-02-16,2020-05-07,False,,,,,,,DepMap,,,0.0,0.0
125773,2553,UOX,,2021-07-16,2021-05-05,False,,,,,,,DepMap,,,0.0,0.0
150616,2720,HSP90AA1,,2023-01-01,2022-05-05,False,,,,,,,DepMap,,,0.0,0.0
145732,2365,IL7R,,2020-09-15,2020-05-07,False,,,,,,,DepMap,,,0.0,0.0
145731,2365,IL7R,,2020-09-15,2020-05-07,False,,,,,,,DepMap,,,0.0,0.0
141735,644,TNF,,2021-06-23,2021-05-05,False,,,,,,,DepMap,,,0.0,0.0
150642,4838,HDAC11,,2025-03-26,2023-06-02,False,,,,,,,DepMap,,,0.0,0.0
150264,3529,FASN,,2025-03-01,2023-06-02,False,,,,,,,DepMap,,,0.0,0.0
150265,3529,FASN,,2025-03-01,2023-06-02,False,,,,,,,DepMap,,,0.0,0.0
150266,3529,FASN,,2025-03-01,2023-06-02,False,,,,,,,DepMap,,,0.0,0.0
150267,3529,FASN,,2025-03-01,2023-06-02,False,,,,,,,DepMap,,,0.0,0.0
119098,4754,CDK9,,2021-12-15,2021-05-05,False,,,,,,,DepMap,,,1.0,1.0
119099,4754,CDK9,,2021-12-15,2021-05-05,False,,,,,,,DepMap,,,1.0,1.0
139133,3709,STING1,,2023-06-28,2023-06-02,False,,,,,,,DepMap,,,0.0,0.0
139225,3709,STING1,,2023-07-07,2023-06-02,False,,,,,,,DepMap,,,0.0,0.0
103861,1432,LAG3,,2022-10-18,2022-05-05,False,,,,,,,DepMap,,,0.0,0.0
120328,211,GLP1R,,2022-02-22,2021-05-05,False,,,,,,,DepMap,,,0.0,0.0
120327,211,GLP1R,,2022-02-22,2021-05-05,False,,,,,,,DepMap,,,0.0,0.0
107225,211,GLP1R,,2023-10-19,2023-06-02,False,,,,,,,DepMap,,,0.0,0.0
107224,211,GLP1R,,2023-10-19,2023-06-02,False,,,,,,,DepMap,,,0.0,0.0
107223,211,GLP1R,,2022-02-22,2021-05-05,False,,,,,,,DepMap,,,0.0,0.0
99999,5619,CALCR,,2024-02-05,2023-06-02,False,,,,,,,DepMap,,,0.0,0.0
99998,5619,CALCR,,2024-02-05,2023-06-02,False,,,,,,,DepMap,,,0.0,0.0
129017,6779,CCR4,,2021-05-18,2021-05-05,False,,,,,,,DepMap,,,0.0,0.0
138674,1454,TREM2,,2023-01-04,2022-05-05,False,,,,,,,DepMap,,,0.0,0.0
101895,1242,IL18,,2024-02-15,2023-06-02,False,,,,,,,DepMap,,,0.0,0.0
101894,1242,IL18,,2024-02-15,2023-06-02,False,,,,,,,DepMap,,,0.0,0.0
122540,366,GABRA2,,2024-12-09,2023-06-02,False,,,,,,,DepMap,,,0.0,0.0
112852,366,GABRA2,,2023-07-03,2023-06-02,False,,,,,,,DepMap,,,0.0,0.0
103859,366,GABRA2,,2025-09-05,2023-06-02,False,,,,,,,DepMap,,,0.0,0.0
104105,5594,GNRHR,,2021-08-10,2021-05-05,False,,,,,,,DepMap,,,0.0,0.0
113219,5619,CALCR,,2024-12-09,2023-06-02,False,,,,,,,DepMap,,,0.0,0.0
105365,1526,RXFP1,,2020-11-17,2020-05-07,False,,,,,,,DepMap,,,0.0,0.0
111321,3305,TGFBR1,,2022-09-09,2022-05-05,False,,,,,,,DepMap,,,0.0,0.0
107209,2866,CAV2,,2022-10-25,2022-05-05,False,,,,,,,DepMap,,,0.0,0.0
107208,2866,CAV2,,2022-10-25,2022-05-05,False,,,,,,,DepMap,,,0.0,0.0
107210,2866,CAV2,,2022-10-25,2022-05-05,False,,,,,,,DepMap,,,0.0,0.0
109631,211,GLP1R,,2024-04-18,2023-06-02,False,,,,,,,DepMap,,,0.0,0.0
136480,51,SERPINH1,,2021-03-17,2020-05-07,False,,,,,,,DepMap,,,0.0,0.0
120825,1245,PPIA,,2023-03-23,2022-05-05,False,,,,,,,DepMap,,,1.0,1.0
113394,4535,CTLA4,,2023-03-27,2022-05-05,False,,,,,,,DepMap,,,0.0,0.0
112929,2458,PIK3CA,,2024-04-02,2023-06-02,False,,,,,,,DepMap,,,0.0,0.0
145175,727,INSR,,2021-03-16,2020-05-07,False,,,,,,,DepMap,,,0.0,0.0
149956,5906,SLC11A2,,2022-04-01,2021-05-05,False,,,,,,,DepMap,,,0.0,0.0
118948,5594,GNRHR,,2023-01-28,2022-05-05,False,,,,,,,DepMap,,,0.0,0.0
128414,1514,TSLP,,2024-07-17,2023-06-02,False,,,,,,,DepMap,,,0.0,0.0
125921,1040,NR3C1,,2023-11-27,2023-06-02,False,,,,,,,DepMap,,,0.0,0.0
141010,16983,TRPC5,,2020-07-28,2020-05-07,False,,,,,,,DepMap,,,0.0,0.0
141014,16983,TRPC5,,2020-07-28,2020-05-07,False,,,,,,,DepMap,,,0.0,0.0
138883,16983,TRPC5,,2020-07-28,2020-05-07,False,,,,,,,DepMap,,,0.0,0.0
138881,16983,TRPC5,,2021-07-27,2021-05-05,False,,,,,,,DepMap,,,0.0,0.0
141011,16983,TRPC5,,2020-07-28,2020-05-07,False,,,,,,,DepMap,,,0.0,0.0
141012,16983,TRPC5,,2020-07-28,2020-05-07,False,,,,,,,DepMap,,,0.0,0.0
138884,16983,TRPC5,,2020-07-28,2020-05-07,False,,,,,,,DepMap,,,0.0,0.0
138882,16983,TRPC5,,2020-07-28,2020-05-07,False,,,,,,,DepMap,,,0.0,0.0
138878,16983,TRPC5,,2020-07-28,2020-05-07,False,,,,,,,DepMap,,,0.0,0.0
141013,16983,TRPC5,,2020-07-28,2020-05-07,False,,,,,,,DepMap,,,0.0,0.0
141015,16983,TRPC5,,2020-07-28,2020-05-07,False,,,,,,,DepMap,,,0.0,0.0
141016,16983,TRPC5,,2020-07-28,2020-05-07,False,,,,,,,DepMap,,,0.0,0.0
138879,16983,TRPC5,,2021-07-27,2021-05-05,False,,,,,,,DepMap,,,0.0,0.0
138880,16983,TRPC5,,2021-07-27,2021-05-05,False,,,,,,,DepMap,,,0.0,0.0
127949,4692,HRH1,,2021-04-20,2020-05-07,False,,,,,,,DepMap,,,0.0,0.0
130887,1040,NR3C1,,2024-06-24,2023-06-02,False,,,,,,,DepMap,,,0.0,0.0
137096,222,VEGFA,,2020-06-11,2020-05-07,False,,,,,,,DepMap,,,0.0,0.0
140933,5792,DGUOK,,2022-03-01,2021-05-05,False,,,,,,,DepMap,,,0.0,0.0
151755,1556,CD274,,2023-10-01,2023-06-02,False,,,,,,,DepMap,,,0.0,0.0
144795,1556,CD274,,2025-07-25,2023-06-02,False,,,,,,,DepMap,,,0.0,0.0
144796,1556,CD274,,2025-07-25,2023-06-02,False,,,,,,,DepMap,,,0.0,0.0
144797,1556,CD274,,2025-07-25,2023-06-02,False,,,,,,,DepMap,,,0.0,0.0
132817,1657,SLC6A4,,2023-06-14,2023-06-02,False,,,,,,,DepMap,,,0.0,0.0
138783,2720,HSP90AA1,,2020-06-30,2020-05-07,False,,,,,,,DepMap,,,0.0,0.0
139234,1142,BDNF,,2025-11-24,2023-06-02,False,,,,,,,DepMap,,,0.0,0.0
141119,4876,BRAF,,2022-04-29,2021-05-05,False,,,,,,,DepMap,,,0.0,0.0
141118,4876,BRAF,,2022-04-29,2021-05-05,False,,,,,,,DepMap,,,0.0,0.0
146576,644,TNF,,2022-01-31,2021-05-05,False,,,,,,,DepMap,,,0.0,0.0
146926,1644,ANPEP,,2020-12-21,2020-05-07,False,,,,,,,DepMap,,,0.0,0.0
146927,1644,ANPEP,,2020-12-21,2020-05-07,False,,,,,,,DepMap,,,0.0,0.0
151221,19044,EHHADH,,2022-07-01,2022-05-05,False,,,,,,,DepMap,,,0.0,0.0
152414,18,PTGS2,,2023-03-01,2022-05-05,False,,,,,,,DepMap,,,0.0,0.0
87556,381,CXCL8,,2020-08-26,2020-05-07,False,,,,,,,DepMap,,,0.0,0.0
87575,72630,S,,2021-03-05,2020-05-07,False,,,,,,,DepMap,,,0.0,0.0
87601,353,F11,,2024-06-27,2023-06-02,False,,,,,,,DepMap,,,0.0,0.0
151590,1040,NR3C1,,2025-06-30,2023-06-02,False,,,,,,,DepMap,,,0.0,0.0
151635,7000,MIR132,,2024-04-30,2023-06-02,False,,,,,,,DepMap,,,0.0,0.0
148506,1635,NOTCH1,,2020-08-14,2020-05-07,False,,,,,,,DepMap,,,0.0,0.0
134412,2554,S100B,,2021-10-15,2021-05-05,False,,,,,,,DepMap,,,0.0,0.0
144226,17847,SIGLEC8,,2022-10-26,2022-05-05,False,,,,,,,DepMap,,,0.0,0.0
120917,17847,SIGLEC8,,2020-06-18,2020-05-07,False,,,,,,,DepMap,,,0.0,0.0
120918,17847,SIGLEC8,,2020-06-18,2020-05-07,False,,,,,,,DepMap,,,0.0,0.0
219893,327,CFTR,,2020-11-10,2020-05-07,False,,,,,,,DepMap,,,0.0,0.0
95715,72630,S,,2022-03-18,2021-05-05,False,,,,,,,DepMap,,,0.0,0.0
139978,290,NOS3,,2022-06-29,2022-05-05,False,,,,,,,DepMap,,,0.0,0.0
139979,290,NOS3,,2022-06-29,2022-05-05,False,,,,,,,DepMap,,,0.0,0.0
106982,290,NOS3,,2020-10-15,2020-05-07,False,,,,,,,DepMap,,,0.0,0.0
139977,290,NOS3,,2022-06-29,2022-05-05,False,,,,,,,DepMap,,,0.0,0.0
141145,1436,CFH,,2020-12-29,2020-05-07,False,,,,,,,DepMap,,,0.0,0.0
135899,5260,IFNAR1,,2021-02-18,2020-05-07,False,,,,,,,DepMap,,,0.0,0.0
151664,3529,FASN,,2025-03-01,2023-06-02,False,,,,,,,DepMap,,,0.0,0.0
151665,3529,FASN,,2025-03-01,2023-06-02,False,,,,,,,DepMap,,,0.0,0.0
95573,159,ATP4A,,2021-09-27,2021-05-05,False,,,,,,,DepMap,,,0.0,0.0
145149,1402,TYMS,,2020-07-29,2020-05-07,False,,,,,,,DepMap,,,0.0,0.0
142033,1402,TYMS,,2021-12-22,2021-05-05,False,,,,,,,DepMap,,,0.0,0.0
145148,1402,TYMS,,2020-07-29,2020-05-07,False,,,,,,,DepMap,,,0.0,0.0
145150,1402,TYMS,,2020-07-29,2020-05-07,False,,,,,,,DepMap,,,0.0,0.0
115411,353,F11,,2020-06-15,2020-05-07,False,,,,,,,DepMap,,,0.0,0.0
97581,353,F11,,2020-06-17,2020-05-07,False,,,,,,,DepMap,,,0.0,0.0
97607,3591,PVR,,2020-11-17,2020-05-07,False,,,,,,,DepMap,,,0.0,0.0
99568,2293,CHRM3,,2022-04-28,2021-05-05,False,,,,,,,DepMap,,,0.0,0.0
99567,2293,CHRM3,,2022-04-28,2021-05-05,False,,,,,,,DepMap,,,0.0,0.0
101142,1432,LAG3,,2021-11-10,2021-05-05,False,,,,,,,DepMap,,,0.0,0.0
132237,1432,LAG3,,2023-09-29,2023-06-02,False,,,,,,,DepMap,,,0.0,0.0
132238,1432,LAG3,,2023-09-29,2023-06-02,False,,,,,,,DepMap,,,0.0,0.0
132239,1432,LAG3,,2023-09-29,2023-06-02,False,,,,,,,DepMap,,,0.0,0.0
132395,1242,IL18,,2020-06-11,2020-05-07,False,,,,,,,DepMap,,,0.0,0.0
138298,1402,TYMS,,2020-08-12,2020-05-07,False,,,,,,,DepMap,,,0.0,0.0
102988,84,ADRB1,,2023-02-13,2022-05-05,False,,,,,,,DepMap,,,0.0,0.0
124952,1526,RXFP1,,2023-04-24,2022-05-05,False,,,,,,,DepMap,,,0.0,0.0
105551,3467,CD9,,2021-11-29,2021-05-05,False,,,,,,,DepMap,,,0.0,0.0
105921,3453,THRB,,2024-04-01,2023-06-02,False,,,,,,,DepMap,,,0.0,0.0
105920,3453,THRB,,2024-04-01,2023-06-02,False,,,,,,,DepMap,,,0.0,0.0
105919,3453,THRB,,2024-04-01,2023-06-02,False,,,,,,,DepMap,,,0.0,0.0
105922,3453,THRB,,2024-04-01,2023-06-02,False,,,,,,,DepMap,,,0.0,0.0
152093,4465,CSF1R,,2023-03-01,2022-05-05,False,,,,,,,DepMap,,,0.0,0.0
110823,3571,NR1H4,,2020-08-10,2020-05-07,False,,,,,,,DepMap,,,0.0,0.0
113521,5906,SLC11A2,,2021-11-03,2021-05-05,False,,,,,,,DepMap,,,0.0,0.0
113522,5906,SLC11A2,,2021-11-03,2021-05-05,False,,,,,,,DepMap,,,0.0,0.0
113710,718,CNR1,,2020-12-21,2020-05-07,False,,,,,,,DepMap,,,0.0,0.0
117399,1514,TSLP,,2025-01-30,2023-06-02,False,,,,,,,DepMap,,,0.0,0.0
128784,1514,TSLP,,2023-10-16,2023-06-02,False,,,,,,,DepMap,,,0.0,0.0
139921,18470,BTLA,,2022-03-07,2021-05-05,False,,,,,,,DepMap,,,0.0,0.0
138245,6513,GRM2,,2021-05-20,2021-05-05,False,,,,,,,DepMap,,,0.0,0.0
121878,2553,UOX,,2020-09-02,2020-05-07,False,,,,,,,DepMap,,,0.0,0.0
121879,2553,UOX,,2021-04-21,2020-05-07,False,,,,,,,DepMap,,,0.0,0.0
123032,2268,HSD11B1,,2023-02-15,2022-05-05,False,,,,,,,DepMap,,,0.0,0.0
139893,362,GABRA5,,2022-12-16,2022-05-05,False,,,,,,,DepMap,,,0.0,0.0
152125,2293,CHRM3,,2022-04-01,2021-05-05,False,,,,,,,DepMap,,,0.0,0.0
142123,2496,CCL17,,2023-09-13,2023-06-02,False,,,,,,,DepMap,,,0.0,0.0
150393,891,TLR5,,2022-03-01,2021-05-05,False,,,,,,,DepMap,,,0.0,0.0
145817,644,TNF,,2021-09-09,2021-05-05,False,,,,,,,DepMap,,,0.0,0.0
